Id,DateHour,AvgHeartRate,MinHeartRate,MaxHeartRate,HeartRateReadings,Hour,Date
2022484408,2016-04-12 07:00:00,83.2,52,108,265,7,2016-04-12
2022484408,2016-04-12 08:00:00,68.56200527704486,54,112,379,8,2016-04-12
2022484408,2016-04-12 09:00:00,66.40469973890339,55,105,383,9,2016-04-12
2022484408,2016-04-12 10:00:00,106.7160751565762,60,134,479,10,2016-04-12
2022484408,2016-04-12 11:00:00,67.7671568627451,55,90,408,11,2016-04-12
2022484408,2016-04-12 12:00:00,66.23056994818653,56,89,386,12,2016-04-12
2022484408,2016-04-12 13:00:00,83.6875,60,112,208,13,2016-04-12
2022484408,2016-04-12 14:00:00,80.57709251101322,59,107,454,14,2016-04-12
2022484408,2016-04-12 15:00:00,68.32692307692308,59,112,364,15,2016-04-12
2022484408,2016-04-12 16:00:00,71.02163461538461,54,105,416,16,2016-04-12
2022484408,2016-04-12 17:00:00,69.94103773584905,55,98,424,17,2016-04-12
2022484408,2016-04-12 18:00:00,76.37301587301587,59,97,378,18,2016-04-12
2022484408,2016-04-12 19:00:00,74.87328767123287,66,90,292,19,2016-04-12
2022484408,2016-04-13 07:00:00,79.2042042042042,54,119,333,7,2016-04-13
2022484408,2016-04-13 08:00:00,75.77358490566037,56,104,424,8,2016-04-13
2022484408,2016-04-13 09:00:00,117.64,74,156,475,9,2016-04-13
2022484408,2016-04-13 10:00:00,68.73019801980197,56,84,404,10,2016-04-13
2022484408,2016-04-13 11:00:00,72.49891067538127,51,94,459,11,2016-04-13
2022484408,2016-04-13 12:00:00,81.17553191489361,61,112,376,12,2016-04-13
2022484408,2016-04-13 13:00:00,70.07356948228883,57,89,367,13,2016-04-13
2022484408,2016-04-13 14:00:00,86.69375,54,118,480,14,2016-04-13
2022484408,2016-04-13 15:00:00,71.86440677966101,53,99,413,15,2016-04-13
2022484408,2016-04-13 16:00:00,71.29262086513995,55,110,393,16,2016-04-13
2022484408,2016-04-13 17:00:00,74.21004566210046,57,96,438,17,2016-04-13
2022484408,2016-04-13 18:00:00,85.96305418719211,68,120,406,18,2016-04-13
2022484408,2016-04-13 19:00:00,82.35989010989012,67,110,364,19,2016-04-13
2022484408,2016-04-14 07:00:00,88.35714285714286,79,103,98,7,2016-04-14
2022484408,2016-04-14 08:00:00,71.19,54,102,400,8,2016-04-14
2022484408,2016-04-14 09:00:00,69.14936708860759,56,101,395,9,2016-04-14
2022484408,2016-04-14 10:00:00,63.81348314606742,52,87,445,10,2016-04-14
2022484408,2016-04-14 11:00:00,66.47607052896726,54,92,397,11,2016-04-14
2022484408,2016-04-14 12:00:00,71.76335877862596,63,80,393,12,2016-04-14
2022484408,2016-04-14 13:00:00,70.0453514739229,59,99,441,13,2016-04-14
2022484408,2016-04-14 14:00:00,87.07664233576642,65,118,548,14,2016-04-14
2022484408,2016-04-14 15:00:00,63.88585607940447,50,94,403,15,2016-04-14
2022484408,2016-04-14 16:00:00,68.62557077625571,52,101,438,16,2016-04-14
2022484408,2016-04-14 17:00:00,69.42070484581498,54,101,454,17,2016-04-14
2022484408,2016-04-14 18:00:00,87.49402390438247,53,127,502,18,2016-04-14
2022484408,2016-04-14 19:00:00,71.14975845410628,55,104,414,19,2016-04-14
2022484408,2016-04-14 20:00:00,73.56896551724138,59,88,232,20,2016-04-14
2022484408,2016-04-15 07:00:00,90.75,68,121,176,7,2016-04-15
2022484408,2016-04-15 08:00:00,73.3059866962306,56,99,451,8,2016-04-15
2022484408,2016-04-15 09:00:00,117.06666666666666,74,189,525,9,2016-04-15
2022484408,2016-04-15 10:00:00,83.41208791208791,61,116,364,10,2016-04-15
2022484408,2016-04-15 11:00:00,76.58291457286433,59,98,398,11,2016-04-15
2022484408,2016-04-15 12:00:00,70.08505154639175,62,88,388,12,2016-04-15
2022484408,2016-04-15 13:00:00,83.25965665236052,63,106,466,13,2016-04-15
2022484408,2016-04-15 14:00:00,81.59070796460178,61,116,452,14,2016-04-15
2022484408,2016-04-15 15:00:00,72.50605326876513,59,99,413,15,2016-04-15
2022484408,2016-04-15 16:00:00,79.5375,56,112,480,16,2016-04-15
2022484408,2016-04-15 17:00:00,72.48351648351648,58,111,455,17,2016-04-15
2022484408,2016-04-15 18:00:00,67.59772727272727,53,93,440,18,2016-04-15
2022484408,2016-04-15 19:00:00,72.88095238095238,55,94,294,19,2016-04-15
2022484408,2016-04-16 07:00:00,94.06818181818181,73,107,44,7,2016-04-16
2022484408,2016-04-16 08:00:00,90.69594594594595,70,123,148,8,2016-04-16
2022484408,2016-04-16 09:00:00,102.17817371937639,59,136,449,9,2016-04-16
2022484408,2016-04-16 10:00:00,68.12866817155756,53,112,443,10,2016-04-16
2022484408,2016-04-16 11:00:00,67.9125,55,94,400,11,2016-04-16
2022484408,2016-04-16 12:00:00,67.34345794392523,49,98,428,12,2016-04-16
2022484408,2016-04-16 13:00:00,75.98297872340426,59,107,470,13,2016-04-16
2022484408,2016-04-16 14:00:00,71.60090702947846,55,105,441,14,2016-04-16
2022484408,2016-04-16 15:00:00,68.18910256410257,53,86,312,15,2016-04-16
2022484408,2016-04-16 16:00:00,70.0,70,70,4,16,2016-04-16
2022484408,2016-04-16 20:00:00,73.0,73,73,2,20,2016-04-16
2022484408,2016-04-16 21:00:00,73.0,73,73,2,21,2016-04-16
2022484408,2016-04-17 08:00:00,76.59866220735786,53,99,299,8,2016-04-17
2022484408,2016-04-17 09:00:00,113.82774049217002,66,161,447,9,2016-04-17
2022484408,2016-04-17 10:00:00,98.51877934272301,73,116,426,10,2016-04-17
2022484408,2016-04-17 11:00:00,91.045,72,108,400,11,2016-04-17
2022484408,2016-04-17 12:00:00,72.33096085409252,60,84,281,12,2016-04-17
2022484408,2016-04-17 13:00:00,78.376,67,101,250,13,2016-04-17
2022484408,2016-04-17 14:00:00,84.7992277992278,61,111,518,14,2016-04-17
2022484408,2016-04-17 15:00:00,77.38758029978587,57,104,467,15,2016-04-17
2022484408,2016-04-17 16:00:00,75.92477876106194,52,110,452,16,2016-04-17
2022484408,2016-04-17 17:00:00,80.27743271221532,54,114,483,17,2016-04-17
2022484408,2016-04-17 18:00:00,78.79434447300771,61,105,389,18,2016-04-17
2022484408,2016-04-17 19:00:00,73.10144927536231,64,93,345,19,2016-04-17
2022484408,2016-04-17 20:00:00,73.83769633507853,68,81,191,20,2016-04-17
2022484408,2016-04-18 06:00:00,71.1,54,99,110,6,2016-04-18
2022484408,2016-04-18 07:00:00,86.17073170731707,56,118,410,7,2016-04-18
2022484408,2016-04-18 08:00:00,79.35585585585585,55,107,444,8,2016-04-18
2022484408,2016-04-18 09:00:00,126.82857142857142,54,153,525,9,2016-04-18
2022484408,2016-04-18 10:00:00,83.54133333333333,69,107,375,10,2016-04-18
2022484408,2016-04-18 11:00:00,73.97534246575343,67,88,365,11,2016-04-18
2022484408,2016-04-18 12:00:00,69.14446952595937,57,96,443,12,2016-04-18
2022484408,2016-04-18 13:00:00,70.84705882352941,58,103,425,13,2016-04-18
2022484408,2016-04-18 14:00:00,87.60130718954248,63,114,459,14,2016-04-18
2022484408,2016-04-18 15:00:00,74.6578313253012,58,98,415,15,2016-04-18
2022484408,2016-04-18 16:00:00,84.82758620689656,69,113,203,16,2016-04-18
2022484408,2016-04-18 17:00:00,78.9475,58,114,400,17,2016-04-18
2022484408,2016-04-18 18:00:00,77.3855140186916,55,100,428,18,2016-04-18
2022484408,2016-04-18 19:00:00,79.4582338902148,65,98,419,19,2016-04-18
2022484408,2016-04-18 20:00:00,70.45833333333333,62,82,168,20,2016-04-18
2022484408,2016-04-19 09:00:00,73.93366093366093,54,104,407,9,2016-04-19
2022484408,2016-04-19 10:00:00,70.27464788732394,56,105,426,10,2016-04-19
2022484408,2016-04-19 11:00:00,71.41435185185185,56,106,432,11,2016-04-19
2022484408,2016-04-19 12:00:00,70.66743119266054,54,101,436,12,2016-04-19
2022484408,2016-04-19 13:00:00,78.53140096618357,65,110,414,13,2016-04-19
2022484408,2016-04-19 14:00:00,90.26697892271663,61,113,427,14,2016-04-19
2022484408,2016-04-19 15:00:00,81.92688679245283,63,110,424,15,2016-04-19
2022484408,2016-04-19 16:00:00,116.32511210762331,66,162,446,16,2016-04-19
2022484408,2016-04-19 17:00:00,81.1036866359447,70,101,434,17,2016-04-19
2022484408,2016-04-19 18:00:00,84.5880829015544,70,104,386,18,2016-04-19
2022484408,2016-04-19 19:00:00,80.51865671641791,70,98,268,19,2016-04-19
2022484408,2016-04-20 06:00:00,67.59193954659949,56,81,397,6,2016-04-20
2022484408,2016-04-20 07:00:00,79.43979057591623,56,116,382,7,2016-04-20
2022484408,2016-04-20 08:00:00,77.13852813852814,57,109,462,8,2016-04-20
2022484408,2016-04-20 09:00:00,125.5378486055777,72,166,502,9,2016-04-20
2022484408,2016-04-20 10:00:00,69.58793969849246,50,87,398,10,2016-04-20
2022484408,2016-04-20 11:00:00,72.90076335877863,56,96,393,11,2016-04-20
2022484408,2016-04-20 12:00:00,90.84422110552764,62,116,398,12,2016-04-20
2022484408,2016-04-20 13:00:00,77.98670212765957,62,112,376,13,2016-04-20
2022484408,2016-04-20 14:00:00,94.16099773242631,54,119,441,14,2016-04-20
2022484408,2016-04-20 15:00:00,83.98214285714286,58,106,448,15,2016-04-20
2022484408,2016-04-20 16:00:00,79.79069767441861,59,116,430,16,2016-04-20
2022484408,2016-04-20 17:00:00,79.88366336633663,63,108,404,17,2016-04-20
2022484408,2016-04-20 18:00:00,85.1820652173913,72,109,368,18,2016-04-20
2022484408,2016-04-20 19:00:00,75.60697674418604,64,99,430,19,2016-04-20
2022484408,2016-04-20 20:00:00,79.37914691943128,59,98,211,20,2016-04-20
2022484408,2016-04-21 07:00:00,85.89606741573034,57,103,356,7,2016-04-21
2022484408,2016-04-21 08:00:00,63.112531969309465,54,107,391,8,2016-04-21
2022484408,2016-04-21 09:00:00,66.43273542600897,53,105,446,9,2016-04-21
2022484408,2016-04-21 10:00:00,106.09787234042552,63,150,470,10,2016-04-21
2022484408,2016-04-21 11:00:00,93.23762376237623,65,128,505,11,2016-04-21
2022484408,2016-04-21 12:00:00,94.90300230946882,66,126,433,12,2016-04-21
2022484408,2016-04-21 13:00:00,77.68219178082192,68,102,365,13,2016-04-21
2022484408,2016-04-21 14:00:00,100.81975308641975,73,121,405,14,2016-04-21
2022484408,2016-04-21 15:00:00,84.25238095238095,63,125,420,15,2016-04-21
2022484408,2016-04-21 16:00:00,107.51704545454545,66,203,352,16,2016-04-21
2022484408,2016-04-21 17:00:00,93.76616915422886,61,203,402,17,2016-04-21
2022484408,2016-04-21 18:00:00,76.94239631336406,59,102,434,18,2016-04-21
2022484408,2016-04-21 19:00:00,75.21234567901234,64,91,405,19,2016-04-21
2022484408,2016-04-21 20:00:00,74.9423076923077,61,98,156,20,2016-04-21
2022484408,2016-04-21 21:00:00,68.0,68,68,2,21,2016-04-21
2022484408,2016-04-21 22:00:00,70.0,70,70,2,22,2016-04-21
2022484408,2016-04-22 06:00:00,66.38034188034187,57,117,234,6,2016-04-22
2022484408,2016-04-22 07:00:00,83.97689768976898,57,118,303,7,2016-04-22
2022484408,2016-04-22 08:00:00,72.85353535353535,57,104,396,8,2016-04-22
2022484408,2016-04-22 09:00:00,119.51771653543307,62,153,508,9,2016-04-22
2022484408,2016-04-22 10:00:00,91.41193181818181,66,137,352,10,2016-04-22
2022484408,2016-04-22 11:00:00,74.75620767494357,54,113,443,11,2016-04-22
2022484408,2016-04-22 12:00:00,80.60545905707195,64,105,403,12,2016-04-22
2022484408,2016-04-22 13:00:00,87.3068783068783,71,111,378,13,2016-04-22
2022484408,2016-04-22 14:00:00,86.59164733178655,64,101,431,14,2016-04-22
2022484408,2016-04-22 15:00:00,70.0971128608924,56,94,381,15,2016-04-22
2022484408,2016-04-22 16:00:00,65.6436170212766,53,77,376,16,2016-04-22
2022484408,2016-04-22 17:00:00,61.73298429319372,52,81,382,17,2016-04-22
2022484408,2016-04-22 18:00:00,67.55853658536586,54,89,410,18,2016-04-22
2022484408,2016-04-22 19:00:00,79.40767386091127,58,102,417,19,2016-04-22
2022484408,2016-04-22 20:00:00,77.29729729729729,67,108,222,20,2016-04-22
2022484408,2016-04-23 12:00:00,70.56923076923077,52,93,195,12,2016-04-23
2022484408,2016-04-23 13:00:00,79.953125,52,107,448,13,2016-04-23
2022484408,2016-04-23 14:00:00,66.75555555555556,50,93,405,14,2016-04-23
2022484408,2016-04-23 15:00:00,74.01492537313433,50,103,402,15,2016-04-23
2022484408,2016-04-23 16:00:00,72.42051282051283,54,104,390,16,2016-04-23
2022484408,2016-04-23 17:00:00,75.751269035533,64,95,394,17,2016-04-23
2022484408,2016-04-23 18:00:00,74.67647058823529,58,101,408,18,2016-04-23
2022484408,2016-04-23 19:00:00,71.58651685393258,53,109,445,19,2016-04-23
2022484408,2016-04-23 20:00:00,67.97926267281106,56,87,434,20,2016-04-23
2022484408,2016-04-23 21:00:00,65.7917737789203,54,86,389,21,2016-04-23
2022484408,2016-04-23 22:00:00,66.84701492537313,57,80,268,22,2016-04-23
2022484408,2016-04-24 08:00:00,107.7452229299363,58,158,314,8,2016-04-24
2022484408,2016-04-24 09:00:00,109.03299492385787,70,163,394,9,2016-04-24
2022484408,2016-04-24 10:00:00,78.16716417910447,63,100,335,10,2016-04-24
2022484408,2016-04-24 11:00:00,76.36312849162012,62,106,358,11,2016-04-24
2022484408,2016-04-24 12:00:00,74.43170731707318,59,115,410,12,2016-04-24
2022484408,2016-04-24 13:00:00,86.04081632653062,67,113,392,13,2016-04-24
2022484408,2016-04-24 14:00:00,74.44334975369458,60,95,406,14,2016-04-24
2022484408,2016-04-24 15:00:00,82.25941422594143,59,112,478,15,2016-04-24
2022484408,2016-04-24 16:00:00,68.89722222222223,63,78,360,16,2016-04-24
2022484408,2016-04-24 17:00:00,73.65454545454546,56,104,330,17,2016-04-24
2022484408,2016-04-24 18:00:00,77.82994923857868,53,106,394,18,2016-04-24
2022484408,2016-04-24 19:00:00,81.65625,70,83,32,19,2016-04-24
2022484408,2016-04-24 20:00:00,70.0,70,70,6,20,2016-04-24
2022484408,2016-04-25 07:00:00,83.75229357798165,68,113,218,7,2016-04-25
2022484408,2016-04-25 08:00:00,70.91469194312796,53,95,422,8,2016-04-25
2022484408,2016-04-25 09:00:00,128.6918604651163,82,159,516,9,2016-04-25
2022484408,2016-04-25 10:00:00,79.48333333333333,68,100,120,10,2016-04-25
2022484408,2016-04-25 13:00:00,106.22222222222223,90,115,36,13,2016-04-25
2022484408,2016-04-25 14:00:00,86.10546139359698,62,108,531,14,2016-04-25
2022484408,2016-04-25 15:00:00,66.87660668380462,53,92,389,15,2016-04-25
2022484408,2016-04-25 16:00:00,68.69431279620854,49,96,422,16,2016-04-25
2022484408,2016-04-25 17:00:00,69.18453865336659,53,92,401,17,2016-04-25
2022484408,2016-04-25 18:00:00,72.80346820809248,57,92,346,18,2016-04-25
2022484408,2016-04-25 19:00:00,80.20360824742268,53,105,388,19,2016-04-25
2022484408,2016-04-25 20:00:00,93.0,91,97,23,20,2016-04-25
2022484408,2016-04-26 07:00:00,75.23863636363636,58,100,352,7,2016-04-26
2022484408,2016-04-26 08:00:00,60.51989389920424,51,80,377,8,2016-04-26
2022484408,2016-04-26 09:00:00,77.6392694063927,54,112,438,9,2016-04-26
2022484408,2016-04-26 10:00:00,127.44050104384134,96,154,479,10,2016-04-26
2022484408,2016-04-26 11:00:00,98.72354211663067,67,146,463,11,2016-04-26
2022484408,2016-04-26 12:00:00,88.99292452830188,64,108,424,12,2016-04-26
2022484408,2016-04-26 13:00:00,76.2076677316294,68,89,313,13,2016-04-26
2022484408,2016-04-26 14:00:00,84.03579952267303,63,118,419,14,2016-04-26
2022484408,2016-04-26 15:00:00,84.92307692307692,61,114,377,15,2016-04-26
2022484408,2016-04-26 16:00:00,75.735,57,111,400,16,2016-04-26
2022484408,2016-04-26 17:00:00,73.18656716417911,56,104,402,17,2016-04-26
2022484408,2016-04-26 18:00:00,77.9234693877551,62,92,392,18,2016-04-26
2022484408,2016-04-26 19:00:00,77.85084745762713,60,98,590,19,2016-04-26
2022484408,2016-04-26 20:00:00,63.3,54,74,160,20,2016-04-26
2022484408,2016-04-27 09:00:00,91.21933085501858,59,145,538,9,2016-04-27
2022484408,2016-04-27 10:00:00,89.6117381489842,67,112,443,10,2016-04-27
2022484408,2016-04-27 11:00:00,63.51036269430052,51,87,386,11,2016-04-27
2022484408,2016-04-27 12:00:00,75.8177570093458,56,105,428,12,2016-04-27
2022484408,2016-04-27 13:00:00,81.77634961439588,38,111,389,13,2016-04-27
2022484408,2016-04-27 14:00:00,89.7323600973236,68,112,411,14,2016-04-27
2022484408,2016-04-27 15:00:00,69.6039119804401,57,107,409,15,2016-04-27
2022484408,2016-04-27 16:00:00,74.67464114832536,61,96,418,16,2016-04-27
2022484408,2016-04-27 17:00:00,72.47247706422019,54,101,436,17,2016-04-27
2022484408,2016-04-27 18:00:00,94.64354066985646,55,115,418,18,2016-04-27
2022484408,2016-04-27 19:00:00,85.22981366459628,73,124,161,19,2016-04-27
2022484408,2016-04-27 20:00:00,70.0,70,70,4,20,2016-04-27
2022484408,2016-04-28 07:00:00,73.97916666666667,56,96,192,7,2016-04-28
2022484408,2016-04-28 08:00:00,77.02669404517454,54,98,487,8,2016-04-28
2022484408,2016-04-28 09:00:00,67.86301369863014,51,88,438,9,2016-04-28
2022484408,2016-04-28 10:00:00,70.20210526315789,52,103,475,10,2016-04-28
2022484408,2016-04-28 11:00:00,69.91331923890064,55,88,473,11,2016-04-28
2022484408,2016-04-28 12:00:00,81.72127659574468,55,114,470,12,2016-04-28
2022484408,2016-04-28 13:00:00,64.86792452830188,55,80,371,13,2016-04-28
2022484408,2016-04-28 14:00:00,78.83054393305439,56,105,478,14,2016-04-28
2022484408,2016-04-28 15:00:00,64.78516624040921,54,84,391,15,2016-04-28
2022484408,2016-04-28 16:00:00,68.33558558558559,52,95,444,16,2016-04-28
2022484408,2016-04-28 17:00:00,67.87844036697248,54,92,436,17,2016-04-28
2022484408,2016-04-28 18:00:00,68.34146341463415,57,82,410,18,2016-04-28
2022484408,2016-04-28 19:00:00,68.27945205479452,60,84,365,19,2016-04-28
2022484408,2016-04-28 20:00:00,76.38931297709924,67,88,131,20,2016-04-28
2022484408,2016-04-29 08:00:00,67.1746835443038,51,102,395,8,2016-04-29
2022484408,2016-04-29 09:00:00,108.40319361277444,65,134,501,9,2016-04-29
2022484408,2016-04-29 10:00:00,89.6207627118644,69,108,472,10,2016-04-29
2022484408,2016-04-29 11:00:00,84.25982532751091,70,105,458,11,2016-04-29
2022484408,2016-04-29 12:00:00,87.41641337386018,69,115,329,12,2016-04-29
2022484408,2016-04-29 13:00:00,91.14390243902439,72,115,410,13,2016-04-29
2022484408,2016-04-29 14:00:00,96.1,67,117,420,14,2016-04-29
2022484408,2016-04-29 15:00:00,67.16071428571429,52,107,392,15,2016-04-29
2022484408,2016-04-29 16:00:00,69.50585480093677,50,103,427,16,2016-04-29
2022484408,2016-04-29 17:00:00,72.7116883116883,55,92,385,17,2016-04-29
2022484408,2016-04-29 18:00:00,76.26086956521739,64,106,368,18,2016-04-29
2022484408,2016-04-29 19:00:00,82.76363636363637,65,118,275,19,2016-04-29
2022484408,2016-04-30 06:00:00,81.93137254901961,64,95,102,6,2016-04-30
2022484408,2016-04-30 07:00:00,64.78036175710594,51,91,387,7,2016-04-30
2022484408,2016-04-30 08:00:00,67.18591549295775,60,77,355,8,2016-04-30
2022484408,2016-04-30 09:00:00,66.92917847025495,58,76,353,9,2016-04-30
2022484408,2016-04-30 10:00:00,82.19527896995709,62,104,466,10,2016-04-30
2022484408,2016-04-30 11:00:00,73.37259615384616,52,102,416,11,2016-04-30
2022484408,2016-04-30 12:00:00,79.22121896162528,58,107,443,12,2016-04-30
2022484408,2016-04-30 13:00:00,85.05882352941177,67,103,476,13,2016-04-30
2022484408,2016-04-30 14:00:00,81.80361173814899,62,110,443,14,2016-04-30
2022484408,2016-04-30 15:00:00,77.92916666666666,60,105,480,15,2016-04-30
2022484408,2016-04-30 16:00:00,90.18108651911469,62,121,497,16,2016-04-30
2022484408,2016-04-30 17:00:00,77.03174603174604,58,114,378,17,2016-04-30
2022484408,2016-04-30 18:00:00,85.29951690821257,58,123,207,18,2016-04-30
2022484408,2016-04-30 19:00:00,71.53846153846153,59,94,429,19,2016-04-30
2022484408,2016-04-30 20:00:00,77.45833333333333,65,88,48,20,2016-04-30
2022484408,2016-04-30 21:00:00,79.0,79,79,6,21,2016-04-30
2022484408,2016-05-01 06:00:00,77.27319587628865,64,102,194,6,2016-05-01
2022484408,2016-05-01 07:00:00,71.95522388059702,58,95,335,7,2016-05-01
2022484408,2016-05-01 08:00:00,64.86246418338109,58,74,349,8,2016-05-01
2022484408,2016-05-01 09:00:00,62.391644908616186,51,94,383,9,2016-05-01
2022484408,2016-05-01 10:00:00,98.6925,63,118,400,10,2016-05-01
2022484408,2016-05-01 11:00:00,65.6078431372549,45,110,357,11,2016-05-01
2022484408,2016-05-01 12:00:00,61.0757180156658,44,86,383,12,2016-05-01
2022484408,2016-05-01 13:00:00,61.28440366972477,49,76,109,13,2016-05-01
2022484408,2016-05-01 14:00:00,71.01162790697674,55,112,172,14,2016-05-01
2022484408,2016-05-01 15:00:00,72.1820580474934,47,113,379,15,2016-05-01
2022484408,2016-05-01 16:00:00,67.26795580110497,47,99,362,16,2016-05-01
2022484408,2016-05-01 17:00:00,76.74447174447174,50,99,407,17,2016-05-01
2022484408,2016-05-01 18:00:00,77.5325,65,100,400,18,2016-05-01
2022484408,2016-05-01 19:00:00,98.4047619047619,80,114,252,19,2016-05-01
2022484408,2016-05-02 07:00:00,72.07977207977208,56,110,351,7,2016-05-02
2022484408,2016-05-02 08:00:00,69.89779005524862,59,99,362,8,2016-05-02
2022484408,2016-05-02 09:00:00,85.61894736842105,54,118,475,9,2016-05-02
2022484408,2016-05-02 10:00:00,86.41176470588235,65,122,493,10,2016-05-02
2022484408,2016-05-02 11:00:00,65.22413793103448,52,91,406,11,2016-05-02
2022484408,2016-05-02 12:00:00,78.31050228310502,57,103,438,12,2016-05-02
2022484408,2016-05-02 13:00:00,82.5187165775401,64,137,374,13,2016-05-02
2022484408,2016-05-02 14:00:00,100.95394736842105,66,120,456,14,2016-05-02
2022484408,2016-05-02 15:00:00,70.18157181571816,55,88,369,15,2016-05-02
2022484408,2016-05-02 16:00:00,74.2027972027972,53,96,429,16,2016-05-02
2022484408,2016-05-02 17:00:00,74.09228039041703,50,115,1127,17,2016-05-02
2022484408,2016-05-02 18:00:00,76.80362929358392,56,113,1543,18,2016-05-02
2022484408,2016-05-02 19:00:00,72.38042381432896,51,136,991,19,2016-05-02
2022484408,2016-05-03 07:00:00,100.26666666666667,92,109,75,7,2016-05-03
2022484408,2016-05-03 08:00:00,72.31920199501246,53,116,401,8,2016-05-03
2022484408,2016-05-03 09:00:00,65.89821882951654,51,88,393,9,2016-05-03
2022484408,2016-05-03 10:00:00,113.40280561122245,75,147,499,10,2016-05-03
2022484408,2016-05-03 11:00:00,80.57201646090535,63,116,486,11,2016-05-03
2022484408,2016-05-03 12:00:00,77.64303797468355,56,104,395,12,2016-05-03
2022484408,2016-05-03 13:00:00,77.28947368421052,65,109,380,13,2016-05-03
2022484408,2016-05-03 14:00:00,96.61570247933884,65,169,484,14,2016-05-03
2022484408,2016-05-03 15:00:00,80.32992327365729,65,121,391,15,2016-05-03
2022484408,2016-05-03 16:00:00,97.87878787878788,64,134,462,16,2016-05-03
2022484408,2016-05-03 17:00:00,75.75105485232068,60,104,474,17,2016-05-03
2022484408,2016-05-03 18:00:00,74.34729064039409,56,87,406,18,2016-05-03
2022484408,2016-05-03 19:00:00,77.49468085106383,68,102,376,19,2016-05-03
2022484408,2016-05-03 20:00:00,77.05626598465473,60,103,391,20,2016-05-03
2022484408,2016-05-03 21:00:00,72.88421052631578,66,80,95,21,2016-05-03
2022484408,2016-05-04 06:00:00,75.55357142857143,62,84,56,6,2016-05-04
2022484408,2016-05-04 07:00:00,79.11609498680738,66,110,379,7,2016-05-04
2022484408,2016-05-04 08:00:00,73.70923913043478,61,100,368,8,2016-05-04
2022484408,2016-05-04 09:00:00,96.5503355704698,69,159,447,9,2016-05-04
2022484408,2016-05-04 10:00:00,97.54229934924078,71,123,461,10,2016-05-04
2022484408,2016-05-04 11:00:00,81.71017699115045,64,108,452,11,2016-05-04
2022484408,2016-05-04 12:00:00,80.79639175257732,61,110,388,12,2016-05-04
2022484408,2016-05-04 13:00:00,80.6269035532995,61,103,394,13,2016-05-04
2022484408,2016-05-04 14:00:00,101.38333333333334,68,145,480,14,2016-05-04
2022484408,2016-05-04 15:00:00,78.24276169265033,67,100,449,15,2016-05-04
2022484408,2016-05-04 16:00:00,81.79647577092511,64,113,1135,16,2016-05-04
2022484408,2016-05-04 17:00:00,72.375,57,94,240,17,2016-05-04
2022484408,2016-05-04 18:00:00,73.009324009324,54,101,429,18,2016-05-04
2022484408,2016-05-04 19:00:00,75.47208121827411,55,115,394,19,2016-05-04
2022484408,2016-05-04 20:00:00,71.07843137254902,54,98,153,20,2016-05-04
2022484408,2016-05-05 08:00:00,82.71098265895954,63,115,173,8,2016-05-05
2022484408,2016-05-05 09:00:00,87.1611650485437,64,128,515,9,2016-05-05
2022484408,2016-05-05 10:00:00,109.10650887573965,68,156,507,10,2016-05-05
2022484408,2016-05-05 11:00:00,79.99086757990868,65,97,438,11,2016-05-05
2022484408,2016-05-05 12:00:00,74.71875,61,95,448,12,2016-05-05
2022484408,2016-05-05 13:00:00,66.48984771573605,55,87,394,13,2016-05-05
2022484408,2016-05-05 14:00:00,86.06420233463035,61,111,514,14,2016-05-05
2022484408,2016-05-05 15:00:00,87.50714285714285,62,114,420,15,2016-05-05
2022484408,2016-05-05 16:00:00,78.63853211009175,58,103,545,16,2016-05-05
2022484408,2016-05-05 17:00:00,78.15530303030303,64,98,528,17,2016-05-05
2022484408,2016-05-05 18:00:00,77.05348346235046,64,104,1421,18,2016-05-05
2022484408,2016-05-05 19:00:00,70.9234608985025,62,93,601,19,2016-05-05
2022484408,2016-05-05 20:00:00,74.5265306122449,59,90,245,20,2016-05-05
2022484408,2016-05-06 09:00:00,85.51739130434783,69,118,460,9,2016-05-06
2022484408,2016-05-06 10:00:00,88.05719921104536,66,111,507,10,2016-05-06
2022484408,2016-05-06 11:00:00,88.592,67,116,500,11,2016-05-06
2022484408,2016-05-06 12:00:00,75.87531806615776,62,98,393,12,2016-05-06
2022484408,2016-05-06 13:00:00,85.85669781931465,65,101,321,13,2016-05-06
2022484408,2016-05-06 14:00:00,95.05773672055427,67,113,433,14,2016-05-06
2022484408,2016-05-06 15:00:00,76.28927680798004,61,100,401,15,2016-05-06
2022484408,2016-05-06 16:00:00,76.8875305623472,65,102,409,16,2016-05-06
2022484408,2016-05-06 17:00:00,71.60846560846561,60,91,378,17,2016-05-06
2022484408,2016-05-06 18:00:00,73.12439024390244,61,91,410,18,2016-05-06
2022484408,2016-05-06 19:00:00,71.45714285714286,62,82,385,19,2016-05-06
2022484408,2016-05-06 20:00:00,76.52588555858311,67,90,367,20,2016-05-06
2022484408,2016-05-06 21:00:00,92.29695431472081,64,115,394,21,2016-05-06
2022484408,2016-05-07 08:00:00,87.0,87,87,2,8,2016-05-07
2022484408,2016-05-07 09:00:00,79.32075471698113,55,123,318,9,2016-05-07
2022484408,2016-05-07 10:00:00,85.09722222222223,56,126,504,10,2016-05-07
2022484408,2016-05-07 11:00:00,76.5990675990676,53,113,429,11,2016-05-07
2022484408,2016-05-07 12:00:00,69.93961352657004,53,89,414,12,2016-05-07
2022484408,2016-05-07 13:00:00,78.69014084507042,62,96,284,13,2016-05-07
2022484408,2016-05-07 19:00:00,78.48829431438126,54,128,299,19,2016-05-07
2022484408,2016-05-07 20:00:00,62.25,52,93,344,20,2016-05-07
2022484408,2016-05-07 21:00:00,70.0,70,70,2,21,2016-05-07
2022484408,2016-05-08 08:00:00,108.83018867924528,104,127,53,8,2016-05-08
2022484408,2016-05-08 09:00:00,91.25,68,116,72,9,2016-05-08
2022484408,2016-05-08 10:00:00,74.24561403508773,59,101,399,10,2016-05-08
2022484408,2016-05-08 11:00:00,74.01216545012166,57,98,411,11,2016-05-08
2022484408,2016-05-08 12:00:00,74.86124401913875,53,111,418,12,2016-05-08
2022484408,2016-05-08 13:00:00,73.1304347826087,59,91,299,13,2016-05-08
2022484408,2016-05-08 14:00:00,100.44117647058823,84,113,68,14,2016-05-08
2022484408,2016-05-09 06:00:00,72.69942196531792,59,96,346,6,2016-05-09
2022484408,2016-05-09 07:00:00,74.89333333333333,53,100,375,7,2016-05-09
2022484408,2016-05-09 08:00:00,74.82444444444444,56,104,450,8,2016-05-09
2022484408,2016-05-09 09:00:00,86.13095238095238,56,132,504,9,2016-05-09
2022484408,2016-05-09 10:00:00,100.76239669421487,66,125,484,10,2016-05-09
2022484408,2016-05-09 11:00:00,69.09950248756219,59,89,402,11,2016-05-09
2022484408,2016-05-09 12:00:00,74.24057971014493,62,104,345,12,2016-05-09
2022484408,2016-05-09 13:00:00,73.34974093264249,66,96,386,13,2016-05-09
2022484408,2016-05-09 14:00:00,96.35758835758836,64,115,481,14,2016-05-09
2022484408,2016-05-09 15:00:00,93.84470588235294,60,133,850,15,2016-05-09
2022484408,2016-05-09 16:00:00,78.36363636363636,61,107,407,16,2016-05-09
2022484408,2016-05-09 17:00:00,73.67801047120419,62,92,382,17,2016-05-09
2022484408,2016-05-09 18:00:00,74.95640326975477,51,92,367,18,2016-05-09
2022484408,2016-05-09 19:00:00,75.25265957446808,59,100,376,19,2016-05-09
2022484408,2016-05-09 20:00:00,70.55319148936171,57,92,94,20,2016-05-09
2022484408,2016-05-10 08:00:00,81.48051948051948,62,121,77,8,2016-05-10
2022484408,2016-05-10 09:00:00,72.80154639175258,57,113,388,9,2016-05-10
2022484408,2016-05-10 10:00:00,114.15882352941176,57,163,510,10,2016-05-10
2022484408,2016-05-10 11:00:00,100.32142857142857,70,166,476,11,2016-05-10
2022484408,2016-05-10 12:00:00,74.28695652173913,61,93,460,12,2016-05-10
2022484408,2016-05-10 13:00:00,87.38421052631578,72,105,380,13,2016-05-10
2022484408,2016-05-10 14:00:00,93.33622559652929,62,121,461,14,2016-05-10
2022484408,2016-05-10 15:00:00,77.24070021881838,61,96,457,15,2016-05-10
2022484408,2016-05-10 16:00:00,77.46354166666667,66,109,384,16,2016-05-10
2022484408,2016-05-10 17:00:00,84.43555555555555,61,109,450,17,2016-05-10
2022484408,2016-05-10 18:00:00,80.45320197044335,61,93,406,18,2016-05-10
2022484408,2016-05-10 19:00:00,83.80445544554455,75,100,404,19,2016-05-10
2022484408,2016-05-10 20:00:00,80.07317073170732,70,104,41,20,2016-05-10
2022484408,2016-05-11 09:00:00,70.52173913043478,59,101,46,9,2016-05-11
2022484408,2016-05-11 10:00:00,68.33597883597884,55,86,378,10,2016-05-11
2022484408,2016-05-11 11:00:00,106.19294605809128,78,138,482,11,2016-05-11
2022484408,2016-05-11 12:00:00,79.05654761904762,66,107,336,12,2016-05-11
2022484408,2016-05-11 13:00:00,65.88397790055248,57,85,362,13,2016-05-11
2022484408,2016-05-11 14:00:00,98.63238512035011,67,120,457,14,2016-05-11
2022484408,2016-05-11 15:00:00,77.67276422764228,61,105,492,15,2016-05-11
2022484408,2016-05-11 16:00:00,82.3923541247485,59,131,497,16,2016-05-11
2022484408,2016-05-11 17:00:00,89.58134490238612,71,112,461,17,2016-05-11
2022484408,2016-05-11 18:00:00,78.66830466830467,62,108,407,18,2016-05-11
2022484408,2016-05-11 19:00:00,80.48615384615384,68,100,325,19,2016-05-11
2022484408,2016-05-11 20:00:00,84.0,70,98,4,20,2016-05-11
2022484408,2016-05-12 07:00:00,78.82470119521912,58,105,251,7,2016-05-12
2022484408,2016-05-12 08:00:00,72.11576354679804,56,99,406,8,2016-05-12
2022484408,2016-05-12 09:00:00,89.75847457627118,62,152,472,9,2016-05-12
2022484408,2016-05-12 10:00:00,93.90167364016736,64,129,478,10,2016-05-12
2022484408,2016-05-12 11:00:00,72.09048723897912,60,87,431,11,2016-05-12
2022484408,2016-05-12 12:00:00,73.21927710843373,57,101,415,12,2016-05-12
2022484408,2016-05-12 13:00:00,83.7683284457478,60,112,341,13,2016-05-12
2022484408,2016-05-12 14:00:00,86.42569269521411,56,112,397,14,2016-05-12
2022484408,2016-05-12 15:00:00,78.86309523809524,55,104,336,15,2016-05-12
2026352035,2016-04-17 05:00:00,67.1986301369863,63,73,146,5,2016-04-17
2026352035,2016-04-17 06:00:00,73.28260869565217,68,80,46,6,2016-04-17
2026352035,2016-04-25 09:00:00,105.13970588235294,70,115,136,9,2016-04-25
2026352035,2016-04-25 10:00:00,95.69329073482429,83,110,313,10,2016-04-25
2026352035,2016-04-25 11:00:00,105.88059701492537,93,125,67,11,2016-04-25
2026352035,2016-05-02 18:00:00,91.38059701492537,70,122,134,18,2016-05-02
2026352035,2016-05-02 19:00:00,81.9113924050633,70,93,237,19,2016-05-02
2026352035,2016-05-02 20:00:00,77.14814814814815,72,81,54,20,2016-05-02
2026352035,2016-05-02 22:00:00,73.0,73,73,6,22,2016-05-02
2026352035,2016-05-09 16:00:00,103.73065902578797,70,123,349,16,2016-05-09
2026352035,2016-05-09 17:00:00,102.65859564164649,89,116,413,17,2016-05-09
2026352035,2016-05-09 18:00:00,92.07065217391305,73,116,368,18,2016-05-09
2026352035,2016-05-09 19:00:00,91.5475113122172,74,108,221,19,2016-05-09
2347167796,2016-04-12 07:00:00,82.10828025477707,68,121,314,7,2016-04-12
2347167796,2016-04-12 08:00:00,95.71106094808127,58,172,443,8,2016-04-12
2347167796,2016-04-12 09:00:00,83.17875647668394,70,109,386,9,2016-04-12
2347167796,2016-04-12 10:00:00,78.11232876712329,63,105,365,10,2016-04-12
2347167796,2016-04-12 11:00:00,86.8575,57,119,400,11,2016-04-12
2347167796,2016-04-12 12:00:00,74.75471698113208,57,113,371,12,2016-04-12
2347167796,2016-04-12 13:00:00,84.50520833333333,61,117,384,13,2016-04-12
2347167796,2016-04-12 14:00:00,101.58981233243968,77,120,373,14,2016-04-12
2347167796,2016-04-12 15:00:00,99.65601965601965,75,122,407,15,2016-04-12
2347167796,2016-04-12 16:00:00,76.00502512562814,58,111,398,16,2016-04-12
2347167796,2016-04-12 17:00:00,75.35897435897436,58,116,429,17,2016-04-12
2347167796,2016-04-12 18:00:00,88.17225950782998,61,113,447,18,2016-04-12
2347167796,2016-04-12 19:00:00,77.99058823529411,65,106,425,19,2016-04-12
2347167796,2016-04-12 20:00:00,94.23399558498896,70,156,453,20,2016-04-12
2347167796,2016-04-12 21:00:00,100.82765531062124,73,136,499,21,2016-04-12
2347167796,2016-04-12 22:00:00,77.47272727272727,68,87,330,22,2016-04-12
2347167796,2016-04-12 23:00:00,77.2917933130699,70,88,329,23,2016-04-12
2347167796,2016-04-13 00:00:00,67.41812865497076,59,83,342,0,2016-04-13
2347167796,2016-04-13 01:00:00,64.28774928774929,57,75,351,1,2016-04-13
2347167796,2016-04-13 02:00:00,64.8231884057971,57,87,345,2,2016-04-13
2347167796,2016-04-13 03:00:00,65.75862068965517,62,71,319,3,2016-04-13
2347167796,2016-04-13 04:00:00,63.779761904761905,57,78,336,4,2016-04-13
2347167796,2016-04-13 05:00:00,61.86217008797654,56,85,341,5,2016-04-13
2347167796,2016-04-13 06:00:00,65.55747126436782,57,84,348,6,2016-04-13
2347167796,2016-04-13 07:00:00,92.24293785310735,73,120,354,7,2016-04-13
2347167796,2016-04-13 08:00:00,82.18708240534521,64,107,449,8,2016-04-13
2347167796,2016-04-13 09:00:00,73.94334975369458,63,93,406,9,2016-04-13
2347167796,2016-04-13 10:00:00,69.9275,60,88,400,10,2016-04-13
2347167796,2016-04-13 11:00:00,69.13648293963254,57,85,381,11,2016-04-13
2347167796,2016-04-13 12:00:00,76.13477088948787,55,158,371,12,2016-04-13
2347167796,2016-04-13 13:00:00,81.0228832951945,60,131,437,13,2016-04-13
2347167796,2016-04-13 14:00:00,74.7258064516129,63,89,434,14,2016-04-13
2347167796,2016-04-13 15:00:00,75.48426150121065,67,100,413,15,2016-04-13
2347167796,2016-04-13 16:00:00,75.99761904761905,58,117,420,16,2016-04-13
2347167796,2016-04-13 17:00:00,71.0935064935065,58,88,385,17,2016-04-13
2347167796,2016-04-13 18:00:00,85.32589285714286,70,127,448,18,2016-04-13
2347167796,2016-04-13 19:00:00,72.14099216710183,63,87,383,19,2016-04-13
2347167796,2016-04-13 20:00:00,74.10123456790123,56,144,405,20,2016-04-13
2347167796,2016-04-13 21:00:00,90.3024193548387,59,157,496,21,2016-04-13
2347167796,2016-04-13 22:00:00,69.21652421652422,57,94,351,22,2016-04-13
2347167796,2016-04-13 23:00:00,69.13881019830028,58,82,353,23,2016-04-13
2347167796,2016-04-14 00:00:00,66.84545454545454,58,78,330,0,2016-04-14
2347167796,2016-04-14 01:00:00,64.77363896848138,56,81,349,1,2016-04-14
2347167796,2016-04-14 02:00:00,63.847507331378296,56,78,341,2,2016-04-14
2347167796,2016-04-14 03:00:00,65.75892857142857,61,75,336,3,2016-04-14
2347167796,2016-04-14 04:00:00,62.782467532467535,56,72,308,4,2016-04-14
2347167796,2016-04-14 05:00:00,64.07941176470588,57,87,340,5,2016-04-14
2347167796,2016-04-14 06:00:00,64.78923766816143,55,82,223,6,2016-04-14
2347167796,2016-04-14 07:00:00,87.18181818181819,62,154,451,7,2016-04-14
2347167796,2016-04-14 08:00:00,78.63073394495413,65,104,436,8,2016-04-14
2347167796,2016-04-14 09:00:00,75.02733485193622,62,103,439,9,2016-04-14
2347167796,2016-04-14 10:00:00,72.34814814814816,59,90,405,10,2016-04-14
2347167796,2016-04-14 11:00:00,71.13138686131387,55,92,411,11,2016-04-14
2347167796,2016-04-14 12:00:00,71.07268170426065,57,93,399,12,2016-04-14
2347167796,2016-04-14 13:00:00,87.49141630901288,67,127,466,13,2016-04-14
2347167796,2016-04-14 14:00:00,74.87469287469287,60,90,407,14,2016-04-14
2347167796,2016-04-14 15:00:00,75.33595800524934,58,101,381,15,2016-04-14
2347167796,2016-04-14 16:00:00,72.84352078239608,62,88,409,16,2016-04-14
2347167796,2016-04-14 17:00:00,66.53284671532846,52,85,411,17,2016-04-14
2347167796,2016-04-14 18:00:00,79.38021978021978,56,104,455,18,2016-04-14
2347167796,2016-04-14 19:00:00,72.0546875,56,110,384,19,2016-04-14
2347167796,2016-04-14 20:00:00,73.56666666666666,53,106,390,20,2016-04-14
2347167796,2016-04-14 21:00:00,74.33734939759036,61,113,415,21,2016-04-14
2347167796,2016-04-14 22:00:00,68.16231884057972,59,87,345,22,2016-04-14
2347167796,2016-04-14 23:00:00,70.972049689441,62,91,322,23,2016-04-14
2347167796,2016-04-15 00:00:00,69.08536585365853,63,80,328,0,2016-04-15
2347167796,2016-04-15 01:00:00,65.13622291021672,57,84,323,1,2016-04-15
2347167796,2016-04-15 02:00:00,62.52023121387283,56,76,346,2,2016-04-15
2347167796,2016-04-15 03:00:00,62.46708463949843,55,85,319,3,2016-04-15
2347167796,2016-04-15 04:00:00,62.83577712609971,57,80,341,4,2016-04-15
2347167796,2016-04-15 05:00:00,64.47230320699708,56,86,343,5,2016-04-15
2347167796,2016-04-15 06:00:00,64.69009584664536,56,81,313,6,2016-04-15
2347167796,2016-04-15 07:00:00,86.58951965065502,65,102,458,7,2016-04-15
2347167796,2016-04-15 08:00:00,78.20652173913044,63,120,460,8,2016-04-15
2347167796,2016-04-15 09:00:00,72.37991266375546,57,94,458,9,2016-04-15
2347167796,2016-04-15 10:00:00,71.43,59,88,400,10,2016-04-15
2347167796,2016-04-15 11:00:00,71.34803921568627,60,89,408,11,2016-04-15
2347167796,2016-04-15 12:00:00,72.29166666666667,57,103,408,12,2016-04-15
2347167796,2016-04-15 13:00:00,76.87,60,111,400,13,2016-04-15
2347167796,2016-04-15 14:00:00,71.84168865435356,58,90,379,14,2016-04-15
2347167796,2016-04-15 15:00:00,66.74352331606218,55,82,386,15,2016-04-15
2347167796,2016-04-15 16:00:00,71.58157894736843,59,89,380,16,2016-04-15
2347167796,2016-04-15 17:00:00,64.87012987012987,55,81,385,17,2016-04-15
2347167796,2016-04-15 18:00:00,91.03358208955224,69,114,536,18,2016-04-15
2347167796,2016-04-15 19:00:00,101.34054054054054,80,136,925,19,2016-04-15
2347167796,2016-04-15 20:00:00,83.07462686567165,65,113,469,20,2016-04-15
2347167796,2016-04-15 21:00:00,78.41959798994975,63,110,398,21,2016-04-15
2347167796,2016-04-15 22:00:00,75.36802030456853,63,94,394,22,2016-04-15
2347167796,2016-04-16 07:00:00,96.06962025316456,74,109,158,7,2016-04-16
2347167796,2016-04-16 08:00:00,118.69273399014779,74,168,1624,8,2016-04-16
2347167796,2016-04-16 09:00:00,114.06544502617801,75,161,1910,9,2016-04-16
2347167796,2016-04-16 10:00:00,85.5615763546798,70,108,1015,10,2016-04-16
2347167796,2016-04-16 11:00:00,83.19213973799127,67,109,458,11,2016-04-16
2347167796,2016-04-16 12:00:00,76.50117096018735,59,101,427,12,2016-04-16
2347167796,2016-04-16 13:00:00,78.22727272727273,60,102,242,13,2016-04-16
2347167796,2016-04-16 16:00:00,103.75,102,105,4,16,2016-04-16
2347167796,2016-04-16 17:00:00,96.44377510040161,70,131,498,17,2016-04-16
2347167796,2016-04-16 18:00:00,95.09021113243762,71,130,521,18,2016-04-16
2347167796,2016-04-16 19:00:00,87.05381165919283,66,124,446,19,2016-04-16
2347167796,2016-04-16 20:00:00,83.40927419354838,65,137,496,20,2016-04-16
2347167796,2016-04-16 21:00:00,80.09375,63,120,448,21,2016-04-16
2347167796,2016-04-16 22:00:00,75.04566210045662,60,127,438,22,2016-04-16
2347167796,2016-04-16 23:00:00,67.76285714285714,58,77,350,23,2016-04-16
2347167796,2016-04-17 00:00:00,74.85344827586206,67,89,348,0,2016-04-17
2347167796,2016-04-17 01:00:00,71.38823529411765,63,89,340,1,2016-04-17
2347167796,2016-04-17 02:00:00,68.81027667984189,60,84,253,2,2016-04-17
2347167796,2016-04-17 03:00:00,67.8061224489796,61,86,294,3,2016-04-17
2347167796,2016-04-17 04:00:00,66.94508670520231,60,76,346,4,2016-04-17
2347167796,2016-04-17 05:00:00,67.36056338028169,59,88,355,5,2016-04-17
2347167796,2016-04-17 06:00:00,66.43362831858407,60,88,339,6,2016-04-17
2347167796,2016-04-17 07:00:00,63.994565217391305,56,81,368,7,2016-04-17
2347167796,2016-04-17 08:00:00,63.87658227848101,55,80,316,8,2016-04-17
2347167796,2016-04-17 09:00:00,75.43877551020408,67,90,294,9,2016-04-17
2347167796,2016-04-17 10:00:00,78.64597701149425,67,97,435,10,2016-04-17
2347167796,2016-04-17 11:00:00,92.13779527559055,69,134,508,11,2016-04-17
2347167796,2016-04-17 12:00:00,72.86559139784946,61,84,372,12,2016-04-17
2347167796,2016-04-17 13:00:00,77.23620309050773,62,97,453,13,2016-04-17
2347167796,2016-04-17 14:00:00,76.58503401360544,66,104,441,14,2016-04-17
2347167796,2016-04-17 15:00:00,88.64402810304449,75,105,427,15,2016-04-17
2347167796,2016-04-17 16:00:00,81.06067961165049,65,105,412,16,2016-04-17
2347167796,2016-04-17 17:00:00,76.10451306413302,64,92,421,17,2016-04-17
2347167796,2016-04-17 18:00:00,80.85074626865672,69,104,402,18,2016-04-17
2347167796,2016-04-17 19:00:00,82.33413461538461,68,103,416,19,2016-04-17
2347167796,2016-04-17 20:00:00,74.97399527186761,62,91,423,20,2016-04-17
2347167796,2016-04-17 21:00:00,72.4920634920635,59,93,378,21,2016-04-17
2347167796,2016-04-17 22:00:00,74.82043343653251,67,88,323,22,2016-04-17
2347167796,2016-04-17 23:00:00,73.99079754601227,67,86,326,23,2016-04-17
2347167796,2016-04-18 00:00:00,66.84839650145773,57,88,343,0,2016-04-18
2347167796,2016-04-18 01:00:00,65.95833333333333,59,75,336,1,2016-04-18
2347167796,2016-04-18 02:00:00,64.57098765432099,56,82,324,2,2016-04-18
2347167796,2016-04-18 03:00:00,61.83233532934132,55,80,334,3,2016-04-18
2347167796,2016-04-18 04:00:00,62.66984126984127,57,98,315,4,2016-04-18
2347167796,2016-04-18 05:00:00,60.51156069364162,54,76,346,5,2016-04-18
2347167796,2016-04-18 06:00:00,63.42204301075269,54,84,372,6,2016-04-18
2347167796,2016-04-18 07:00:00,76.62180974477958,59,104,431,7,2016-04-18
2347167796,2016-04-18 08:00:00,80.40939597315436,60,113,447,8,2016-04-18
2347167796,2016-04-18 09:00:00,69.46191646191646,57,85,407,9,2016-04-18
2347167796,2016-04-18 10:00:00,68.99540229885058,55,98,435,10,2016-04-18
2347167796,2016-04-18 11:00:00,64.96199524940617,55,93,421,11,2016-04-18
2347167796,2016-04-18 12:00:00,65.68101265822784,54,83,395,12,2016-04-18
2347167796,2016-04-18 13:00:00,74.56991525423729,53,105,472,13,2016-04-18
2347167796,2016-04-18 14:00:00,78.88157894736842,57,117,380,14,2016-04-18
2347167796,2016-04-18 15:00:00,69.30456852791878,53,121,394,15,2016-04-18
2347167796,2016-04-18 16:00:00,73.86129753914989,56,99,447,16,2016-04-18
2347167796,2016-04-18 17:00:00,69.08851674641149,56,91,418,17,2016-04-18
2347167796,2016-04-18 18:00:00,79.75621890547264,65,110,402,18,2016-04-18
2347167796,2016-04-18 19:00:00,72.17520215633424,62,84,371,19,2016-04-18
2347167796,2016-04-18 20:00:00,100.83889980353635,70,134,509,20,2016-04-18
2347167796,2016-04-18 21:00:00,70.63002680965147,61,89,373,21,2016-04-18
2347167796,2016-04-18 22:00:00,63.205278592375365,55,78,341,22,2016-04-18
2347167796,2016-04-18 23:00:00,65.40184049079754,58,75,326,23,2016-04-18
2347167796,2016-04-19 00:00:00,62.46621621621622,59,71,296,0,2016-04-19
2347167796,2016-04-19 01:00:00,62.96208530805687,56,82,211,1,2016-04-19
2347167796,2016-04-19 02:00:00,62.205479452054796,57,80,292,2,2016-04-19
2347167796,2016-04-19 03:00:00,64.76627218934911,58,80,338,3,2016-04-19
2347167796,2016-04-19 04:00:00,61.477064220183486,55,81,327,4,2016-04-19
2347167796,2016-04-19 05:00:00,60.068403908794785,53,100,307,5,2016-04-19
2347167796,2016-04-19 06:00:00,63.645161290322584,53,102,279,6,2016-04-19
2347167796,2016-04-19 07:00:00,76.52857142857142,62,104,350,7,2016-04-19
2347167796,2016-04-19 08:00:00,91.13399503722084,57,144,403,8,2016-04-19
2347167796,2016-04-19 09:00:00,89.20485175202157,64,117,371,9,2016-04-19
2347167796,2016-04-19 10:00:00,90.65951742627345,65,112,373,10,2016-04-19
2347167796,2016-04-19 11:00:00,107.11506849315069,69,123,365,11,2016-04-19
2347167796,2016-04-19 12:00:00,100.20689655172414,62,122,377,12,2016-04-19
2347167796,2016-04-19 13:00:00,86.56608478802993,55,119,401,13,2016-04-19
2347167796,2016-04-19 14:00:00,96.88461538461539,70,122,364,14,2016-04-19
2347167796,2016-04-19 15:00:00,90.26448362720403,63,117,397,15,2016-04-19
2347167796,2016-04-19 16:00:00,86.18793503480279,62,110,431,16,2016-04-19
2347167796,2016-04-19 17:00:00,77.05053191489361,62,108,376,17,2016-04-19
2347167796,2016-04-19 18:00:00,87.64347826086957,64,195,460,18,2016-04-19
2347167796,2016-04-19 19:00:00,82.08888888888889,64,112,450,19,2016-04-19
2347167796,2016-04-19 20:00:00,79.14355231143553,58,97,411,20,2016-04-19
2347167796,2016-04-19 21:00:00,77.36326530612244,62,110,245,21,2016-04-19
2347167796,2016-04-20 07:00:00,93.8021505376344,65,161,465,7,2016-04-20
2347167796,2016-04-20 08:00:00,80.46827133479212,58,119,457,8,2016-04-20
2347167796,2016-04-20 09:00:00,66.98024691358025,56,89,405,9,2016-04-20
2347167796,2016-04-20 10:00:00,67.99295774647888,54,102,426,10,2016-04-20
2347167796,2016-04-20 11:00:00,64.76470588235294,54,106,374,11,2016-04-20
2347167796,2016-04-20 12:00:00,67.57033248081841,53,87,391,12,2016-04-20
2347167796,2016-04-20 13:00:00,74.69651741293532,58,111,402,13,2016-04-20
2347167796,2016-04-20 14:00:00,72.79318734793188,55,91,411,14,2016-04-20
2347167796,2016-04-20 15:00:00,70.5425,61,90,400,15,2016-04-20
2347167796,2016-04-20 16:00:00,69.68505747126437,58,95,435,16,2016-04-20
2347167796,2016-04-20 17:00:00,72.48060344827586,55,104,464,17,2016-04-20
2347167796,2016-04-20 18:00:00,104.6659528907923,75,147,467,18,2016-04-20
2347167796,2016-04-20 19:00:00,88.1885593220339,69,110,472,19,2016-04-20
2347167796,2016-04-20 20:00:00,97.06666666666666,66,148,510,20,2016-04-20
2347167796,2016-04-20 21:00:00,76.43467336683418,65,92,398,21,2016-04-20
2347167796,2016-04-20 22:00:00,72.80508474576271,65,95,354,22,2016-04-20
2347167796,2016-04-20 23:00:00,73.95692307692308,65,84,325,23,2016-04-20
2347167796,2016-04-21 00:00:00,69.65281899109792,64,83,337,0,2016-04-21
2347167796,2016-04-21 01:00:00,66.84615384615384,60,83,312,1,2016-04-21
2347167796,2016-04-21 02:00:00,63.5,57,80,344,2,2016-04-21
2347167796,2016-04-21 03:00:00,65.3731778425656,58,76,343,3,2016-04-21
2347167796,2016-04-21 04:00:00,62.71919770773639,56,83,349,4,2016-04-21
2347167796,2016-04-21 05:00:00,61.52469135802469,55,85,324,5,2016-04-21
2347167796,2016-04-21 06:00:00,67.96503496503496,55,94,286,6,2016-04-21
2347167796,2016-04-21 07:00:00,77.32323232323232,66,95,396,7,2016-04-21
2347167796,2016-04-21 08:00:00,82.05345211581292,62,122,449,8,2016-04-21
2347167796,2016-04-21 09:00:00,69.21629213483146,57,84,356,9,2016-04-21
2347167796,2016-04-21 10:00:00,66.16397849462365,54,86,372,10,2016-04-21
2347167796,2016-04-21 11:00:00,66.34825870646766,58,96,402,11,2016-04-21
2347167796,2016-04-21 12:00:00,72.11270983213429,51,100,417,12,2016-04-21
2347167796,2016-04-21 13:00:00,74.51181102362204,63,93,381,13,2016-04-21
2347167796,2016-04-21 14:00:00,79.34130434782608,66,96,460,14,2016-04-21
2347167796,2016-04-21 15:00:00,75.04336734693878,64,89,392,15,2016-04-21
2347167796,2016-04-21 16:00:00,71.42647058823529,57,86,408,16,2016-04-21
2347167796,2016-04-21 17:00:00,70.32668329177058,60,93,401,17,2016-04-21
2347167796,2016-04-21 18:00:00,79.41468682505399,56,108,463,18,2016-04-21
2347167796,2016-04-21 19:00:00,72.9618138424821,59,97,419,19,2016-04-21
2347167796,2016-04-21 20:00:00,83.30634573304158,60,139,457,20,2016-04-21
2347167796,2016-04-21 21:00:00,102.45540796963947,66,171,527,21,2016-04-21
2347167796,2016-04-21 22:00:00,70.72631578947369,60,86,380,22,2016-04-21
2347167796,2016-04-21 23:00:00,65.92993630573248,59,74,314,23,2016-04-21
2347167796,2016-04-22 00:00:00,73.76489028213166,67,93,319,0,2016-04-22
2347167796,2016-04-22 01:00:00,69.46604938271605,58,77,324,1,2016-04-22
2347167796,2016-04-22 02:00:00,65.84952978056427,56,83,319,2,2016-04-22
2347167796,2016-04-22 03:00:00,63.5607476635514,59,83,321,3,2016-04-22
2347167796,2016-04-22 04:00:00,64.08938547486034,58,99,358,4,2016-04-22
2347167796,2016-04-22 05:00:00,60.63478260869565,55,93,345,5,2016-04-22
2347167796,2016-04-22 06:00:00,63.88922155688623,56,99,334,6,2016-04-22
2347167796,2016-04-22 07:00:00,103.7034632034632,67,165,462,7,2016-04-22
2347167796,2016-04-22 08:00:00,79.76712328767124,53,111,438,8,2016-04-22
2347167796,2016-04-22 09:00:00,69.03457446808511,58,84,376,9,2016-04-22
2347167796,2016-04-22 10:00:00,66.97587131367293,57,87,373,10,2016-04-22
2347167796,2016-04-22 11:00:00,68.85318559556787,58,125,361,11,2016-04-22
2347167796,2016-04-22 12:00:00,72.93866666666666,55,89,375,12,2016-04-22
2347167796,2016-04-22 13:00:00,74.55979643765903,57,102,393,13,2016-04-22
2347167796,2016-04-22 14:00:00,77.13801452784503,65,100,413,14,2016-04-22
2347167796,2016-04-22 15:00:00,72.42821782178218,60,90,404,15,2016-04-22
2347167796,2016-04-22 16:00:00,68.34642032332563,58,87,433,16,2016-04-22
2347167796,2016-04-22 17:00:00,70.94343891402715,57,88,442,17,2016-04-22
2347167796,2016-04-22 18:00:00,78.51143451143452,62,107,481,18,2016-04-22
2347167796,2016-04-22 19:00:00,71.28493150684932,60,80,365,19,2016-04-22
2347167796,2016-04-22 20:00:00,72.15949367088608,63,85,395,20,2016-04-22
2347167796,2016-04-22 21:00:00,69.37435897435897,61,81,390,21,2016-04-22
2347167796,2016-04-22 22:00:00,68.22192513368984,61,78,374,22,2016-04-22
2347167796,2016-04-22 23:00:00,67.57824933687003,60,82,377,23,2016-04-22
2347167796,2016-04-23 00:00:00,67.37903225806451,60,84,248,0,2016-04-23
2347167796,2016-04-23 01:00:00,69.68842729970326,60,88,337,1,2016-04-23
2347167796,2016-04-23 02:00:00,67.31486880466473,60,81,343,2,2016-04-23
2347167796,2016-04-23 03:00:00,61.39296187683284,55,71,341,3,2016-04-23
2347167796,2016-04-23 04:00:00,58.88392857142857,55,66,336,4,2016-04-23
2347167796,2016-04-23 05:00:00,57.55428571428571,53,78,350,5,2016-04-23
2347167796,2016-04-23 06:00:00,59.907407407407405,54,78,324,6,2016-04-23
2347167796,2016-04-23 07:00:00,90.46153846153847,75,108,65,7,2016-04-23
2347167796,2016-04-23 08:00:00,117.5804066543438,71,157,541,8,2016-04-23
2347167796,2016-04-23 09:00:00,77.96944444444445,65,101,360,9,2016-04-23
2347167796,2016-04-23 10:00:00,83.39055793991416,66,103,466,10,2016-04-23
2347167796,2016-04-23 11:00:00,101.88607594936708,79,130,553,11,2016-04-23
2347167796,2016-04-23 12:00:00,91.84893617021277,74,118,470,12,2016-04-23
2347167796,2016-04-23 13:00:00,104.49256505576209,78,133,538,13,2016-04-23
2347167796,2016-04-23 14:00:00,92.17433414043583,74,114,413,14,2016-04-23
2347167796,2016-04-23 15:00:00,74.8942065491184,62,95,397,15,2016-04-23
2347167796,2016-04-23 16:00:00,80.69555035128806,65,107,427,16,2016-04-23
2347167796,2016-04-23 17:00:00,89.42799188640974,70,115,493,17,2016-04-23
2347167796,2016-04-23 18:00:00,84.7107438016529,69,119,484,18,2016-04-23
2347167796,2016-04-23 19:00:00,89.73019271948608,68,112,467,19,2016-04-23
2347167796,2016-04-23 20:00:00,89.86036960985626,60,124,487,20,2016-04-23
2347167796,2016-04-23 21:00:00,81.59058823529412,65,99,425,21,2016-04-23
2347167796,2016-04-23 22:00:00,80.99777282850779,63,97,449,22,2016-04-23
2347167796,2016-04-23 23:00:00,71.78602620087337,59,93,229,23,2016-04-23
2347167796,2016-04-24 00:00:00,74.73417721518987,70,94,158,0,2016-04-24
2347167796,2016-04-24 01:00:00,69.49025974025975,62,79,308,1,2016-04-24
2347167796,2016-04-24 02:00:00,63.003144654088054,57,80,318,2,2016-04-24
2347167796,2016-04-24 03:00:00,62.95356037151703,57,74,323,3,2016-04-24
2347167796,2016-04-24 04:00:00,62.40785498489426,56,96,331,4,2016-04-24
2347167796,2016-04-24 05:00:00,60.41297935103245,55,70,339,5,2016-04-24
2347167796,2016-04-24 06:00:00,62.43023255813954,56,82,344,6,2016-04-24
2347167796,2016-04-24 07:00:00,71.33161953727506,54,89,389,7,2016-04-24
2347167796,2016-04-24 08:00:00,79.34381139489194,63,127,509,8,2016-04-24
2347167796,2016-04-24 09:00:00,78.84530386740332,61,109,362,9,2016-04-24
2347167796,2016-04-24 10:00:00,88.12378640776699,64,121,412,10,2016-04-24
2347167796,2016-04-24 11:00:00,87.02564102564102,70,122,468,11,2016-04-24
2347167796,2016-04-24 12:00:00,73.50523560209425,59,117,382,12,2016-04-24
2347167796,2016-04-24 13:00:00,86.69411764705882,62,126,425,13,2016-04-24
2347167796,2016-04-24 14:00:00,77.55091383812011,61,99,383,14,2016-04-24
2347167796,2016-04-24 15:00:00,87.12886597938144,64,113,388,15,2016-04-24
2347167796,2016-04-24 16:00:00,87.93428571428572,63,104,350,16,2016-04-24
2347167796,2016-04-24 17:00:00,80.8927680798005,68,96,401,17,2016-04-24
2347167796,2016-04-24 18:00:00,83.8340909090909,67,106,440,18,2016-04-24
2347167796,2016-04-24 19:00:00,91.828125,68,112,512,19,2016-04-24
2347167796,2016-04-24 20:00:00,82.56857855361596,69,112,401,20,2016-04-24
2347167796,2016-04-24 21:00:00,77.74047619047619,63,109,420,21,2016-04-24
2347167796,2016-04-24 22:00:00,69.72142857142858,63,86,140,22,2016-04-24
2347167796,2016-04-24 23:00:00,73.48024316109422,68,85,329,23,2016-04-24
2347167796,2016-04-25 00:00:00,69.08408408408408,61,74,333,0,2016-04-25
2347167796,2016-04-25 01:00:00,64.71951219512195,58,76,328,1,2016-04-25
2347167796,2016-04-25 02:00:00,63.0843023255814,56,89,344,2,2016-04-25
2347167796,2016-04-25 03:00:00,61.21739130434783,54,101,322,3,2016-04-25
2347167796,2016-04-25 04:00:00,61.890625,57,80,320,4,2016-04-25
2347167796,2016-04-25 05:00:00,62.074285714285715,53,81,350,5,2016-04-25
2347167796,2016-04-25 06:00:00,63.373937677053824,55,106,353,6,2016-04-25
2347167796,2016-04-25 07:00:00,75.42565597667638,61,115,343,7,2016-04-25
2347167796,2016-04-25 08:00:00,82.75264270613108,64,111,473,8,2016-04-25
2347167796,2016-04-25 09:00:00,72.88221153846153,60,93,416,9,2016-04-25
2347167796,2016-04-25 10:00:00,69.25,54,87,416,10,2016-04-25
2347167796,2016-04-25 11:00:00,67.8029197080292,56,91,411,11,2016-04-25
2347167796,2016-04-25 12:00:00,73.89908256880734,56,99,436,12,2016-04-25
2347167796,2016-04-25 13:00:00,70.15284974093264,55,101,386,13,2016-04-25
2347167796,2016-04-25 14:00:00,75.37665782493369,55,91,377,14,2016-04-25
2347167796,2016-04-25 15:00:00,72.55377574370709,58,94,437,15,2016-04-25
2347167796,2016-04-25 16:00:00,71.12672811059907,53,92,434,16,2016-04-25
2347167796,2016-04-25 17:00:00,70.04057279236277,55,89,419,17,2016-04-25
2347167796,2016-04-25 18:00:00,90.68172888015717,64,140,509,18,2016-04-25
2347167796,2016-04-25 19:00:00,101.37760910815939,64,160,527,19,2016-04-25
2347167796,2016-04-25 20:00:00,78.9287356321839,68,108,435,20,2016-04-25
2347167796,2016-04-25 21:00:00,77.5779376498801,70,90,417,21,2016-04-25
2347167796,2016-04-25 22:00:00,77.06913580246913,63,100,405,22,2016-04-25
2347167796,2016-04-25 23:00:00,74.41543026706232,68,94,337,23,2016-04-25
2347167796,2016-04-26 00:00:00,73.17571884984025,68,82,313,0,2016-04-26
2347167796,2016-04-26 01:00:00,69.41640378548895,60,83,317,1,2016-04-26
2347167796,2016-04-26 02:00:00,65.23142857142857,59,74,350,2,2016-04-26
2347167796,2016-04-26 03:00:00,68.6987951807229,60,79,332,3,2016-04-26
2347167796,2016-04-26 04:00:00,67.86510263929618,59,85,341,4,2016-04-26
2347167796,2016-04-26 05:00:00,62.927536231884055,57,81,345,5,2016-04-26
2347167796,2016-04-26 06:00:00,68.8032345013477,55,100,371,6,2016-04-26
2347167796,2016-04-26 07:00:00,81.09923664122137,69,122,131,7,2016-04-26
2347167796,2016-04-26 08:00:00,79.39952718676123,62,108,423,8,2016-04-26
2347167796,2016-04-26 09:00:00,71.95412844036697,54,105,436,9,2016-04-26
2347167796,2016-04-26 10:00:00,69.41542288557214,55,88,402,10,2016-04-26
2347167796,2016-04-26 11:00:00,71.0906862745098,51,112,408,11,2016-04-26
2347167796,2016-04-26 12:00:00,69.30174563591022,55,104,401,12,2016-04-26
2347167796,2016-04-26 13:00:00,81.26490066225166,62,106,453,13,2016-04-26
2347167796,2016-04-26 14:00:00,75.62469733656174,63,95,413,14,2016-04-26
2347167796,2016-04-26 15:00:00,67.56064690026955,52,82,371,15,2016-04-26
2347167796,2016-04-26 16:00:00,67.99491094147582,49,89,393,16,2016-04-26
2347167796,2016-04-26 17:00:00,66.83333333333333,55,85,396,17,2016-04-26
2347167796,2016-04-26 18:00:00,81.47708333333334,57,107,480,18,2016-04-26
2347167796,2016-04-26 19:00:00,77.99289099526067,63,94,422,19,2016-04-26
2347167796,2016-04-26 20:00:00,76.06060606060606,58,99,396,20,2016-04-26
2347167796,2016-04-26 21:00:00,73.11244019138756,61,101,418,21,2016-04-26
2347167796,2016-04-26 22:00:00,65.94444444444444,58,81,378,22,2016-04-26
2347167796,2016-04-26 23:00:00,66.36336336336336,60,75,333,23,2016-04-26
2347167796,2016-04-27 00:00:00,65.42073170731707,60,72,328,0,2016-04-27
2347167796,2016-04-27 01:00:00,62.63235294117647,55,96,340,1,2016-04-27
2347167796,2016-04-27 02:00:00,62.097142857142856,55,81,350,2,2016-04-27
2347167796,2016-04-27 03:00:00,61.134670487106014,55,71,349,3,2016-04-27
2347167796,2016-04-27 04:00:00,58.44055944055944,54,74,286,4,2016-04-27
2347167796,2016-04-27 05:00:00,59.217898832684824,53,80,257,5,2016-04-27
2347167796,2016-04-27 06:00:00,59.612612612612615,54,72,111,6,2016-04-27
2347167796,2016-04-27 07:00:00,84.78048780487805,57,95,41,7,2016-04-27
2347167796,2016-04-27 08:00:00,82.33074935400516,65,116,387,8,2016-04-27
2347167796,2016-04-27 09:00:00,76.11325301204819,51,92,415,9,2016-04-27
2347167796,2016-04-27 10:00:00,71.73165137614679,51,91,436,10,2016-04-27
2347167796,2016-04-27 11:00:00,69.79518072289157,60,87,415,11,2016-04-27
2347167796,2016-04-27 12:00:00,69.47867298578198,56,109,422,12,2016-04-27
2347167796,2016-04-27 13:00:00,71.71534653465346,58,94,404,13,2016-04-27
2347167796,2016-04-27 14:00:00,79.19017094017094,63,111,468,14,2016-04-27
2347167796,2016-04-27 15:00:00,75.48693586698337,58,95,421,15,2016-04-27
2347167796,2016-04-27 16:00:00,75.321608040201,61,98,398,16,2016-04-27
2347167796,2016-04-27 17:00:00,73.52459016393442,59,96,427,17,2016-04-27
2347167796,2016-04-27 18:00:00,82.2988047808765,65,105,502,18,2016-04-27
2347167796,2016-04-27 19:00:00,109.63039723661485,68,144,579,19,2016-04-27
2347167796,2016-04-27 20:00:00,87.23913043478261,68,122,506,20,2016-04-27
2347167796,2016-04-27 21:00:00,75.9719222462203,62,101,463,21,2016-04-27
2347167796,2016-04-27 22:00:00,74.95864661654136,60,95,266,22,2016-04-27
2347167796,2016-04-27 23:00:00,76.64206642066421,69,109,271,23,2016-04-27
2347167796,2016-04-28 00:00:00,72.33536585365853,64,87,328,0,2016-04-28
2347167796,2016-04-28 01:00:00,68.81395348837209,62,81,301,1,2016-04-28
2347167796,2016-04-28 02:00:00,65.03693181818181,57,85,352,2,2016-04-28
2347167796,2016-04-28 03:00:00,67.37426900584795,60,76,342,3,2016-04-28
2347167796,2016-04-28 04:00:00,68.2358208955224,61,75,335,4,2016-04-28
2347167796,2016-04-28 05:00:00,68.21387283236994,59,80,346,5,2016-04-28
2347167796,2016-04-28 06:00:00,73.09016393442623,59,97,366,6,2016-04-28
2347167796,2016-04-28 07:00:00,110.4,109,111,5,7,2016-04-28
2347167796,2016-04-28 08:00:00,84.3076923076923,65,138,494,8,2016-04-28
2347167796,2016-04-28 09:00:00,78.61467889908256,66,105,436,9,2016-04-28
2347167796,2016-04-28 10:00:00,73.73924050632911,62,97,395,10,2016-04-28
2347167796,2016-04-28 11:00:00,74.43262411347517,55,97,423,11,2016-04-28
2347167796,2016-04-28 12:00:00,71.41666666666667,57,96,408,12,2016-04-28
2347167796,2016-04-28 13:00:00,73.45522388059702,65,92,402,13,2016-04-28
2347167796,2016-04-28 14:00:00,76.01982378854626,61,95,454,14,2016-04-28
2347167796,2016-04-28 15:00:00,77.77027027027027,59,96,444,15,2016-04-28
2347167796,2016-04-28 16:00:00,72.20956719817768,58,91,439,16,2016-04-28
2347167796,2016-04-28 17:00:00,72.6433734939759,62,91,415,17,2016-04-28
2347167796,2016-04-28 18:00:00,83.60579064587974,64,122,449,18,2016-04-28
2347167796,2016-04-28 19:00:00,70.24096385542168,59,85,415,19,2016-04-28
2347167796,2016-04-28 20:00:00,72.29629629629629,64,89,459,20,2016-04-28
2347167796,2016-04-28 21:00:00,70.3913043478261,60,86,414,21,2016-04-28
2347167796,2016-04-28 22:00:00,77.81118881118881,61,110,286,22,2016-04-28
2347167796,2016-04-28 23:00:00,66.05211726384364,57,72,307,23,2016-04-28
2347167796,2016-04-29 00:00:00,68.07514450867052,60,83,346,0,2016-04-29
2347167796,2016-04-29 01:00:00,63.54022988505747,57,79,348,1,2016-04-29
2347167796,2016-04-29 02:00:00,61.391975308641975,56,82,324,2,2016-04-29
2347167796,2016-04-29 03:00:00,62.68923076923077,57,80,325,3,2016-04-29
2347167796,2016-04-29 04:00:00,61.6980056980057,54,85,351,4,2016-04-29
2347167796,2016-04-29 05:00:00,60.67559523809524,55,84,336,5,2016-04-29
2347167796,2016-04-29 06:00:00,61.82634730538922,54,84,334,6,2016-04-29
4020332650,2016-04-12 00:00:00,65.94080505130229,56,79,1267,0,2016-04-12
4020332650,2016-04-12 01:00:00,63.40229226361031,53,75,1745,1,2016-04-12
4020332650,2016-04-12 02:00:00,59.93888888888889,53,65,1440,2,2016-04-12
4020332650,2016-04-12 03:00:00,61.31470230862698,53,71,1646,3,2016-04-12
4020332650,2016-04-12 04:00:00,60.85658914728682,51,81,1548,4,2016-04-12
4020332650,2016-04-12 05:00:00,59.26672535211268,49,70,1136,5,2016-04-12
4020332650,2016-04-12 06:00:00,70.2326607818411,56,88,1586,6,2016-04-12
4020332650,2016-04-12 07:00:00,78.31062124248497,56,94,1497,7,2016-04-12
4020332650,2016-04-12 08:00:00,84.02120609675282,73,99,1509,8,2016-04-12
4020332650,2016-04-12 09:00:00,87.96610169491525,69,107,1534,9,2016-04-12
4020332650,2016-04-12 10:00:00,88.09436619718309,78,108,1420,10,2016-04-12
4020332650,2016-04-12 11:00:00,86.15145368492225,78,106,1479,11,2016-04-12
4020332650,2016-04-12 12:00:00,96.43029490616622,82,119,1492,12,2016-04-12
4020332650,2016-04-12 13:00:00,97.40222686151705,77,125,1437,13,2016-04-12
4020332650,2016-04-12 14:00:00,91.13323883770376,78,104,1411,14,2016-04-12
4020332650,2016-04-12 15:00:00,97.09829619921364,80,115,1526,15,2016-04-12
4020332650,2016-04-12 16:00:00,98.68364611260054,86,126,1492,16,2016-04-12
4020332650,2016-04-12 17:00:00,98.70806241872562,86,113,1538,17,2016-04-12
4020332650,2016-04-12 18:00:00,89.58831808585504,80,108,1421,18,2016-04-12
4020332650,2016-04-12 19:00:00,101.37066666666666,88,131,1500,19,2016-04-12
4020332650,2016-04-12 20:00:00,100.33546325878594,84,133,1565,20,2016-04-12
4020332650,2016-04-12 21:00:00,90.17219477769936,79,102,1417,21,2016-04-12
4020332650,2016-04-12 22:00:00,93.05530973451327,79,115,1356,22,2016-04-12
4020332650,2016-04-12 23:00:00,70.0,70,70,1,23,2016-04-12
4020332650,2016-04-14 09:00:00,87.44117647058823,65,106,34,9,2016-04-14
4020332650,2016-04-14 10:00:00,70.0,70,70,1,10,2016-04-14
4020332650,2016-04-14 13:00:00,114.41379310344827,70,133,29,13,2016-04-14
4020332650,2016-04-14 14:00:00,91.58333333333333,70,112,12,14,2016-04-14
4020332650,2016-04-14 20:00:00,111.0,70,115,44,20,2016-04-14
4020332650,2016-04-14 21:00:00,92.4995374653099,70,115,1081,21,2016-04-14
4020332650,2016-04-14 22:00:00,76.91902834008097,70,84,247,22,2016-04-14
4020332650,2016-04-15 03:00:00,70.0,70,70,90,3,2016-04-15
4020332650,2016-04-15 04:00:00,70.0,70,70,91,4,2016-04-15
4020332650,2016-04-15 07:00:00,70.0,70,70,82,7,2016-04-15
4020332650,2016-04-15 08:00:00,93.80934579439253,67,169,535,8,2016-04-15
4020332650,2016-04-15 09:00:00,113.2554347826087,70,131,736,9,2016-04-15
4020332650,2016-04-15 10:00:00,78.49226006191951,56,128,323,10,2016-04-15
4020332650,2016-04-15 11:00:00,93.66807610993658,70,106,473,11,2016-04-15
4020332650,2016-04-15 12:00:00,86.18518518518519,70,98,108,12,2016-04-15
4020332650,2016-04-15 13:00:00,75.62632197414806,70,88,851,13,2016-04-15
4020332650,2016-04-15 14:00:00,70.0,70,70,80,14,2016-04-15
4020332650,2016-04-15 15:00:00,71.29330254041571,70,77,433,15,2016-04-15
4020332650,2016-04-15 16:00:00,70.0,70,70,231,16,2016-04-15
4020332650,2016-04-15 17:00:00,68.467277486911,51,122,764,17,2016-04-15
4020332650,2016-04-15 18:00:00,85.29476351351352,59,123,1184,18,2016-04-15
4020332650,2016-04-15 19:00:00,99.84976525821597,70,143,1065,19,2016-04-15
4020332650,2016-04-15 20:00:00,87.59343664539654,70,137,1097,20,2016-04-15
4020332650,2016-04-15 21:00:00,112.25121713729308,69,191,1027,21,2016-04-15
4020332650,2016-04-15 22:00:00,134.22910216718267,69,191,323,22,2016-04-15
4020332650,2016-04-15 23:00:00,106.58390646492434,65,134,1454,23,2016-04-15
4020332650,2016-04-16 00:00:00,98.45816464237517,68,143,1482,0,2016-04-16
4020332650,2016-04-16 01:00:00,119.560888252149,80,142,1396,1,2016-04-16
4020332650,2016-04-16 02:00:00,121.81173062997827,75,139,1381,2,2016-04-16
4020332650,2016-04-16 03:00:00,85.98719879518072,62,118,1328,3,2016-04-16
4020332650,2016-04-16 04:00:00,67.13157894736842,65,70,266,4,2016-04-16
4020332650,2016-04-16 07:00:00,98.44967177242889,64,123,914,7,2016-04-16
4020332650,2016-04-16 08:00:00,88.32837670384139,70,111,807,8,2016-04-16
4020332650,2016-04-16 09:00:00,90.2668776371308,66,125,948,9,2016-04-16
4020332650,2016-04-16 10:00:00,70.0,70,70,1,10,2016-04-16
4020332650,2016-04-17 20:00:00,98.82608695652173,66,116,69,20,2016-04-17
4020332650,2016-05-02 20:00:00,104.69501226492233,70,123,1223,20,2016-05-02
4020332650,2016-05-02 21:00:00,95.01739788199697,84,120,1322,21,2016-05-02
4020332650,2016-05-02 22:00:00,87.04511278195488,69,102,1463,22,2016-05-02
4020332650,2016-05-02 23:00:00,78.0571245186136,66,94,1558,23,2016-05-02
4020332650,2016-05-03 00:00:00,71.71158008658008,58,86,1848,0,2016-05-03
4020332650,2016-05-03 01:00:00,68.80471584038695,56,91,1654,1,2016-05-03
4020332650,2016-05-03 02:00:00,64.46050321825629,54,80,1709,2,2016-05-03
4020332650,2016-05-03 03:00:00,62.541013268998796,52,81,1658,3,2016-05-03
4020332650,2016-05-03 04:00:00,63.92714377820761,52,89,1551,4,2016-05-03
4020332650,2016-05-03 05:00:00,68.6702668360864,56,78,1574,5,2016-05-03
4020332650,2016-05-03 06:00:00,67.3258064516129,57,80,1550,6,2016-05-03
4020332650,2016-05-03 07:00:00,67.81759379042691,57,83,1546,7,2016-05-03
4020332650,2016-05-03 08:00:00,73.55392809587217,61,95,1502,8,2016-05-03
4020332650,2016-05-03 09:00:00,82.47915287888816,69,101,1511,9,2016-05-03
4020332650,2016-05-03 10:00:00,82.07357859531773,71,106,1495,10,2016-05-03
4020332650,2016-05-03 11:00:00,82.14087176247631,69,102,1583,11,2016-05-03
4020332650,2016-05-03 12:00:00,78.78436657681941,68,92,1484,12,2016-05-03
4020332650,2016-05-03 13:00:00,81.77438619774387,63,95,1507,13,2016-05-03
4020332650,2016-05-03 14:00:00,82.82348043297252,70,108,1201,14,2016-05-03
4020332650,2016-05-03 15:00:00,86.30198675496689,65,113,1510,15,2016-05-03
4020332650,2016-05-03 16:00:00,91.15142150803462,73,112,1618,16,2016-05-03
4020332650,2016-05-03 17:00:00,94.0582765034098,73,113,1613,17,2016-05-03
4020332650,2016-05-03 18:00:00,99.85073409461664,66,122,1226,18,2016-05-03
4020332650,2016-05-03 19:00:00,90.11764705882354,70,99,170,19,2016-05-03
4020332650,2016-05-03 20:00:00,89.52077747989276,68,127,1492,20,2016-05-03
4020332650,2016-05-03 21:00:00,83.90988567585742,70,109,1487,21,2016-05-03
4020332650,2016-05-03 22:00:00,83.96023856858847,71,111,1509,22,2016-05-03
4020332650,2016-05-03 23:00:00,72.37800252844501,57,86,1582,23,2016-05-03
4020332650,2016-05-04 00:00:00,69.29830706363106,57,93,1713,0,2016-05-04
4020332650,2016-05-04 01:00:00,76.14073071718539,60,98,1478,1,2016-05-04
4020332650,2016-05-04 02:00:00,66.53162179085786,55,89,1597,2,2016-05-04
4020332650,2016-05-04 03:00:00,62.83274440518257,54,76,1698,3,2016-05-04
4020332650,2016-05-04 04:00:00,58.90217391304348,49,73,1564,4,2016-05-04
4020332650,2016-05-04 05:00:00,61.5060164661178,53,147,1579,5,2016-05-04
4020332650,2016-05-04 06:00:00,62.97678916827853,53,72,1551,6,2016-05-04
4020332650,2016-05-04 07:00:00,66.2760814249364,54,91,1572,7,2016-05-04
4020332650,2016-05-04 08:00:00,73.38295318127251,57,96,1666,8,2016-05-04
4020332650,2016-05-04 09:00:00,80.40295629820051,65,112,1556,9,2016-05-04
4020332650,2016-05-04 10:00:00,94.47885572139303,78,116,1608,10,2016-05-04
4020332650,2016-05-04 11:00:00,88.21593153390388,73,105,1519,11,2016-05-04
4020332650,2016-05-04 12:00:00,93.57815442561206,75,113,1593,12,2016-05-04
4020332650,2016-05-04 13:00:00,91.74611398963731,77,139,1544,13,2016-05-04
4020332650,2016-05-04 14:00:00,93.13023560209425,74,111,1528,14,2016-05-04
4020332650,2016-05-04 15:00:00,89.26947637292464,75,112,1566,15,2016-05-04
4020332650,2016-05-04 16:00:00,93.36573511543135,79,109,1646,16,2016-05-04
4020332650,2016-05-04 17:00:00,89.64394488759972,68,107,1379,17,2016-05-04
4020332650,2016-05-04 18:00:00,91.44321533923303,70,108,1356,18,2016-05-04
4020332650,2016-05-04 19:00:00,95.71206467661692,76,117,1608,19,2016-05-04
4020332650,2016-05-04 20:00:00,109.17418263810598,81,146,1774,20,2016-05-04
4020332650,2016-05-04 21:00:00,101.16339869281046,63,125,1530,21,2016-05-04
4020332650,2016-05-04 22:00:00,98.7796178343949,70,130,1570,22,2016-05-04
4020332650,2016-05-04 23:00:00,101.14716006884682,85,118,1162,23,2016-05-04
4020332650,2016-05-05 00:00:00,84.2880829015544,67,101,965,0,2016-05-05
4020332650,2016-05-05 01:00:00,79.20550458715596,68,92,1635,1,2016-05-05
4020332650,2016-05-05 02:00:00,70.87539332913782,54,84,1589,2,2016-05-05
4020332650,2016-05-05 03:00:00,62.23049434187016,49,75,1679,3,2016-05-05
4020332650,2016-05-05 04:00:00,65.45169886742173,52,97,1501,4,2016-05-05
4020332650,2016-05-05 05:00:00,73.36708860759494,67,80,237,5,2016-05-05
4020332650,2016-05-05 14:00:00,98.66375545851528,70,118,229,14,2016-05-05
4020332650,2016-05-05 15:00:00,83.59828448892065,70,92,1399,15,2016-05-05
4020332650,2016-05-05 16:00:00,99.43223880597014,65,126,1675,16,2016-05-05
4020332650,2016-05-05 17:00:00,89.10487641950567,64,111,1497,17,2016-05-05
4020332650,2016-05-05 18:00:00,99.0762862211709,79,126,1691,18,2016-05-05
4020332650,2016-05-05 19:00:00,94.24301675977654,76,118,1432,19,2016-05-05
4020332650,2016-05-05 20:00:00,95.31321260898726,78,117,1491,20,2016-05-05
4020332650,2016-05-05 21:00:00,97.1470113085622,70,118,1238,21,2016-05-05
4020332650,2016-05-05 22:00:00,95.89076644538322,85,112,1657,22,2016-05-05
4020332650,2016-05-05 23:00:00,83.93718592964824,69,107,1592,23,2016-05-05
4020332650,2016-05-06 00:00:00,77.1754617414248,66,92,1516,0,2016-05-06
4020332650,2016-05-06 01:00:00,69.09866017052376,54,81,1642,1,2016-05-06
4020332650,2016-05-06 02:00:00,64.60916442048517,54,76,1484,2,2016-05-06
4020332650,2016-05-06 03:00:00,66.13341204250295,54,94,1694,3,2016-05-06
4020332650,2016-05-06 04:00:00,61.39915713425647,52,75,1661,4,2016-05-06
4020332650,2016-05-06 05:00:00,60.36992316136114,50,72,911,5,2016-05-06
4020332650,2016-05-06 06:00:00,59.14411579609818,53,75,1589,6,2016-05-06
4020332650,2016-05-06 07:00:00,70.1545396007727,53,99,1553,7,2016-05-06
4020332650,2016-05-06 08:00:00,78.41520100502512,60,99,1592,8,2016-05-06
4020332650,2016-05-06 09:00:00,82.58333333333333,64,103,1584,9,2016-05-06
4020332650,2016-05-06 10:00:00,90.920798454604,72,116,1553,10,2016-05-06
4020332650,2016-05-06 11:00:00,91.25127551020408,69,107,1568,11,2016-05-06
4020332650,2016-05-06 12:00:00,87.87515683814304,68,101,1594,12,2016-05-06
4020332650,2016-05-06 13:00:00,78.16635859519408,61,96,1623,13,2016-05-06
4020332650,2016-05-06 14:00:00,77.99096774193548,64,98,1550,14,2016-05-06
4020332650,2016-05-06 15:00:00,79.68766756032171,61,107,1492,15,2016-05-06
4020332650,2016-05-06 16:00:00,88.68395849960096,75,102,1253,16,2016-05-06
4020332650,2016-05-07 08:00:00,92.44385026737967,70,106,561,8,2016-05-07
4020332650,2016-05-07 09:00:00,90.94619666048237,72,109,1617,9,2016-05-07
4020332650,2016-05-07 10:00:00,89.24482512491078,80,97,1401,10,2016-05-07
4020332650,2016-05-07 11:00:00,90.72945891783567,79,105,1497,11,2016-05-07
4020332650,2016-05-07 12:00:00,90.67553191489361,79,115,1128,12,2016-05-07
4020332650,2016-05-07 13:00:00,89.5190651906519,70,111,813,13,2016-05-07
4020332650,2016-05-07 14:00:00,85.33630573248408,67,94,1570,14,2016-05-07
4020332650,2016-05-07 15:00:00,90.5376275510204,80,108,1568,15,2016-05-07
4020332650,2016-05-07 16:00:00,86.55641521598969,81,97,1551,16,2016-05-07
4020332650,2016-05-07 17:00:00,88.88707280832095,70,105,1346,17,2016-05-07
4020332650,2016-05-07 18:00:00,85.85714285714286,64,102,189,18,2016-05-07
4020332650,2016-05-07 19:00:00,93.42389853137517,80,117,1498,19,2016-05-07
4020332650,2016-05-07 20:00:00,84.99700598802396,70,96,334,20,2016-05-07
4020332650,2016-05-07 21:00:00,83.87690504103165,70,98,853,21,2016-05-07
4020332650,2016-05-07 22:00:00,86.61378413524058,77,102,769,22,2016-05-07
4020332650,2016-05-08 00:00:00,69.13101160862355,56,118,603,0,2016-05-08
4020332650,2016-05-08 01:00:00,63.0949759119064,56,88,1453,1,2016-05-08
4020332650,2016-05-08 02:00:00,67.1595818815331,56,97,1435,2,2016-05-08
4020332650,2016-05-08 03:00:00,63.42178940961656,54,76,1643,3,2016-05-08
4020332650,2016-05-08 04:00:00,60.10769230769231,52,101,1235,4,2016-05-08
4020332650,2016-05-08 05:00:00,59.258934592043154,52,73,1483,5,2016-05-08
4020332650,2016-05-08 06:00:00,60.90429275158339,52,75,1421,6,2016-05-08
4020332650,2016-05-08 07:00:00,68.06168831168831,51,100,1540,7,2016-05-08
4020332650,2016-05-08 08:00:00,72.5877080665813,57,96,1562,8,2016-05-08
4020332650,2016-05-08 09:00:00,80.36761640027797,66,100,1439,9,2016-05-08
4020332650,2016-05-08 10:00:00,80.2625250501002,60,101,1497,10,2016-05-08
4020332650,2016-05-08 11:00:00,90.50155763239876,77,107,1605,11,2016-05-08
4020332650,2016-05-08 12:00:00,87.36251468860165,75,111,1702,12,2016-05-08
4020332650,2016-05-08 13:00:00,76.80513784461152,67,104,1596,13,2016-05-08
4020332650,2016-05-08 14:00:00,92.73757225433526,69,112,1730,14,2016-05-08
4020332650,2016-05-08 15:00:00,93.31608478802993,70,128,1604,15,2016-05-08
4020332650,2016-05-08 16:00:00,94.5468085106383,70,123,940,16,2016-05-08
4020332650,2016-05-08 17:00:00,90.32523616734143,76,107,1482,17,2016-05-08
4020332650,2016-05-08 18:00:00,93.24097176625082,63,115,1523,18,2016-05-08
4020332650,2016-05-08 19:00:00,88.79319546364243,70,108,1499,19,2016-05-08
4020332650,2016-05-08 20:00:00,83.84095178459611,68,131,1597,20,2016-05-08
4020332650,2016-05-08 21:00:00,80.98834951456311,67,107,1545,21,2016-05-08
4020332650,2016-05-08 22:00:00,71.96475195822454,62,83,1532,22,2016-05-08
4020332650,2016-05-08 23:00:00,68.9367469879518,58,81,332,23,2016-05-08
4020332650,2016-05-09 08:00:00,70.0,70,70,4,8,2016-05-09
4020332650,2016-05-09 14:00:00,88.62214089661482,63,130,1093,14,2016-05-09
4020332650,2016-05-09 15:00:00,90.86403806934058,69,107,1471,15,2016-05-09
4020332650,2016-05-09 16:00:00,95.26385224274406,80,115,1516,16,2016-05-09
4020332650,2016-05-09 17:00:00,97.18721755971595,82,128,1549,17,2016-05-09
4020332650,2016-05-09 18:00:00,90.39712606139778,75,110,1531,18,2016-05-09
4020332650,2016-05-09 19:00:00,92.89911727616645,78,122,1586,19,2016-05-09
4020332650,2016-05-09 20:00:00,89.25212636695018,70,155,1646,20,2016-05-09
4020332650,2016-05-09 21:00:00,80.10768261964735,68,98,1588,21,2016-05-09
4020332650,2016-05-09 22:00:00,75.98571428571428,63,99,1680,22,2016-05-09
4020332650,2016-05-09 23:00:00,67.4439313984169,55,94,1516,23,2016-05-09
4020332650,2016-05-10 00:00:00,56.815247252747255,52,77,1456,0,2016-05-10
4020332650,2016-05-10 01:00:00,57.94530722484807,50,70,1481,1,2016-05-10
4020332650,2016-05-10 02:00:00,58.86849132176235,47,101,1498,2,2016-05-10
4020332650,2016-05-10 03:00:00,57.80325732899023,52,70,1535,3,2016-05-10
4020332650,2016-05-10 04:00:00,57.06740837696335,49,77,1528,4,2016-05-10
4020332650,2016-05-10 05:00:00,57.136330140014735,50,81,1357,5,2016-05-10
4020332650,2016-05-10 06:00:00,55.5761154855643,46,81,1524,6,2016-05-10
4020332650,2016-05-10 07:00:00,63.679282868525895,51,94,1506,7,2016-05-10
4020332650,2016-05-10 08:00:00,71.25290164935858,60,93,1637,8,2016-05-10
4020332650,2016-05-10 09:00:00,72.74039030159669,60,89,1691,9,2016-05-10
4020332650,2016-05-10 10:00:00,75.5247403787416,62,92,1637,10,2016-05-10
4020332650,2016-05-10 11:00:00,76.91442848219863,61,98,1601,11,2016-05-10
4020332650,2016-05-10 12:00:00,86.49589387239419,68,113,1583,12,2016-05-10
4020332650,2016-05-10 13:00:00,82.61407766990291,66,95,1648,13,2016-05-10
4020332650,2016-05-10 14:00:00,83.40514661879115,70,97,1671,14,2016-05-10
4020332650,2016-05-10 15:00:00,88.79138461538462,74,106,1625,15,2016-05-10
4020332650,2016-05-10 16:00:00,85.7507827175955,64,104,1597,16,2016-05-10
4020332650,2016-05-10 17:00:00,84.01932773109243,64,105,1190,17,2016-05-10
4020332650,2016-05-10 18:00:00,78.29411764705883,70,87,17,18,2016-05-10
4020332650,2016-05-10 19:00:00,116.234375,70,134,320,19,2016-05-10
4020332650,2016-05-10 20:00:00,103.18518518518519,59,120,162,20,2016-05-10
4020332650,2016-05-10 21:00:00,70.0,70,70,3,21,2016-05-10
4020332650,2016-05-10 22:00:00,94.62435233160622,66,118,386,22,2016-05-10
4020332650,2016-05-10 23:00:00,112.65848214285714,70,142,448,23,2016-05-10
4020332650,2016-05-11 10:00:00,70.94565217391305,70,71,92,10,2016-05-11
4020332650,2016-05-11 11:00:00,91.4659090909091,70,121,264,11,2016-05-11
4020332650,2016-05-11 12:00:00,85.42338461538462,73,109,1625,12,2016-05-11
4020332650,2016-05-11 13:00:00,87.50593667546174,64,105,1516,13,2016-05-11
4020332650,2016-05-11 14:00:00,94.33333333333333,70,133,1494,14,2016-05-11
4020332650,2016-05-11 15:00:00,96.04264524103831,76,117,1618,15,2016-05-11
4020332650,2016-05-11 16:00:00,92.75933075933077,77,111,1554,16,2016-05-11
4020332650,2016-05-11 17:00:00,95.792656587473,84,107,463,17,2016-05-11
4020332650,2016-05-12 11:00:00,87.04347826086956,70,99,460,11,2016-05-12
4020332650,2016-05-12 12:00:00,99.98109965635739,79,125,582,12,2016-05-12
4388161847,2016-04-13 00:00:00,56.051575931232094,47,80,349,0,2016-04-13
4388161847,2016-04-13 01:00:00,53.813813813813816,50,75,333,1,2016-04-13
4388161847,2016-04-13 02:00:00,52.4156976744186,47,76,344,2,2016-04-13
4388161847,2016-04-13 03:00:00,50.37758112094395,45,80,339,3,2016-04-13
4388161847,2016-04-13 04:00:00,54.7465564738292,45,121,363,4,2016-04-13
4388161847,2016-04-13 05:00:00,81.41769547325103,54,130,486,5,2016-04-13
4388161847,2016-04-13 06:00:00,83.03755868544602,63,120,426,6,2016-04-13
4388161847,2016-04-13 07:00:00,66.2,56,97,385,7,2016-04-13
4388161847,2016-04-13 08:00:00,64.95913461538461,53,100,416,8,2016-04-13
4388161847,2016-04-13 09:00:00,57.48266666666667,51,91,375,9,2016-04-13
4388161847,2016-04-13 10:00:00,66.16584158415841,53,106,404,10,2016-04-13
4388161847,2016-04-13 11:00:00,63.94117647058823,55,79,391,11,2016-04-13
4388161847,2016-04-13 12:00:00,66.79787234042553,55,93,376,12,2016-04-13
4388161847,2016-04-13 13:00:00,61.29255319148936,52,83,376,13,2016-04-13
4388161847,2016-04-13 14:00:00,62.68324607329843,53,85,382,14,2016-04-13
4388161847,2016-04-13 15:00:00,62.307106598984774,53,130,394,15,2016-04-13
4388161847,2016-04-13 16:00:00,73.94594594594595,53,100,444,16,2016-04-13
4388161847,2016-04-13 17:00:00,72.95074946466809,58,95,467,17,2016-04-13
4388161847,2016-04-13 18:00:00,80.77938144329897,62,112,485,18,2016-04-13
4388161847,2016-04-13 19:00:00,84.56827309236948,62,118,498,19,2016-04-13
4388161847,2016-04-13 20:00:00,69.92,60,98,175,20,2016-04-13
4388161847,2016-04-14 04:00:00,77.8,76,82,5,4,2016-04-14
4388161847,2016-04-14 05:00:00,83.74170616113744,56,132,422,5,2016-04-14
4388161847,2016-04-14 06:00:00,79.56399132321042,61,130,461,6,2016-04-14
4388161847,2016-04-14 07:00:00,69.10326086956522,56,92,368,7,2016-04-14
4388161847,2016-04-14 08:00:00,62.46701846965699,53,83,379,8,2016-04-14
4388161847,2016-04-14 09:00:00,62.236907730673316,50,107,401,9,2016-04-14
4388161847,2016-04-14 10:00:00,65.2,52,101,400,10,2016-04-14
4388161847,2016-04-14 11:00:00,64.84143222506394,52,98,391,11,2016-04-14
4388161847,2016-04-14 12:00:00,62.715025906735754,54,90,386,12,2016-04-14
4388161847,2016-04-14 13:00:00,60.28350515463917,52,83,388,13,2016-04-14
4388161847,2016-04-14 14:00:00,56.71506849315068,49,78,365,14,2016-04-14
4388161847,2016-04-14 15:00:00,59.25065274151436,48,96,383,15,2016-04-14
4388161847,2016-04-14 16:00:00,74.67425968109339,56,108,439,16,2016-04-14
4388161847,2016-04-14 17:00:00,93.58043478260869,68,114,460,17,2016-04-14
4388161847,2016-04-14 18:00:00,69.97007481296758,57,103,401,18,2016-04-14
4388161847,2016-04-14 19:00:00,74.32374100719424,58,111,417,19,2016-04-14
4388161847,2016-04-14 20:00:00,62.410404624277454,53,79,346,20,2016-04-14
4388161847,2016-04-14 21:00:00,62.54103343465046,53,109,329,21,2016-04-14
4388161847,2016-04-14 22:00:00,60.47289156626506,55,74,332,22,2016-04-14
4388161847,2016-04-14 23:00:00,62.31347962382445,54,76,319,23,2016-04-14
4388161847,2016-04-15 00:00:00,54.6437125748503,50,72,334,0,2016-04-15
4388161847,2016-04-15 01:00:00,52.976897689768975,45,71,303,1,2016-04-15
4388161847,2016-04-15 02:00:00,50.53958944281525,45,73,341,2,2016-04-15
4388161847,2016-04-15 03:00:00,50.308868501529055,44,67,327,3,2016-04-15
4388161847,2016-04-15 04:00:00,58.36914600550964,47,115,363,4,2016-04-15
4388161847,2016-04-15 05:00:00,79.87731481481481,56,104,432,5,2016-04-15
4388161847,2016-04-15 06:00:00,84.43838862559242,57,127,422,6,2016-04-15
4388161847,2016-04-15 07:00:00,65.69086021505376,55,88,372,7,2016-04-15
4388161847,2016-04-15 08:00:00,61.59715639810427,49,81,422,8,2016-04-15
4388161847,2016-04-15 09:00:00,59.65343915343915,52,88,378,9,2016-04-15
4388161847,2016-04-15 10:00:00,62.51877934272301,46,105,426,10,2016-04-15
4388161847,2016-04-15 11:00:00,63.43152454780362,53,97,387,11,2016-04-15
4388161847,2016-04-15 12:00:00,61.53369272237197,54,90,371,12,2016-04-15
4388161847,2016-04-15 13:00:00,64.40359897172236,52,109,389,13,2016-04-15
4388161847,2016-04-15 14:00:00,59.715817694369974,51,82,373,14,2016-04-15
4388161847,2016-04-15 15:00:00,64.41234567901235,53,117,405,15,2016-04-15
4388161847,2016-04-15 16:00:00,84.94545454545455,57,113,440,16,2016-04-15
4388161847,2016-04-15 17:00:00,69.07712765957447,57,97,376,17,2016-04-15
4388161847,2016-04-15 18:00:00,71.65903307888041,55,94,393,18,2016-04-15
4388161847,2016-04-15 19:00:00,74.46858638743456,58,93,382,19,2016-04-15
4388161847,2016-04-15 20:00:00,72.47179487179487,63,89,390,20,2016-04-15
4388161847,2016-04-15 21:00:00,74.66165413533835,63,100,399,21,2016-04-15
4388161847,2016-04-15 22:00:00,79.90314136125654,70,103,382,22,2016-04-15
4388161847,2016-04-15 23:00:00,82.44974874371859,69,122,398,23,2016-04-15
4388161847,2016-04-16 00:00:00,74.63384615384615,67,93,325,0,2016-04-16
4388161847,2016-04-16 01:00:00,71.44,63,93,325,1,2016-04-16
4388161847,2016-04-16 02:00:00,68.21671826625386,60,90,323,2,2016-04-16
4388161847,2016-04-16 03:00:00,64.24852071005917,59,85,338,3,2016-04-16
4388161847,2016-04-16 04:00:00,66.96491228070175,60,97,342,4,2016-04-16
4388161847,2016-04-16 05:00:00,63.73684210526316,57,84,342,5,2016-04-16
4388161847,2016-04-16 06:00:00,73.3970223325062,58,114,403,6,2016-04-16
4388161847,2016-04-16 07:00:00,77.86363636363636,64,96,352,7,2016-04-16
4388161847,2016-04-16 08:00:00,86.11818181818182,61,142,440,8,2016-04-16
4388161847,2016-04-16 09:00:00,91.45403899721448,70,108,359,9,2016-04-16
4388161847,2016-04-16 10:00:00,81.32613908872902,63,104,417,10,2016-04-16
4388161847,2016-04-16 11:00:00,77.30099502487562,61,101,402,11,2016-04-16
4388161847,2016-04-16 12:00:00,76.74932614555256,66,93,371,12,2016-04-16
4388161847,2016-04-16 13:00:00,81.25056433408578,64,104,443,13,2016-04-16
4388161847,2016-04-16 14:00:00,85.41834451901566,66,116,447,14,2016-04-16
4388161847,2016-04-16 15:00:00,77.77604166666667,69,99,384,15,2016-04-16
4388161847,2016-04-16 16:00:00,73.12290502793296,59,91,358,16,2016-04-16
4388161847,2016-04-16 17:00:00,71.5703125,62,83,384,17,2016-04-16
4388161847,2016-04-16 18:00:00,77.6945107398568,61,97,419,18,2016-04-16
4388161847,2016-04-16 19:00:00,78.17847769028872,69,94,381,19,2016-04-16
4388161847,2016-04-16 20:00:00,77.2931506849315,69,88,365,20,2016-04-16
4388161847,2016-04-16 21:00:00,74.6280193236715,58,113,414,21,2016-04-16
4388161847,2016-04-16 22:00:00,64.55485893416927,57,84,319,22,2016-04-16
4388161847,2016-04-16 23:00:00,63.67192429022082,56,70,317,23,2016-04-16
4388161847,2016-04-17 00:00:00,63.21902017291066,55,79,347,0,2016-04-17
4388161847,2016-04-17 01:00:00,62.774566473988436,57,74,346,1,2016-04-17
4388161847,2016-04-17 02:00:00,62.84240687679083,56,74,349,2,2016-04-17
4388161847,2016-04-17 03:00:00,56.98198198198198,52,82,333,3,2016-04-17
4388161847,2016-04-17 04:00:00,56.13609467455621,51,77,338,4,2016-04-17
4388161847,2016-04-17 05:00:00,56.163841807909606,49,82,354,5,2016-04-17
4388161847,2016-04-17 06:00:00,64.40409207161126,50,92,391,6,2016-04-17
4388161847,2016-04-17 07:00:00,74.53034300791556,59,91,379,7,2016-04-17
4388161847,2016-04-17 08:00:00,73.9652605459057,60,110,403,8,2016-04-17
4388161847,2016-04-17 09:00:00,75.24276169265033,61,97,449,9,2016-04-17
4388161847,2016-04-17 10:00:00,69.37128712871286,58,102,404,10,2016-04-17
4388161847,2016-04-17 11:00:00,65.6311475409836,56,85,366,11,2016-04-17
4388161847,2016-04-17 12:00:00,74.8048780487805,57,113,410,12,2016-04-17
4388161847,2016-04-17 13:00:00,71.06285714285714,59,97,350,13,2016-04-17
4388161847,2016-04-17 14:00:00,69.70487106017193,61,90,349,14,2016-04-17
4388161847,2016-04-17 15:00:00,64.03389830508475,54,80,354,15,2016-04-17
4388161847,2016-04-17 16:00:00,65.55,50,93,380,16,2016-04-17
4388161847,2016-04-17 17:00:00,65.24444444444444,53,109,405,17,2016-04-17
4388161847,2016-04-17 18:00:00,66.7408256880734,54,96,436,18,2016-04-17
4388161847,2016-04-17 19:00:00,64.80867346938776,53,89,392,19,2016-04-17
4388161847,2016-04-17 20:00:00,66.76578947368421,57,93,380,20,2016-04-17
4388161847,2016-04-17 21:00:00,64.19354838709677,55,93,372,21,2016-04-17
4388161847,2016-04-17 22:00:00,66.66539923954373,57,95,263,22,2016-04-17
4388161847,2016-04-18 06:00:00,84.8688524590164,73,98,61,6,2016-04-18
4388161847,2016-04-18 07:00:00,77.84841628959276,60,109,442,7,2016-04-18
4388161847,2016-04-18 08:00:00,69.45758354755785,59,91,389,8,2016-04-18
4388161847,2016-04-18 09:00:00,63.60054347826087,57,88,368,9,2016-04-18
4388161847,2016-04-18 10:00:00,62.50125313283208,51,93,399,10,2016-04-18
4388161847,2016-04-18 11:00:00,71.7114914425428,57,88,409,11,2016-04-18
4388161847,2016-04-18 12:00:00,70.08602150537635,60,104,372,12,2016-04-18
4388161847,2016-04-18 13:00:00,68.1282722513089,55,104,382,13,2016-04-18
4388161847,2016-04-18 14:00:00,63.40616966580977,55,80,389,14,2016-04-18
4388161847,2016-04-18 15:00:00,64.05569620253165,54,98,395,15,2016-04-18
4388161847,2016-04-18 16:00:00,118.87788331071913,55,174,737,16,2016-04-18
4388161847,2016-04-18 17:00:00,107.76095947063689,69,176,1209,17,2016-04-18
4388161847,2016-04-18 18:00:00,91.55327102803739,74,140,535,18,2016-04-18
4388161847,2016-04-18 19:00:00,82.52447552447552,65,119,429,19,2016-04-18
4388161847,2016-04-18 20:00:00,80.27292576419214,62,110,458,20,2016-04-18
4388161847,2016-04-18 21:00:00,70.29651162790698,63,81,344,21,2016-04-18
4388161847,2016-04-18 22:00:00,68.11016949152543,58,114,354,22,2016-04-18
4388161847,2016-04-18 23:00:00,59.11345646437995,50,81,379,23,2016-04-18
4388161847,2016-04-19 00:00:00,55.56891495601173,52,76,341,0,2016-04-19
4388161847,2016-04-19 01:00:00,52.9388379204893,49,80,327,1,2016-04-19
4388161847,2016-04-19 02:00:00,52.32380952380952,48,68,315,2,2016-04-19
4388161847,2016-04-19 03:00:00,51.28242074927954,46,77,347,3,2016-04-19
4388161847,2016-04-19 04:00:00,55.35294117647059,47,96,357,4,2016-04-19
4388161847,2016-04-19 05:00:00,85.81611570247934,55,136,484,5,2016-04-19
4388161847,2016-04-19 06:00:00,90.46317829457364,69,127,516,6,2016-04-19
4388161847,2016-04-19 07:00:00,66.98533007334963,58,106,409,7,2016-04-19
4388161847,2016-04-19 08:00:00,61.440633245382585,50,101,379,8,2016-04-19
4388161847,2016-04-19 09:00:00,60.2780612244898,50,91,392,9,2016-04-19
4388161847,2016-04-19 10:00:00,60.407310704960835,50,95,383,10,2016-04-19
4388161847,2016-04-19 11:00:00,62.76781002638523,53,86,379,11,2016-04-19
4388161847,2016-04-19 12:00:00,62.93455497382199,54,95,382,12,2016-04-19
4388161847,2016-04-19 13:00:00,57.650273224043715,50,73,366,13,2016-04-19
4388161847,2016-04-19 14:00:00,60.45013477088949,51,88,371,14,2016-04-19
4388161847,2016-04-19 15:00:00,58.944954128440365,53,86,327,15,2016-04-19
4388161847,2016-04-19 16:00:00,72.58940397350993,52,108,453,16,2016-04-19
4388161847,2016-04-19 17:00:00,74.83682983682984,55,95,429,17,2016-04-19
4388161847,2016-04-19 18:00:00,72.71937639198218,56,108,449,18,2016-04-19
4388161847,2016-04-19 19:00:00,67.71428571428571,59,84,329,19,2016-04-19
4388161847,2016-04-19 20:00:00,75.9647577092511,63,96,454,20,2016-04-19
4388161847,2016-04-19 21:00:00,66.08616187989556,56,85,383,21,2016-04-19
4388161847,2016-04-19 22:00:00,61.37222222222222,54,88,360,22,2016-04-19
4388161847,2016-04-19 23:00:00,56.567251461988306,50,77,342,23,2016-04-19
4388161847,2016-04-20 00:00:00,53.84146341463415,48,64,328,0,2016-04-20
4388161847,2016-04-20 01:00:00,54.84472049689441,47,83,322,1,2016-04-20
4388161847,2016-04-20 02:00:00,52.833333333333336,48,86,312,2,2016-04-20
4388161847,2016-04-20 03:00:00,52.798816568047336,46,79,338,3,2016-04-20
4388161847,2016-04-20 04:00:00,54.12290502793296,47,78,358,4,2016-04-20
4388161847,2016-04-20 05:00:00,79.91666666666667,54,149,516,5,2016-04-20
4388161847,2016-04-20 06:00:00,87.7971602434077,65,145,493,6,2016-04-20
4388161847,2016-04-20 07:00:00,66.13917525773196,56,83,388,7,2016-04-20
4388161847,2016-04-20 08:00:00,61.35602094240838,53,83,382,8,2016-04-20
4388161847,2016-04-20 09:00:00,59.153225806451616,52,69,372,9,2016-04-20
4388161847,2016-04-20 10:00:00,61.556451612903224,52,89,372,10,2016-04-20
4388161847,2016-04-20 11:00:00,63.51523545706371,53,90,361,11,2016-04-20
4388161847,2016-04-20 12:00:00,65.5989847715736,56,94,394,12,2016-04-20
4388161847,2016-04-20 13:00:00,64.27642276422765,54,92,369,13,2016-04-20
4388161847,2016-04-20 14:00:00,60.07142857142857,53,70,350,14,2016-04-20
4388161847,2016-04-20 15:00:00,61.59444444444444,55,87,360,15,2016-04-20
4388161847,2016-04-20 16:00:00,69.54916067146283,54,101,417,16,2016-04-20
4388161847,2016-04-20 17:00:00,81.27586206896552,59,108,464,17,2016-04-20
4388161847,2016-04-20 18:00:00,67.4030226700252,57,98,397,18,2016-04-20
4388161847,2016-04-20 19:00:00,73.69315673289184,54,105,453,19,2016-04-20
4388161847,2016-04-20 20:00:00,69.8175355450237,58,95,422,20,2016-04-20
4388161847,2016-04-20 21:00:00,63.50692520775623,55,82,361,21,2016-04-20
4388161847,2016-04-20 22:00:00,61.73546511627907,54,81,344,22,2016-04-20
4388161847,2016-04-20 23:00:00,55.43148688046647,48,77,343,23,2016-04-20
4388161847,2016-04-21 00:00:00,54.900621118012424,52,73,322,0,2016-04-21
4388161847,2016-04-21 01:00:00,52.75,45,67,352,1,2016-04-21
4388161847,2016-04-21 02:00:00,50.03030303030303,45,67,330,2,2016-04-21
4388161847,2016-04-21 03:00:00,49.120845921450154,44,74,331,3,2016-04-21
4388161847,2016-04-21 04:00:00,49.12173913043478,42,73,345,4,2016-04-21
4388161847,2016-04-21 05:00:00,68.73275862068965,47,109,464,5,2016-04-21
4388161847,2016-04-21 06:00:00,73.40939597315436,56,97,447,6,2016-04-21
4388161847,2016-04-21 07:00:00,62.46233766233766,52,85,385,7,2016-04-21
4388161847,2016-04-21 08:00:00,57.50997150997151,48,83,351,8,2016-04-21
4388161847,2016-04-21 09:00:00,55.76901408450704,48,67,355,9,2016-04-21
4388161847,2016-04-21 10:00:00,59.573264781491005,47,93,389,10,2016-04-21
4388161847,2016-04-21 11:00:00,60.60285714285714,51,96,350,11,2016-04-21
4388161847,2016-04-21 12:00:00,60.14016172506739,50,79,371,12,2016-04-21
4388161847,2016-04-21 13:00:00,59.73076923076923,52,89,364,13,2016-04-21
4388161847,2016-04-21 14:00:00,57.08426966292135,50,72,356,14,2016-04-21
4388161847,2016-04-21 15:00:00,60.891304347826086,52,85,368,15,2016-04-21
4388161847,2016-04-21 16:00:00,71.72033898305085,56,110,354,16,2016-04-21
4388161847,2016-04-21 17:00:00,73.31666666666666,57,146,180,17,2016-04-21
4388161847,2016-04-21 18:00:00,84.07625272331154,55,118,459,18,2016-04-21
4388161847,2016-04-21 19:00:00,76.74948240165631,55,102,483,19,2016-04-21
4388161847,2016-04-21 20:00:00,74.12437810945273,58,112,402,20,2016-04-21
4388161847,2016-04-21 21:00:00,60.48322147651007,57,68,149,21,2016-04-21
4388161847,2016-04-22 06:00:00,105.8718487394958,56,149,476,6,2016-04-22
4388161847,2016-04-22 07:00:00,67.33080808080808,49,135,396,7,2016-04-22
4388161847,2016-04-22 08:00:00,87.1376673040153,61,134,523,8,2016-04-22
4388161847,2016-04-22 09:00:00,76.55555555555556,59,100,477,9,2016-04-22
4388161847,2016-04-22 10:00:00,70.479302832244,58,91,459,10,2016-04-22
4388161847,2016-04-22 11:00:00,64.64322916666667,58,77,384,11,2016-04-22
4388161847,2016-04-22 12:00:00,67.11675126903553,54,83,394,12,2016-04-22
4388161847,2016-04-22 13:00:00,71.42934782608695,63,77,368,13,2016-04-22
4388161847,2016-04-22 14:00:00,70.43147208121827,59,81,394,14,2016-04-22
4388161847,2016-04-22 15:00:00,72.92230576441102,58,102,399,15,2016-04-22
4388161847,2016-04-22 16:00:00,76.74631268436578,67,95,339,16,2016-04-22
4388161847,2016-04-22 17:00:00,71.67045454545455,59,102,352,17,2016-04-22
4388161847,2016-04-22 18:00:00,79.98602794411178,61,123,501,18,2016-04-22
4388161847,2016-04-22 19:00:00,61.370473537604454,53,81,359,19,2016-04-22
4388161847,2016-04-22 20:00:00,64.57180851063829,53,85,376,20,2016-04-22
4388161847,2016-04-22 21:00:00,67.28651685393258,58,79,356,21,2016-04-22
4388161847,2016-04-22 22:00:00,65.09418282548476,55,93,361,22,2016-04-22
4388161847,2016-04-22 23:00:00,61.973958333333336,55,73,384,23,2016-04-22
4388161847,2016-04-23 00:00:00,55.969014084507045,47,78,355,0,2016-04-23
4388161847,2016-04-23 01:00:00,53.14159292035398,44,69,339,1,2016-04-23
4388161847,2016-04-23 02:00:00,54.3952802359882,48,78,339,2,2016-04-23
4388161847,2016-04-23 03:00:00,54.328402366863905,46,78,338,3,2016-04-23
4388161847,2016-04-23 04:00:00,52.664739884393065,46,73,346,4,2016-04-23
4388161847,2016-04-23 05:00:00,53.63354037267081,49,71,322,5,2016-04-23
4388161847,2016-04-23 06:00:00,56.643076923076926,47,86,325,6,2016-04-23
4388161847,2016-04-23 07:00:00,60.85970149253731,54,74,335,7,2016-04-23
4388161847,2016-04-23 08:00:00,59.44606413994169,50,70,343,8,2016-04-23
4388161847,2016-04-23 09:00:00,62.28034682080925,55,72,346,9,2016-04-23
4388161847,2016-04-23 10:00:00,70.1025641025641,51,99,390,10,2016-04-23
4388161847,2016-04-23 11:00:00,70.73576309794989,55,107,439,11,2016-04-23
4388161847,2016-04-23 12:00:00,68.1659090909091,54,99,440,12,2016-04-23
4388161847,2016-04-23 13:00:00,79.72504708097928,56,127,531,13,2016-04-23
4388161847,2016-04-23 14:00:00,119.45051194539249,54,158,586,14,2016-04-23
4388161847,2016-04-23 15:00:00,65.83547008547009,52,95,468,15,2016-04-23
4388161847,2016-04-23 16:00:00,68.59909909909909,55,78,444,16,2016-04-23
4388161847,2016-04-23 17:00:00,70.65561224489795,62,82,392,17,2016-04-23
4388161847,2016-04-23 18:00:00,70.47101449275362,53,92,414,18,2016-04-23
4388161847,2016-04-23 19:00:00,63.221635883905016,46,82,379,19,2016-04-23
4388161847,2016-04-23 20:00:00,64.67560321715818,51,82,373,20,2016-04-23
4388161847,2016-04-23 21:00:00,56.45906432748538,50,70,342,21,2016-04-23
4388161847,2016-04-23 22:00:00,64.92424242424242,52,98,396,22,2016-04-23
4388161847,2016-04-23 23:00:00,66.03779069767442,58,91,344,23,2016-04-23
4388161847,2016-04-24 00:00:00,60.95762711864407,53,89,354,0,2016-04-24
4388161847,2016-04-24 01:00:00,58.523676880222844,50,73,359,1,2016-04-24
4388161847,2016-04-24 02:00:00,55.43768115942029,49,76,345,2,2016-04-24
4388161847,2016-04-24 03:00:00,55.88405797101449,50,75,345,3,2016-04-24
4388161847,2016-04-24 04:00:00,54.51735015772871,48,78,317,4,2016-04-24
4388161847,2016-04-24 05:00:00,56.252873563218394,50,76,348,5,2016-04-24
4388161847,2016-04-24 06:00:00,64.70822942643392,52,119,401,6,2016-04-24
4388161847,2016-04-24 07:00:00,61.48209366391185,52,72,363,7,2016-04-24
4388161847,2016-04-24 08:00:00,59.18441558441558,48,93,385,8,2016-04-24
4388161847,2016-04-24 09:00:00,52.06024096385542,45,60,332,9,2016-04-24
4388161847,2016-04-24 10:00:00,56.04,44,93,375,10,2016-04-24
4388161847,2016-04-24 11:00:00,59.50429799426934,53,77,349,11,2016-04-24
4388161847,2016-04-24 12:00:00,67.83807439824945,52,95,457,12,2016-04-24
4388161847,2016-04-24 13:00:00,69.93913043478261,53,100,460,13,2016-04-24
4388161847,2016-04-24 14:00:00,71.66191446028513,51,131,491,14,2016-04-24
4388161847,2016-04-24 15:00:00,69.48237885462555,54,139,454,15,2016-04-24
4388161847,2016-04-24 16:00:00,59.623456790123456,54,75,324,16,2016-04-24
4388161847,2016-04-24 17:00:00,56.314447592067985,49,73,353,17,2016-04-24
4388161847,2016-04-24 18:00:00,64.52554744525547,51,92,411,18,2016-04-24
4388161847,2016-04-24 19:00:00,61.71649484536083,52,83,388,19,2016-04-24
4388161847,2016-04-24 20:00:00,74.28486055776892,56,99,502,20,2016-04-24
4388161847,2016-04-24 21:00:00,61.589333333333336,52,82,375,21,2016-04-24
4388161847,2016-04-24 22:00:00,57.49142857142857,52,66,175,22,2016-04-24
4388161847,2016-04-25 05:00:00,69.21887550200803,54,95,498,5,2016-04-25
4388161847,2016-04-25 06:00:00,72.33333333333333,54,107,453,6,2016-04-25
4388161847,2016-04-25 07:00:00,67.75853658536586,58,88,410,7,2016-04-25
4388161847,2016-04-25 08:00:00,65.66022099447514,58,86,362,8,2016-04-25
4388161847,2016-04-25 09:00:00,60.390745501285345,53,97,389,9,2016-04-25
4388161847,2016-04-25 10:00:00,58.33064516129032,50,83,372,10,2016-04-25
4388161847,2016-04-25 11:00:00,66.09367088607596,53,88,395,11,2016-04-25
4388161847,2016-04-25 12:00:00,63.895161290322584,56,75,372,12,2016-04-25
4388161847,2016-04-25 13:00:00,60.421487603305785,53,91,363,13,2016-04-25
4388161847,2016-04-25 14:00:00,59.30548302872063,52,72,383,14,2016-04-25
4388161847,2016-04-25 15:00:00,57.60880829015544,50,88,386,15,2016-04-25
4388161847,2016-04-25 16:00:00,68.50450450450451,52,112,444,16,2016-04-25
4388161847,2016-04-25 17:00:00,87.13833992094861,55,150,506,17,2016-04-25
4388161847,2016-04-25 18:00:00,71.44497607655502,51,103,418,18,2016-04-25
4388161847,2016-04-25 19:00:00,81.2299349240781,59,112,461,19,2016-04-25
4388161847,2016-04-25 20:00:00,83.82365145228216,60,114,482,20,2016-04-25
4388161847,2016-04-25 21:00:00,64.34986225895317,50,108,363,21,2016-04-25
4388161847,2016-04-25 22:00:00,55.37362637362637,46,97,364,22,2016-04-25
4388161847,2016-04-25 23:00:00,51.33136094674556,45,72,338,23,2016-04-25
4388161847,2016-04-26 00:00:00,51.79090909090909,43,69,330,0,2016-04-26
4388161847,2016-04-26 01:00:00,53.92463768115942,47,81,345,1,2016-04-26
4388161847,2016-04-26 02:00:00,51.32069970845481,42,61,343,2,2016-04-26
4388161847,2016-04-26 03:00:00,53.767908309455585,44,78,349,3,2016-04-26
4388161847,2016-04-26 04:00:00,52.455357142857146,44,71,336,4,2016-04-26
4388161847,2016-04-26 05:00:00,76.68058455114823,52,128,479,5,2016-04-26
4388161847,2016-04-26 06:00:00,82.73137254901961,61,116,510,6,2016-04-26
4388161847,2016-04-26 07:00:00,67.468671679198,54,94,399,7,2016-04-26
4388161847,2016-04-26 08:00:00,61.19491525423729,53,78,354,8,2016-04-26
4388161847,2016-04-26 09:00:00,59.68689320388349,49,97,412,9,2016-04-26
4388161847,2016-04-26 10:00:00,60.50877192982456,50,85,399,10,2016-04-26
4388161847,2016-04-26 11:00:00,63.66494845360825,56,88,388,11,2016-04-26
4388161847,2016-04-26 12:00:00,64.7156862745098,55,86,408,12,2016-04-26
4388161847,2016-04-26 13:00:00,60.214285714285715,49,81,378,13,2016-04-26
4388161847,2016-04-26 14:00:00,62.99465240641711,54,86,374,14,2016-04-26
4388161847,2016-04-26 15:00:00,60.140957446808514,53,81,376,15,2016-04-26
4388161847,2016-04-26 16:00:00,62.28109452736319,48,104,402,16,2016-04-26
4388161847,2016-04-26 17:00:00,68.88025210084034,52,98,476,17,2016-04-26
4388161847,2016-04-26 18:00:00,63.989769820971865,55,81,391,18,2016-04-26
4388161847,2016-04-26 19:00:00,63.91340782122905,57,80,358,19,2016-04-26
4388161847,2016-04-26 20:00:00,63.25459317585302,54,100,381,20,2016-04-26
4388161847,2016-04-26 21:00:00,60.02332361516035,51,80,343,21,2016-04-26
4388161847,2016-04-26 22:00:00,59.69298245614035,52,72,342,22,2016-04-26
4388161847,2016-04-26 23:00:00,56.57865168539326,47,75,356,23,2016-04-26
4388161847,2016-04-27 00:00:00,50.923280423280424,44,76,378,0,2016-04-27
4388161847,2016-04-27 01:00:00,53.24425287356322,48,77,348,1,2016-04-27
4388161847,2016-04-27 02:00:00,50.15277777777778,42,76,360,2,2016-04-27
4388161847,2016-04-27 03:00:00,47.74924471299094,42,68,331,3,2016-04-27
4388161847,2016-04-27 04:00:00,47.592375366568916,42,71,341,4,2016-04-27
4388161847,2016-04-27 05:00:00,66.30648769574944,51,122,447,5,2016-04-27
4388161847,2016-04-27 06:00:00,66.89731051344744,50,115,409,6,2016-04-27
4388161847,2016-04-27 07:00:00,58.14247311827957,52,77,372,7,2016-04-27
4388161847,2016-04-27 08:00:00,56.94609164420485,50,87,371,8,2016-04-27
4388161847,2016-04-27 09:00:00,55.799457994579946,44,93,369,9,2016-04-27
4388161847,2016-04-27 10:00:00,58.41711229946524,46,93,374,10,2016-04-27
4388161847,2016-04-27 11:00:00,64.07226107226107,50,85,429,11,2016-04-27
4388161847,2016-04-27 12:00:00,66.93446601941747,56,100,412,12,2016-04-27
4388161847,2016-04-27 13:00:00,59.94736842105263,54,74,361,13,2016-04-27
4388161847,2016-04-27 14:00:00,59.0625,53,72,384,14,2016-04-27
4388161847,2016-04-27 15:00:00,62.56117021276596,55,84,376,15,2016-04-27
4388161847,2016-04-27 16:00:00,70.39344262295081,53,153,427,16,2016-04-27
4388161847,2016-04-27 17:00:00,72.02127659574468,54,114,470,17,2016-04-27
4388161847,2016-04-27 18:00:00,86.19744058500915,70,117,547,18,2016-04-27
4388161847,2016-04-27 19:00:00,67.61538461538461,57,92,403,19,2016-04-27
4388161847,2016-04-27 20:00:00,64.43589743589743,54,84,390,20,2016-04-27
4388161847,2016-04-27 21:00:00,62.57837837837838,53,86,370,21,2016-04-27
4388161847,2016-04-27 22:00:00,60.85840707964602,55,82,339,22,2016-04-27
4388161847,2016-04-27 23:00:00,60.34402332361516,49,85,343,23,2016-04-27
4388161847,2016-04-28 00:00:00,52.78888888888889,47,72,360,0,2016-04-28
4388161847,2016-04-28 01:00:00,50.32721712538226,45,73,327,1,2016-04-28
4388161847,2016-04-28 02:00:00,47.88253012048193,41,61,332,2,2016-04-28
4388161847,2016-04-28 03:00:00,48.41741741741742,43,71,333,3,2016-04-28
4388161847,2016-04-28 04:00:00,47.76878612716763,41,75,346,4,2016-04-28
4388161847,2016-04-28 05:00:00,74.929718875502,46,126,498,5,2016-04-28
4388161847,2016-04-28 06:00:00,81.02448979591837,52,131,490,6,2016-04-28
4388161847,2016-04-28 07:00:00,70.37795275590551,61,85,381,7,2016-04-28
4388161847,2016-04-28 08:00:00,65.1606648199446,50,91,361,8,2016-04-28
4388161847,2016-04-28 09:00:00,55.55313351498638,44,67,367,9,2016-04-28
4388161847,2016-04-28 10:00:00,60.16627078384798,49,87,421,10,2016-04-28
4388161847,2016-04-28 11:00:00,59.8384074941452,50,85,427,11,2016-04-28
4388161847,2016-04-28 12:00:00,62.166666666666664,54,90,372,12,2016-04-28
4388161847,2016-04-28 13:00:00,61.067385444743934,53,79,371,13,2016-04-28
4388161847,2016-04-28 14:00:00,58.779369627507165,49,74,349,14,2016-04-28
4388161847,2016-04-28 15:00:00,55.98324022346369,50,70,358,15,2016-04-28
4388161847,2016-04-28 16:00:00,73.4576802507837,55,102,319,16,2016-04-28
4388161847,2016-04-28 17:00:00,74.37160120845921,54,109,331,17,2016-04-28
4388161847,2016-04-28 18:00:00,65.3054892601432,49,89,419,18,2016-04-28
4388161847,2016-04-28 19:00:00,63.65239294710327,53,95,397,19,2016-04-28
4388161847,2016-04-28 20:00:00,68.81497797356828,62,100,227,20,2016-04-28
4388161847,2016-04-29 05:00:00,72.23319327731092,51,130,476,5,2016-04-29
4388161847,2016-04-29 06:00:00,81.90683229813665,61,133,483,6,2016-04-29
4388161847,2016-04-29 07:00:00,66.0,53,93,405,7,2016-04-29
4388161847,2016-04-29 08:00:00,58.12228260869565,49,90,368,8,2016-04-29
4388161847,2016-04-29 09:00:00,58.680851063829785,50,88,376,9,2016-04-29
4388161847,2016-04-29 10:00:00,59.2313829787234,50,107,376,10,2016-04-29
4388161847,2016-04-29 11:00:00,57.08378378378379,44,78,370,11,2016-04-29
4388161847,2016-04-29 12:00:00,58.98941798941799,47,83,378,12,2016-04-29
4388161847,2016-04-29 13:00:00,61.30649350649351,53,82,385,13,2016-04-29
4388161847,2016-04-29 14:00:00,65.56701030927834,54,94,388,14,2016-04-29
4388161847,2016-04-29 15:00:00,72.87573964497041,66,79,338,15,2016-04-29
4388161847,2016-04-29 16:00:00,72.11142061281338,62,83,359,16,2016-04-29
4388161847,2016-04-29 17:00:00,68.5046511627907,57,96,430,17,2016-04-29
4388161847,2016-04-29 18:00:00,67.22274881516587,55,82,422,18,2016-04-29
4388161847,2016-04-29 19:00:00,64.68922305764411,54,80,399,19,2016-04-29
4388161847,2016-04-29 20:00:00,70.55294117647058,58,92,425,20,2016-04-29
4388161847,2016-04-29 21:00:00,66.28532608695652,58,76,368,21,2016-04-29
4388161847,2016-04-29 22:00:00,66.73280423280423,54,89,378,22,2016-04-29
4388161847,2016-04-29 23:00:00,61.5013698630137,54,78,365,23,2016-04-29
4388161847,2016-04-30 00:00:00,60.131736526946106,51,88,334,0,2016-04-30
4388161847,2016-04-30 01:00:00,51.73076923076923,45,68,338,1,2016-04-30
4388161847,2016-04-30 02:00:00,52.88472622478386,47,76,347,2,2016-04-30
4388161847,2016-04-30 03:00:00,53.53105590062112,47,72,322,3,2016-04-30
4388161847,2016-04-30 04:00:00,55.48224852071006,49,83,338,4,2016-04-30
4388161847,2016-04-30 05:00:00,52.667605633802815,47,83,355,5,2016-04-30
4388161847,2016-04-30 06:00:00,59.45844504021448,45,95,373,6,2016-04-30
4388161847,2016-04-30 07:00:00,56.48275862068966,47,75,377,7,2016-04-30
4388161847,2016-04-30 08:00:00,56.56284153005465,49,66,366,8,2016-04-30
4388161847,2016-04-30 09:00:00,73.89914163090128,51,104,466,9,2016-04-30
4388161847,2016-04-30 10:00:00,68.77694235588973,54,97,399,10,2016-04-30
4388161847,2016-04-30 11:00:00,87.44375,62,113,480,11,2016-04-30
4388161847,2016-04-30 12:00:00,82.119918699187,55,106,492,12,2016-04-30
4388161847,2016-04-30 13:00:00,72.45190156599553,59,105,447,13,2016-04-30
4388161847,2016-04-30 14:00:00,58.94428969359331,54,74,359,14,2016-04-30
4388161847,2016-04-30 15:00:00,60.05,54,76,360,15,2016-04-30
4388161847,2016-04-30 16:00:00,69.83177570093459,53,113,428,16,2016-04-30
4388161847,2016-04-30 17:00:00,60.52429667519181,51,77,391,17,2016-04-30
4388161847,2016-04-30 18:00:00,66.91981132075472,53,93,424,18,2016-04-30
4388161847,2016-04-30 19:00:00,63.997416020671835,53,94,387,19,2016-04-30
4388161847,2016-04-30 20:00:00,74.73650107991361,52,112,463,20,2016-04-30
4388161847,2016-04-30 21:00:00,64.34715025906736,54,95,386,21,2016-04-30
4388161847,2016-04-30 22:00:00,56.377300613496935,49,73,326,22,2016-04-30
4388161847,2016-04-30 23:00:00,54.450581395348834,49,78,344,23,2016-04-30
4388161847,2016-05-01 00:00:00,56.34743202416919,50,74,331,0,2016-05-01
4388161847,2016-05-01 01:00:00,51.87896253602305,43,79,347,1,2016-05-01
4388161847,2016-05-01 02:00:00,49.208955223880594,44,74,335,2,2016-05-01
4388161847,2016-05-01 03:00:00,49.9080459770115,43,73,348,3,2016-05-01
4388161847,2016-05-01 04:00:00,46.919402985074626,39,70,335,4,2016-05-01
4388161847,2016-05-01 05:00:00,48.0932944606414,42,80,343,5,2016-05-01
4388161847,2016-05-01 06:00:00,47.69436201780415,42,75,337,6,2016-05-01
4388161847,2016-05-01 07:00:00,49.020114942528735,42,82,348,7,2016-05-01
4388161847,2016-05-01 08:00:00,69.28861788617886,42,103,492,8,2016-05-01
4388161847,2016-05-01 09:00:00,61.142857142857146,53,78,371,9,2016-05-01
4388161847,2016-05-01 10:00:00,65.93765586034912,52,98,401,10,2016-05-01
4388161847,2016-05-01 11:00:00,68.25510204081633,52,98,392,11,2016-05-01
4388161847,2016-05-01 12:00:00,69.79404466501241,54,92,403,12,2016-05-01
4388161847,2016-05-01 13:00:00,67.86524822695036,54,92,423,13,2016-05-01
4388161847,2016-05-01 14:00:00,57.57657657657658,53,78,333,14,2016-05-01
4388161847,2016-05-01 15:00:00,72.11915887850468,51,100,428,15,2016-05-01
4388161847,2016-05-01 16:00:00,65.13498622589532,57,95,363,16,2016-05-01
4388161847,2016-05-01 17:00:00,71.87108013937282,59,102,287,17,2016-05-01
4388161847,2016-05-01 18:00:00,68.64050632911392,60,90,395,18,2016-05-01
4388161847,2016-05-01 19:00:00,68.65402843601896,52,105,422,19,2016-05-01
4388161847,2016-05-01 20:00:00,58.310526315789474,48,85,380,20,2016-05-01
4388161847,2016-05-01 21:00:00,55.52861035422343,50,69,367,21,2016-05-01
4388161847,2016-05-01 22:00:00,53.26724137931034,44,80,348,22,2016-05-01
4388161847,2016-05-01 23:00:00,52.88636363636363,47,66,308,23,2016-05-01
4388161847,2016-05-02 00:00:00,56.862637362637365,48,117,364,0,2016-05-02
4388161847,2016-05-02 01:00:00,56.15405405405406,50,74,370,1,2016-05-02
4388161847,2016-05-02 02:00:00,53.59171597633136,45,79,338,2,2016-05-02
4388161847,2016-05-02 03:00:00,50.353115727002965,45,80,337,3,2016-05-02
4388161847,2016-05-02 04:00:00,48.61492537313433,43,65,335,4,2016-05-02
4388161847,2016-05-02 05:00:00,55.52873563218391,47,82,348,5,2016-05-02
4388161847,2016-05-02 06:00:00,75.03703703703704,59,110,405,6,2016-05-02
4388161847,2016-05-02 07:00:00,71.075,56,109,440,7,2016-05-02
4388161847,2016-05-02 08:00:00,61.950413223140494,54,74,363,8,2016-05-02
4388161847,2016-05-02 09:00:00,57.5427807486631,49,79,374,9,2016-05-02
4388161847,2016-05-02 10:00:00,57.744791666666664,49,103,384,10,2016-05-02
4388161847,2016-05-02 11:00:00,60.22911051212938,52,99,371,11,2016-05-02
4388161847,2016-05-02 12:00:00,60.40163934426229,53,97,366,12,2016-05-02
4388161847,2016-05-02 13:00:00,62.26586102719033,55,82,331,13,2016-05-02
4388161847,2016-05-02 14:00:00,60.58083832335329,54,68,334,14,2016-05-02
4388161847,2016-05-02 15:00:00,58.77437325905292,53,106,359,15,2016-05-02
4388161847,2016-05-02 16:00:00,71.98300970873787,54,116,412,16,2016-05-02
4388161847,2016-05-02 17:00:00,70.70617283950617,55,106,405,17,2016-05-02
4388161847,2016-05-02 18:00:00,115.71624266144813,61,180,511,18,2016-05-02
4388161847,2016-05-02 19:00:00,86.46731234866829,62,105,413,19,2016-05-02
4388161847,2016-05-02 20:00:00,68.68170426065163,54,101,399,20,2016-05-02
4388161847,2016-05-02 21:00:00,72.18677042801556,55,114,257,21,2016-05-02
4388161847,2016-05-03 05:00:00,91.44421906693712,56,135,493,5,2016-05-03
4388161847,2016-05-03 06:00:00,81.03340292275574,58,114,479,6,2016-05-03
4388161847,2016-05-03 07:00:00,64.512077294686,53,99,414,7,2016-05-03
4388161847,2016-05-03 08:00:00,60.605194805194806,50,88,385,8,2016-05-03
4388161847,2016-05-03 09:00:00,63.81472684085511,53,109,421,9,2016-05-03
4388161847,2016-05-03 10:00:00,60.4632911392405,51,75,395,10,2016-05-03
4388161847,2016-05-03 11:00:00,63.506702412868634,53,90,373,11,2016-05-03
4388161847,2016-05-03 12:00:00,63.51030927835052,44,78,388,12,2016-05-03
4388161847,2016-05-03 13:00:00,60.14835164835165,53,75,364,13,2016-05-03
4388161847,2016-05-03 14:00:00,57.84022038567493,50,86,363,14,2016-05-03
4388161847,2016-05-03 15:00:00,58.97843665768194,50,91,371,15,2016-05-03
4388161847,2016-05-03 16:00:00,67.22871046228711,48,106,411,16,2016-05-03
4388161847,2016-05-03 17:00:00,71.40401785714286,48,103,448,17,2016-05-03
4388161847,2016-05-03 18:00:00,80.63026819923371,56,117,522,18,2016-05-03
4388161847,2016-05-03 19:00:00,72.9841986455982,54,101,443,19,2016-05-03
4388161847,2016-05-03 20:00:00,58.89922480620155,50,88,387,20,2016-05-03
4388161847,2016-05-03 21:00:00,55.83464566929134,46,83,381,21,2016-05-03
4388161847,2016-05-03 22:00:00,56.52298850574713,50,73,348,22,2016-05-03
4388161847,2016-05-03 23:00:00,56.75423728813559,48,74,354,23,2016-05-03
4388161847,2016-05-04 00:00:00,51.05397727272727,45,79,352,0,2016-05-04
4388161847,2016-05-04 01:00:00,52.24781341107872,43,70,343,1,2016-05-04
4388161847,2016-05-04 02:00:00,50.73699421965318,42,86,346,2,2016-05-04
4388161847,2016-05-04 03:00:00,47.69969040247678,43,61,323,3,2016-05-04
4388161847,2016-05-04 04:00:00,47.87976539589443,43,72,341,4,2016-05-04
4388161847,2016-05-04 05:00:00,68.13181818181818,45,120,440,5,2016-05-04
4388161847,2016-05-04 06:00:00,80.88984881209504,61,104,463,6,2016-05-04
4388161847,2016-05-04 07:00:00,61.39637305699482,52,87,386,7,2016-05-04
4388161847,2016-05-04 08:00:00,56.62397820163488,48,80,367,8,2016-05-04
4388161847,2016-05-04 09:00:00,59.573170731707314,49,94,410,9,2016-05-04
4388161847,2016-05-04 10:00:00,58.648293963254595,46,105,381,10,2016-05-04
4388161847,2016-05-04 11:00:00,65.08587257617728,55,90,361,11,2016-05-04
4388161847,2016-05-04 12:00:00,65.90526315789474,55,99,380,12,2016-05-04
4388161847,2016-05-04 13:00:00,61.659279778393355,55,73,361,13,2016-05-04
4388161847,2016-05-04 14:00:00,54.837465564738295,48,71,363,14,2016-05-04
4388161847,2016-05-04 15:00:00,59.12215909090909,51,77,352,15,2016-05-04
4388161847,2016-05-04 16:00:00,69.47566371681415,54,102,452,16,2016-05-04
4388161847,2016-05-04 17:00:00,85.40645161290323,54,126,465,17,2016-05-04
4388161847,2016-05-04 18:00:00,72.6219512195122,53,112,410,18,2016-05-04
4388161847,2016-05-04 19:00:00,59.6265664160401,48,90,399,19,2016-05-04
4388161847,2016-05-04 20:00:00,62.95873786407767,50,89,412,20,2016-05-04
4388161847,2016-05-04 21:00:00,59.43342776203966,52,87,353,21,2016-05-04
4388161847,2016-05-04 22:00:00,59.41618497109827,52,90,346,22,2016-05-04
4388161847,2016-05-04 23:00:00,56.41256830601093,47,85,366,23,2016-05-04
4388161847,2016-05-05 00:00:00,51.03550295857988,44,76,338,0,2016-05-05
4388161847,2016-05-05 01:00:00,52.05696202531646,45,79,316,1,2016-05-05
4388161847,2016-05-05 02:00:00,52.575,45,75,360,2,2016-05-05
4388161847,2016-05-05 03:00:00,53.27089337175793,42,121,347,3,2016-05-05
4388161847,2016-05-05 04:00:00,49.42388059701493,42,77,335,4,2016-05-05
4388161847,2016-05-05 05:00:00,68.24468085106383,50,114,470,5,2016-05-05
4388161847,2016-05-05 06:00:00,81.96095444685466,57,123,461,6,2016-05-05
4388161847,2016-05-05 07:00:00,60.38659793814433,51,92,388,7,2016-05-05
4388161847,2016-05-05 08:00:00,58.92731829573935,47,85,399,8,2016-05-05
4388161847,2016-05-05 09:00:00,53.1586402266289,46,63,353,9,2016-05-05
4388161847,2016-05-05 10:00:00,56.797402597402595,46,88,385,10,2016-05-05
4388161847,2016-05-05 11:00:00,62.968831168831166,54,106,385,11,2016-05-05
4388161847,2016-05-05 12:00:00,60.910994764397905,47,98,382,12,2016-05-05
4388161847,2016-05-05 13:00:00,57.182072829131656,47,72,357,13,2016-05-05
4388161847,2016-05-05 14:00:00,55.526881720430104,47,76,372,14,2016-05-05
4388161847,2016-05-05 15:00:00,57.869680851063826,48,91,376,15,2016-05-05
4388161847,2016-05-05 16:00:00,73.55862068965517,53,114,435,16,2016-05-05
4388161847,2016-05-05 17:00:00,75.70794392523365,57,101,428,17,2016-05-05
4388161847,2016-05-05 18:00:00,60.248704663212436,50,83,386,18,2016-05-05
4388161847,2016-05-05 19:00:00,61.11835748792271,48,94,414,19,2016-05-05
4388161847,2016-05-05 20:00:00,68.51818181818182,54,90,110,20,2016-05-05
4388161847,2016-05-06 03:00:00,64.73913043478261,47,109,207,3,2016-05-06
4388161847,2016-05-06 04:00:00,66.52847380410023,51,100,439,4,2016-05-06
4388161847,2016-05-06 05:00:00,95.21564885496183,51,151,524,5,2016-05-06
4388161847,2016-05-06 06:00:00,74.73903002309468,56,104,433,6,2016-05-06
4388161847,2016-05-06 07:00:00,65.26600985221675,53,106,406,7,2016-05-06
4388161847,2016-05-06 08:00:00,57.811023622047244,49,72,381,8,2016-05-06
4388161847,2016-05-06 09:00:00,59.85569620253165,52,78,395,9,2016-05-06
4388161847,2016-05-06 10:00:00,62.95497630331754,53,114,422,10,2016-05-06
4388161847,2016-05-06 11:00:00,63.38935574229692,53,87,357,11,2016-05-06
4388161847,2016-05-06 12:00:00,65.43264248704664,53,91,386,12,2016-05-06
4388161847,2016-05-06 13:00:00,59.600558659217874,53,80,358,13,2016-05-06
4388161847,2016-05-06 14:00:00,57.905817174515235,50,78,361,14,2016-05-06
4388161847,2016-05-06 15:00:00,58.91076115485564,50,89,381,15,2016-05-06
4388161847,2016-05-06 16:00:00,74.0997375328084,60,88,381,16,2016-05-06
4388161847,2016-05-06 17:00:00,78.53908355795149,68,107,371,17,2016-05-06
4388161847,2016-05-06 18:00:00,73.2005076142132,59,100,394,18,2016-05-06
4388161847,2016-05-06 19:00:00,72.65454545454546,59,83,385,19,2016-05-06
4388161847,2016-05-06 20:00:00,83.41733870967742,61,114,496,20,2016-05-06
4388161847,2016-05-06 21:00:00,72.17798594847775,59,103,427,21,2016-05-06
4388161847,2016-05-06 22:00:00,62.997142857142855,55,83,350,22,2016-05-06
4388161847,2016-05-06 23:00:00,62.88622754491018,54,81,334,23,2016-05-06
4388161847,2016-05-07 00:00:00,58.256493506493506,52,83,308,0,2016-05-07
4388161847,2016-05-07 01:00:00,57.3421052631579,53,77,342,1,2016-05-07
4388161847,2016-05-07 02:00:00,58.370370370370374,51,80,351,2,2016-05-07
4388161847,2016-05-07 03:00:00,54.05507246376811,45,75,345,3,2016-05-07
4388161847,2016-05-07 04:00:00,51.83229813664596,46,68,322,4,2016-05-07
4388161847,2016-05-07 05:00:00,50.62280701754386,43,80,342,5,2016-05-07
4388161847,2016-05-07 06:00:00,48.69117647058823,44,65,340,6,2016-05-07
4388161847,2016-05-07 07:00:00,48.671469740634,41,78,347,7,2016-05-07
4388161847,2016-05-07 08:00:00,63.073417721518986,45,97,395,8,2016-05-07
4388161847,2016-05-07 09:00:00,80.96598639455782,57,108,441,9,2016-05-07
4388161847,2016-05-07 10:00:00,67.2021978021978,54,100,455,10,2016-05-07
4388161847,2016-05-07 11:00:00,81.01273885350318,53,144,471,11,2016-05-07
4388161847,2016-05-07 12:00:00,93.17692307692307,59,153,520,12,2016-05-07
4388161847,2016-05-07 13:00:00,75.24256292906179,57,107,437,13,2016-05-07
4388161847,2016-05-07 14:00:00,63.631736526946106,56,76,334,14,2016-05-07
4388161847,2016-05-07 15:00:00,58.66381766381766,50,89,351,15,2016-05-07
4388161847,2016-05-07 16:00:00,88.47727272727273,56,129,484,16,2016-05-07
4388161847,2016-05-07 17:00:00,82.28265524625267,60,118,467,17,2016-05-07
4388161847,2016-05-07 18:00:00,67.52413793103449,47,101,435,18,2016-05-07
4388161847,2016-05-07 19:00:00,64.63948497854078,50,100,466,19,2016-05-07
4388161847,2016-05-07 20:00:00,68.25754527162978,48,90,497,20,2016-05-07
4388161847,2016-05-07 21:00:00,62.15384615384615,49,83,416,21,2016-05-07
4388161847,2016-05-07 22:00:00,61.10582010582011,49,85,378,22,2016-05-07
4388161847,2016-05-07 23:00:00,54.6,49,67,365,23,2016-05-07
4388161847,2016-05-08 00:00:00,53.33762886597938,49,74,388,0,2016-05-08
4388161847,2016-05-08 01:00:00,51.65028901734104,43,69,346,1,2016-05-08
4388161847,2016-05-08 02:00:00,52.41543026706231,44,69,337,2,2016-05-08
4388161847,2016-05-08 03:00:00,51.0606936416185,46,75,346,3,2016-05-08
4388161847,2016-05-08 04:00:00,50.68838526912181,44,79,353,4,2016-05-08
4388161847,2016-05-08 05:00:00,50.28709677419355,44,73,310,5,2016-05-08
4388161847,2016-05-08 06:00:00,49.865329512893986,44,74,349,6,2016-05-08
4388161847,2016-05-08 07:00:00,48.265306122448976,43,80,343,7,2016-05-08
4388161847,2016-05-08 08:00:00,56.43654822335025,44,94,394,8,2016-05-08
4388161847,2016-05-08 09:00:00,54.566326530612244,46,77,392,9,2016-05-08
4388161847,2016-05-08 10:00:00,120.90789473684211,59,167,760,10,2016-05-08
4388161847,2016-05-08 11:00:00,65.89910979228486,56,83,337,11,2016-05-08
4388161847,2016-05-08 12:00:00,63.75773195876289,53,98,388,12,2016-05-08
4388161847,2016-05-08 13:00:00,107.54809843400447,57,166,447,13,2016-05-08
4388161847,2016-05-08 14:00:00,88.56892778993435,67,117,457,14,2016-05-08
4388161847,2016-05-08 15:00:00,75.32932692307692,64,111,416,15,2016-05-08
4388161847,2016-05-08 16:00:00,69.29186602870813,61,81,418,16,2016-05-08
4388161847,2016-05-08 17:00:00,72.81699346405229,53,101,459,17,2016-05-08
4388161847,2016-05-08 18:00:00,71.29475982532752,61,106,458,18,2016-05-08
4388161847,2016-05-08 19:00:00,127.35222222222222,51,171,900,19,2016-05-08
4388161847,2016-05-08 20:00:00,94.37575757575758,63,141,495,20,2016-05-08
4388161847,2016-05-08 21:00:00,63.95945945945946,53,76,148,21,2016-05-08
4388161847,2016-05-09 05:00:00,69.09241706161137,52,104,422,5,2016-05-09
4388161847,2016-05-09 06:00:00,80.59101123595505,57,140,445,6,2016-05-09
4388161847,2016-05-09 07:00:00,61.18279569892473,53,94,372,7,2016-05-09
4388161847,2016-05-09 08:00:00,58.911458333333336,51,79,384,8,2016-05-09
4388161847,2016-05-09 09:00:00,59.1123595505618,53,75,356,9,2016-05-09
4388161847,2016-05-09 10:00:00,60.56836461126005,48,89,373,10,2016-05-09
4388161847,2016-05-09 11:00:00,61.236467236467234,53,89,351,11,2016-05-09
4388161847,2016-05-09 12:00:00,59.729222520107236,52,81,373,12,2016-05-09
4388161847,2016-05-09 13:00:00,59.353932584269664,53,78,356,13,2016-05-09
4388161847,2016-05-09 14:00:00,57.83519553072626,52,73,358,14,2016-05-09
4388161847,2016-05-09 15:00:00,56.739583333333336,47,78,384,15,2016-05-09
4388161847,2016-05-09 16:00:00,66.5055928411633,50,104,447,16,2016-05-09
4388161847,2016-05-09 17:00:00,73.6810551558753,53,104,417,17,2016-05-09
4388161847,2016-05-09 18:00:00,74.29910714285714,51,97,448,18,2016-05-09
4388161847,2016-05-09 19:00:00,77.36666666666666,54,123,510,19,2016-05-09
4388161847,2016-05-09 20:00:00,62.00289855072464,55,88,345,20,2016-05-09
4388161847,2016-05-09 21:00:00,58.62397820163488,50,90,367,21,2016-05-09
4388161847,2016-05-09 22:00:00,54.943005181347154,47,80,386,22,2016-05-09
4388161847,2016-05-09 23:00:00,50.87613293051359,44,65,331,23,2016-05-09
4388161847,2016-05-10 00:00:00,50.48231511254019,44,70,311,0,2016-05-10
4388161847,2016-05-10 01:00:00,47.311764705882354,42,70,340,1,2016-05-10
4388161847,2016-05-10 02:00:00,47.58479532163743,41,69,342,2,2016-05-10
4388161847,2016-05-10 03:00:00,46.510510510510514,41,75,333,3,2016-05-10
4388161847,2016-05-10 04:00:00,44.92261904761905,41,61,336,4,2016-05-10
4388161847,2016-05-10 05:00:00,80.03180914512923,43,116,503,5,2016-05-10
4388161847,2016-05-10 06:00:00,80.03541666666666,59,121,480,6,2016-05-10
4388161847,2016-05-10 07:00:00,63.8987012987013,55,84,385,7,2016-05-10
4388161847,2016-05-10 08:00:00,62.09313725490196,51,85,408,8,2016-05-10
4388161847,2016-05-10 09:00:00,64.19506172839506,52,73,405,9,2016-05-10
4388161847,2016-05-10 10:00:00,65.90602409638554,53,76,415,10,2016-05-10
4388161847,2016-05-10 11:00:00,67.43287671232876,54,87,365,11,2016-05-10
4388161847,2016-05-10 12:00:00,59.21333333333333,53,72,375,12,2016-05-10
4388161847,2016-05-10 13:00:00,57.80628272251309,48,79,382,13,2016-05-10
4388161847,2016-05-10 14:00:00,56.53072625698324,48,77,358,14,2016-05-10
4388161847,2016-05-10 15:00:00,55.39787798408488,46,75,377,15,2016-05-10
4388161847,2016-05-10 16:00:00,55.15659340659341,48,71,364,16,2016-05-10
4388161847,2016-05-10 17:00:00,68.41845493562232,48,110,466,17,2016-05-10
4388161847,2016-05-10 18:00:00,69.74592074592074,55,87,429,18,2016-05-10
4388161847,2016-05-10 19:00:00,71.49469214437367,55,95,471,19,2016-05-10
4388161847,2016-05-10 20:00:00,61.635897435897434,52,88,390,20,2016-05-10
4388161847,2016-05-10 21:00:00,56.71919770773639,50,73,349,21,2016-05-10
4388161847,2016-05-10 22:00:00,54.943820224719104,47,75,356,22,2016-05-10
4388161847,2016-05-10 23:00:00,54.68985507246377,47,75,345,23,2016-05-10
4388161847,2016-05-11 00:00:00,54.17785234899329,48,70,298,0,2016-05-11
4388161847,2016-05-11 01:00:00,50.1,43,68,300,1,2016-05-11
4388161847,2016-05-11 02:00:00,47.754658385093165,42,73,322,2,2016-05-11
4388161847,2016-05-11 03:00:00,46.078947368421055,40,72,342,3,2016-05-11
4388161847,2016-05-11 04:00:00,46.72025723472669,41,72,311,4,2016-05-11
4388161847,2016-05-11 05:00:00,66.53379953379954,44,125,429,5,2016-05-11
4388161847,2016-05-11 06:00:00,81.55555555555556,60,114,459,6,2016-05-11
4388161847,2016-05-11 07:00:00,62.07216494845361,52,96,388,7,2016-05-11
4388161847,2016-05-11 08:00:00,57.455012853470436,44,84,389,8,2016-05-11
4388161847,2016-05-11 09:00:00,55.260989010989015,44,75,364,9,2016-05-11
4388161847,2016-05-11 10:00:00,56.589073634204276,46,93,421,10,2016-05-11
4388161847,2016-05-11 11:00:00,60.617414248021106,50,79,379,11,2016-05-11
4388161847,2016-05-11 12:00:00,62.54862842892768,52,93,401,12,2016-05-11
4388161847,2016-05-11 13:00:00,59.11825192802056,52,77,389,13,2016-05-11
4388161847,2016-05-11 14:00:00,54.939655172413794,47,69,348,14,2016-05-11
4388161847,2016-05-11 15:00:00,55.440806045340054,45,76,397,15,2016-05-11
4388161847,2016-05-11 16:00:00,65.2719298245614,50,106,456,16,2016-05-11
4388161847,2016-05-11 17:00:00,69.16913319238901,50,112,473,17,2016-05-11
4388161847,2016-05-11 18:00:00,59.73778920308483,50,83,389,18,2016-05-11
4388161847,2016-05-11 19:00:00,66.80378250591016,49,95,423,19,2016-05-11
4388161847,2016-05-11 20:00:00,63.17528735632184,50,101,348,20,2016-05-11
4388161847,2016-05-12 06:00:00,78.01010101010101,62,99,99,6,2016-05-12
4388161847,2016-05-12 07:00:00,68.63875598086125,53,136,418,7,2016-05-12
4388161847,2016-05-12 08:00:00,57.908839779005525,49,84,362,8,2016-05-12
4388161847,2016-05-12 09:00:00,55.096256684491976,44,70,374,9,2016-05-12
4388161847,2016-05-12 10:00:00,54.92837465564738,46,76,363,10,2016-05-12
4388161847,2016-05-12 11:00:00,60.577127659574465,47,97,376,11,2016-05-12
4388161847,2016-05-12 12:00:00,63.71599045346062,49,92,419,12,2016-05-12
4388161847,2016-05-12 13:00:00,58.20108695652174,48,83,368,13,2016-05-12
4388161847,2016-05-12 14:00:00,57.462765957446805,46,82,376,14,2016-05-12
4388161847,2016-05-12 15:00:00,56.03703703703704,50,62,81,15,2016-05-12
4558609924,2016-04-12 06:00:00,79.93693693693693,68,92,111,6,2016-04-12
4558609924,2016-04-12 07:00:00,76.45812807881774,61,93,406,7,2016-04-12
4558609924,2016-04-12 08:00:00,72.70379746835442,60,87,395,8,2016-04-12
4558609924,2016-04-12 09:00:00,81.86666666666666,68,98,420,9,2016-04-12
4558609924,2016-04-12 10:00:00,74.93946188340807,64,86,446,10,2016-04-12
4558609924,2016-04-12 11:00:00,72.66759002770083,60,87,361,11,2016-04-12
4558609924,2016-04-12 12:00:00,68.56,57,87,375,12,2016-04-12
4558609924,2016-04-12 13:00:00,73.83375959079284,60,98,391,13,2016-04-12
4558609924,2016-04-12 14:00:00,79.31511254019293,64,94,311,14,2016-04-12
4558609924,2016-04-12 15:00:00,74.31666666666666,66,88,60,15,2016-04-12
4558609924,2016-04-12 16:00:00,80.82560706401766,66,99,453,16,2016-04-12
4558609924,2016-04-12 17:00:00,83.49677419354839,66,104,465,17,2016-04-12
4558609924,2016-04-12 18:00:00,82.39810426540285,70,97,422,18,2016-04-12
4558609924,2016-04-12 19:00:00,77.06265664160401,65,99,399,19,2016-04-12
4558609924,2016-04-12 20:00:00,75.33720930232558,65,94,258,20,2016-04-12
4558609924,2016-04-12 21:00:00,74.19578313253012,62,88,332,21,2016-04-12
4558609924,2016-04-12 22:00:00,71.62771739130434,61,85,368,22,2016-04-12
4558609924,2016-04-13 07:00:00,70.33333333333333,70,71,6,7,2016-04-13
4558609924,2016-04-13 08:00:00,71.0,71,71,4,8,2016-04-13
4558609924,2016-04-13 11:00:00,87.98319327731092,70,106,119,11,2016-04-13
4558609924,2016-04-13 12:00:00,85.61135371179039,73,108,458,12,2016-04-13
4558609924,2016-04-13 13:00:00,86.40495867768595,69,99,242,13,2016-04-13
4558609924,2016-04-13 14:00:00,80.6086956521739,66,101,414,14,2016-04-13
4558609924,2016-04-13 15:00:00,75.32315521628499,64,88,393,15,2016-04-13
4558609924,2016-04-13 16:00:00,94.20042643923242,64,144,469,16,2016-04-13
4558609924,2016-04-13 17:00:00,88.8792270531401,73,109,414,17,2016-04-13
4558609924,2016-04-13 18:00:00,78.05645161290323,70,101,124,18,2016-04-13
4558609924,2016-04-14 09:00:00,90.72156862745098,75,105,255,9,2016-04-14
4558609924,2016-04-14 10:00:00,83.62469733656174,63,103,413,10,2016-04-14
4558609924,2016-04-14 11:00:00,73.28947368421052,63,88,342,11,2016-04-14
4558609924,2016-04-14 12:00:00,79.06593406593407,67,98,364,12,2016-04-14
4558609924,2016-04-14 13:00:00,79.93333333333334,70,96,420,13,2016-04-14
4558609924,2016-04-14 14:00:00,84.49888143176734,70,100,447,14,2016-04-14
4558609924,2016-04-14 15:00:00,83.08625336927224,70,100,371,15,2016-04-14
4558609924,2016-04-14 16:00:00,87.91873589164786,70,108,443,16,2016-04-14
4558609924,2016-04-14 17:00:00,86.83521444695259,72,107,443,17,2016-04-14
4558609924,2016-04-14 18:00:00,82.0026525198939,67,103,377,18,2016-04-14
4558609924,2016-04-14 19:00:00,83.1166253101737,68,103,403,19,2016-04-14
4558609924,2016-04-14 20:00:00,84.58901098901099,66,102,455,20,2016-04-14
4558609924,2016-04-14 21:00:00,70.45652173913044,57,99,368,21,2016-04-14
4558609924,2016-04-14 22:00:00,64.5695652173913,56,95,230,22,2016-04-14
4558609924,2016-04-15 01:00:00,60.0,60,60,4,1,2016-04-15
4558609924,2016-04-15 08:00:00,80.21764705882353,72,89,170,8,2016-04-15
4558609924,2016-04-15 09:00:00,82.51442307692308,72,97,416,9,2016-04-15
4558609924,2016-04-15 10:00:00,84.48036951501155,63,98,433,10,2016-04-15
4558609924,2016-04-15 11:00:00,85.37906976744186,73,115,430,11,2016-04-15
4558609924,2016-04-15 12:00:00,84.56818181818181,72,105,440,12,2016-04-15
4558609924,2016-04-15 13:00:00,109.26734104046243,67,140,1384,13,2016-04-15
4558609924,2016-04-15 14:00:00,106.94846153846154,72,146,1300,14,2016-04-15
4558609924,2016-04-15 15:00:00,88.4131455399061,68,107,426,15,2016-04-15
4558609924,2016-04-15 16:00:00,88.52173913043478,76,113,299,16,2016-04-15
4558609924,2016-04-15 17:00:00,90.8351409978308,72,125,461,17,2016-04-15
4558609924,2016-04-15 18:00:00,82.83641160949868,71,99,379,18,2016-04-15
4558609924,2016-04-15 19:00:00,86.97737556561086,68,136,442,19,2016-04-15
4558609924,2016-04-15 20:00:00,78.14851485148515,63,89,404,20,2016-04-15
4558609924,2016-04-15 21:00:00,72.5505617977528,63,87,356,21,2016-04-15
4558609924,2016-04-15 22:00:00,70.9090909090909,59,94,396,22,2016-04-15
4558609924,2016-04-15 23:00:00,71.50552486187846,58,88,362,23,2016-04-15
4558609924,2016-04-16 00:00:00,69.88743455497382,55,98,382,0,2016-04-16
4558609924,2016-04-16 01:00:00,64.95197740112994,55,78,354,1,2016-04-16
4558609924,2016-04-16 02:00:00,64.17757009345794,58,76,107,2,2016-04-16
4558609924,2016-04-16 09:00:00,79.27659574468085,60,89,188,9,2016-04-16
4558609924,2016-04-16 10:00:00,79.75116279069768,66,93,430,10,2016-04-16
4558609924,2016-04-16 11:00:00,74.06598984771574,63,86,394,11,2016-04-16
4558609924,2016-04-16 12:00:00,76.41079812206573,58,125,426,12,2016-04-16
4558609924,2016-04-16 13:00:00,78.78155339805825,62,94,412,13,2016-04-16
4558609924,2016-04-16 14:00:00,83.00862068965517,65,103,464,14,2016-04-16
4558609924,2016-04-16 15:00:00,78.84967320261438,63,97,459,15,2016-04-16
4558609924,2016-04-16 16:00:00,78.58992805755396,64,95,417,16,2016-04-16
4558609924,2016-04-16 17:00:00,76.73148148148148,62,95,432,17,2016-04-16
4558609924,2016-04-16 18:00:00,75.08133971291866,66,87,418,18,2016-04-16
4558609924,2016-04-16 19:00:00,90.3157894736842,67,135,475,19,2016-04-16
4558609924,2016-04-16 20:00:00,74.00258397932816,57,98,387,20,2016-04-16
4558609924,2016-04-16 21:00:00,67.44864864864864,56,89,370,21,2016-04-16
4558609924,2016-04-16 22:00:00,71.38303341902314,58,93,389,22,2016-04-16
4558609924,2016-04-16 23:00:00,76.3262599469496,65,104,377,23,2016-04-16
4558609924,2016-04-17 00:00:00,83.6923076923077,70,93,13,0,2016-04-17
4558609924,2016-04-17 09:00:00,83.85330073349633,72,102,409,9,2016-04-17
4558609924,2016-04-17 10:00:00,79.96017699115045,62,97,452,10,2016-04-17
4558609924,2016-04-17 11:00:00,85.69690721649485,68,129,485,11,2016-04-17
4558609924,2016-04-17 12:00:00,93.40264650283554,67,136,529,12,2016-04-17
4558609924,2016-04-17 13:00:00,79.98503740648378,68,105,401,13,2016-04-17
4558609924,2016-04-17 14:00:00,87.00531914893617,68,112,376,14,2016-04-17
4558609924,2016-04-17 15:00:00,89.25247524752476,73,100,404,15,2016-04-17
4558609924,2016-04-17 16:00:00,84.72104018912529,70,115,423,16,2016-04-17
4558609924,2016-04-17 17:00:00,90.19767441860465,72,109,430,17,2016-04-17
4558609924,2016-04-17 18:00:00,76.11838790931989,63,85,397,18,2016-04-17
4558609924,2016-04-17 19:00:00,82.8348623853211,68,96,436,19,2016-04-17
4558609924,2016-04-17 20:00:00,80.26395939086295,69,114,394,20,2016-04-17
4558609924,2016-04-17 21:00:00,81.39479905437352,68,103,423,21,2016-04-17
4558609924,2016-04-17 22:00:00,74.39294710327457,61,98,397,22,2016-04-17
4558609924,2016-04-17 23:00:00,64.36046511627907,57,83,172,23,2016-04-17
4558609924,2016-04-18 07:00:00,80.21933085501858,61,141,269,7,2016-04-18
4558609924,2016-04-18 08:00:00,85.2196261682243,68,115,428,8,2016-04-18
4558609924,2016-04-18 09:00:00,81.28985507246377,69,98,414,9,2016-04-18
4558609924,2016-04-18 10:00:00,77.91624365482234,65,95,394,10,2016-04-18
4558609924,2016-04-18 11:00:00,79.55257270693512,71,95,447,11,2016-04-18
4558609924,2016-04-18 12:00:00,76.66832917705736,64,91,401,12,2016-04-18
4558609924,2016-04-18 13:00:00,80.33101851851852,63,96,432,13,2016-04-18
4558609924,2016-04-18 14:00:00,73.11369509043928,59,94,387,14,2016-04-18
4558609924,2016-04-18 15:00:00,71.66363636363636,55,99,330,15,2016-04-18
4558609924,2016-04-18 16:00:00,91.65454545454546,62,114,495,16,2016-04-18
4558609924,2016-04-18 17:00:00,88.6492027334852,72,112,439,17,2016-04-18
4558609924,2016-04-18 18:00:00,88.02631578947368,76,104,418,18,2016-04-18
4558609924,2016-04-18 19:00:00,87.05449591280654,73,108,367,19,2016-04-18
4558609924,2016-04-18 20:00:00,81.94476744186046,64,104,344,20,2016-04-18
4558609924,2016-04-18 21:00:00,69.28184281842819,56,90,369,21,2016-04-18
4558609924,2016-04-18 22:00:00,63.94385964912281,56,75,285,22,2016-04-18
4558609924,2016-04-19 10:00:00,99.0,99,99,4,10,2016-04-19
4558609924,2016-04-19 12:00:00,94.25,93,96,4,12,2016-04-19
4558609924,2016-04-19 13:00:00,83.51923076923077,70,100,416,13,2016-04-19
4558609924,2016-04-19 14:00:00,86.41866028708134,75,103,418,14,2016-04-19
4558609924,2016-04-19 15:00:00,79.69607843137256,63,96,408,15,2016-04-19
4558609924,2016-04-19 16:00:00,85.57735849056604,66,132,265,16,2016-04-19
4558609924,2016-04-19 17:00:00,88.18722466960352,70,125,454,17,2016-04-19
4558609924,2016-04-19 18:00:00,85.6896551724138,74,99,435,18,2016-04-19
4558609924,2016-04-19 19:00:00,84.0187891440501,67,102,479,19,2016-04-19
4558609924,2016-04-19 20:00:00,83.46,69,129,400,20,2016-04-19
4558609924,2016-04-19 21:00:00,75.58510638297872,62,101,376,21,2016-04-19
4558609924,2016-04-19 22:00:00,84.25,68,110,420,22,2016-04-19
4558609924,2016-04-19 23:00:00,75.7966573816156,61,89,359,23,2016-04-19
4558609924,2016-04-20 00:00:00,73.38036809815951,62,83,163,0,2016-04-20
4558609924,2016-04-20 10:00:00,82.25966850828729,68,93,181,10,2016-04-20
4558609924,2016-04-20 11:00:00,77.35,61,92,440,11,2016-04-20
4558609924,2016-04-20 12:00:00,80.0320987654321,67,100,405,12,2016-04-20
4558609924,2016-04-20 13:00:00,77.25485436893204,60,105,412,13,2016-04-20
4558609924,2016-04-20 14:00:00,74.99228791773778,58,100,389,14,2016-04-20
4558609924,2016-04-20 15:00:00,76.0987012987013,63,110,385,15,2016-04-20
4558609924,2016-04-20 16:00:00,86.92105263157895,73,108,76,16,2016-04-20
4558609924,2016-04-20 17:00:00,82.76021798365123,70,101,367,17,2016-04-20
4558609924,2016-04-20 18:00:00,84.98076923076923,69,108,468,18,2016-04-20
4558609924,2016-04-20 19:00:00,80.83516483516483,68,97,273,19,2016-04-20
4558609924,2016-04-20 20:00:00,78.47235023041475,64,95,434,20,2016-04-20
4558609924,2016-04-20 21:00:00,67.80829015544042,57,84,386,21,2016-04-20
4558609924,2016-04-20 22:00:00,69.73936170212765,60,89,376,22,2016-04-20
4558609924,2016-04-20 23:00:00,68.77368421052631,59,90,380,23,2016-04-20
4558609924,2016-04-21 00:00:00,68.13661202185793,57,117,366,0,2016-04-21
4558609924,2016-04-21 01:00:00,66.33333333333333,56,80,345,1,2016-04-21
4558609924,2016-04-21 02:00:00,66.82575757575758,56,75,132,2,2016-04-21
4558609924,2016-04-21 07:00:00,81.34594594594594,70,108,185,7,2016-04-21
4558609924,2016-04-21 08:00:00,90.01046025104603,75,110,478,8,2016-04-21
4558609924,2016-04-21 09:00:00,96.83333333333333,76,117,510,9,2016-04-21
4558609924,2016-04-21 10:00:00,102.57852882703777,64,121,503,10,2016-04-21
4558609924,2016-04-21 11:00:00,98.59619450317125,78,120,473,11,2016-04-21
4558609924,2016-04-21 12:00:00,97.95881006864988,80,119,437,12,2016-04-21
4558609924,2016-04-21 13:00:00,92.14285714285714,70,114,406,13,2016-04-21
4558609924,2016-04-21 14:00:00,90.13793103448276,74,115,406,14,2016-04-21
4558609924,2016-04-21 15:00:00,87.92161520190024,78,109,421,15,2016-04-21
4558609924,2016-04-21 16:00:00,88.34782608695652,71,107,391,16,2016-04-21
4558609924,2016-04-21 17:00:00,86.16129032258064,67,104,465,17,2016-04-21
4558609924,2016-04-21 18:00:00,90.44057377049181,68,114,488,18,2016-04-21
4558609924,2016-04-21 19:00:00,81.92434988179669,61,106,423,19,2016-04-21
4558609924,2016-04-21 20:00:00,81.93706293706293,65,103,286,20,2016-04-21
4558609924,2016-04-21 21:00:00,73.64634146341463,61,91,410,21,2016-04-21
4558609924,2016-04-21 22:00:00,70.86700767263427,56,91,391,22,2016-04-21
4558609924,2016-04-21 23:00:00,65.54131054131054,54,91,351,23,2016-04-21
4558609924,2016-04-22 00:00:00,63.760383386581466,57,84,313,0,2016-04-22
4558609924,2016-04-22 01:00:00,76.98529411764706,65,140,68,1,2016-04-22
4558609924,2016-04-22 09:00:00,81.23846153846154,70,97,260,9,2016-04-22
4558609924,2016-04-22 10:00:00,83.73985680190931,68,100,419,10,2016-04-22
4558609924,2016-04-22 11:00:00,79.90117647058824,63,103,425,11,2016-04-22
4558609924,2016-04-22 12:00:00,75.10852713178295,61,95,387,12,2016-04-22
4558609924,2016-04-22 13:00:00,75.16911764705883,60,100,272,13,2016-04-22
4558609924,2016-04-22 14:00:00,83.27688787185355,65,101,437,14,2016-04-22
4558609924,2016-04-22 15:00:00,95.42521367521367,78,114,468,15,2016-04-22
4558609924,2016-04-22 16:00:00,83.8970588235294,63,101,408,16,2016-04-22
4558609924,2016-04-22 17:00:00,82.76551724137931,62,101,435,17,2016-04-22
4558609924,2016-04-22 18:00:00,102.23230490018149,86,116,551,18,2016-04-22
4558609924,2016-04-22 19:00:00,84.3,70,99,250,19,2016-04-22
4558609924,2016-04-22 20:00:00,86.305,59,103,400,20,2016-04-22
4558609924,2016-04-22 21:00:00,75.64761904761905,63,94,420,21,2016-04-22
4558609924,2016-04-22 22:00:00,78.73493975903614,64,99,415,22,2016-04-22
4558609924,2016-04-22 23:00:00,73.64469914040114,63,95,349,23,2016-04-22
4558609924,2016-04-23 00:00:00,83.65951742627345,72,126,373,0,2016-04-23
4558609924,2016-04-23 01:00:00,74.77443609022556,63,91,133,1,2016-04-23
4558609924,2016-04-23 03:00:00,75.0,75,75,2,3,2016-04-23
4558609924,2016-04-23 07:00:00,70.0,70,70,2,7,2016-04-23
4558609924,2016-04-23 09:00:00,88.21135646687698,67,111,317,9,2016-04-23
4558609924,2016-04-23 10:00:00,88.39058823529412,73,110,425,10,2016-04-23
4558609924,2016-04-23 11:00:00,86.404,70,115,250,11,2016-04-23
4558609924,2016-04-23 12:00:00,83.9287356321839,63,112,435,12,2016-04-23
4558609924,2016-04-23 13:00:00,80.10688836104514,68,95,421,13,2016-04-23
4558609924,2016-04-23 14:00:00,89.69444444444444,63,133,504,14,2016-04-23
4558609924,2016-04-23 15:00:00,91.83981693363845,73,118,437,15,2016-04-23
4558609924,2016-04-23 16:00:00,96.51923076923077,76,120,468,16,2016-04-23
4558609924,2016-04-23 17:00:00,95.11167512690355,77,112,394,17,2016-04-23
4558609924,2016-04-23 18:00:00,87.84035476718404,73,100,451,18,2016-04-23
4558609924,2016-04-23 19:00:00,86.36641221374046,69,99,393,19,2016-04-23
4558609924,2016-04-23 20:00:00,80.8252427184466,66,102,412,20,2016-04-23
4558609924,2016-04-23 21:00:00,82.45953002610966,62,113,383,21,2016-04-23
4558609924,2016-04-23 22:00:00,70.85753424657534,62,93,365,22,2016-04-23
4558609924,2016-04-23 23:00:00,75.5819209039548,60,93,177,23,2016-04-23
4558609924,2016-04-24 08:00:00,85.67021276595744,61,120,376,8,2016-04-24
4558609924,2016-04-24 09:00:00,81.22779043280183,65,95,439,9,2016-04-24
4558609924,2016-04-24 10:00:00,85.67816091954023,63,103,435,10,2016-04-24
4558609924,2016-04-24 11:00:00,87.74031007751938,70,105,258,11,2016-04-24
4558609924,2016-04-24 12:00:00,83.45788336933046,69,103,463,12,2016-04-24
4558609924,2016-04-24 13:00:00,80.52594339622641,65,103,424,13,2016-04-24
4558609924,2016-04-24 14:00:00,93.97727272727273,76,121,440,14,2016-04-24
4558609924,2016-04-24 15:00:00,95.46774193548387,79,119,496,15,2016-04-24
4558609924,2016-04-24 16:00:00,89.06263982102908,79,113,447,16,2016-04-24
4558609924,2016-04-24 17:00:00,82.57241379310345,64,97,435,17,2016-04-24
4558609924,2016-04-24 18:00:00,78.73316708229426,65,97,401,18,2016-04-24
4558609924,2016-04-24 19:00:00,78.08854166666667,63,108,384,19,2016-04-24
4558609924,2016-04-24 20:00:00,79.75380710659898,65,92,394,20,2016-04-24
4558609924,2016-04-24 21:00:00,81.50420168067227,62,108,357,21,2016-04-24
4558609924,2016-04-24 22:00:00,82.00757575757575,67,97,396,22,2016-04-24
4558609924,2016-04-24 23:00:00,74.80412371134021,58,95,388,23,2016-04-24
4558609924,2016-04-25 00:00:00,65.54820936639119,56,84,363,0,2016-04-25
4558609924,2016-04-25 01:00:00,62.58646616541353,55,86,266,1,2016-04-25
4558609924,2016-04-25 09:00:00,87.04489795918367,75,121,245,9,2016-04-25
4558609924,2016-04-25 10:00:00,88.01797752808989,74,101,445,10,2016-04-25
4558609924,2016-04-25 11:00:00,80.76328502415458,59,103,414,11,2016-04-25
4558609924,2016-04-25 12:00:00,73.9126213592233,58,98,412,12,2016-04-25
4558609924,2016-04-25 13:00:00,77.40178571428571,61,114,448,13,2016-04-25
4558609924,2016-04-25 14:00:00,75.25603864734299,63,88,414,14,2016-04-25
4558609924,2016-04-25 15:00:00,79.91154791154791,64,104,407,15,2016-04-25
4558609924,2016-04-25 16:00:00,108.20934959349593,66,163,492,16,2016-04-25
4558609924,2016-04-25 17:00:00,96.62676056338029,80,119,426,17,2016-04-25
4558609924,2016-04-25 18:00:00,89.71296296296296,74,110,432,18,2016-04-25
4558609924,2016-04-25 19:00:00,91.6978417266187,77,106,417,19,2016-04-25
4558609924,2016-04-25 20:00:00,85.14320388349515,72,108,412,20,2016-04-25
4558609924,2016-04-25 21:00:00,83.19529411764705,70,101,425,21,2016-04-25
4558609924,2016-04-25 22:00:00,74.27777777777777,63,95,396,22,2016-04-25
4558609924,2016-04-25 23:00:00,66.69345238095238,59,82,336,23,2016-04-25
4558609924,2016-04-26 00:00:00,66.6969696969697,59,84,99,0,2016-04-26
4558609924,2016-04-26 02:00:00,64.0,64,64,2,2,2016-04-26
4558609924,2016-04-26 08:00:00,82.77573529411765,72,99,272,8,2016-04-26
4558609924,2016-04-26 09:00:00,85.67136150234742,74,102,426,9,2016-04-26
4558609924,2016-04-26 10:00:00,88.78436018957346,70,104,422,10,2016-04-26
4558609924,2016-04-26 11:00:00,85.68171557562077,71,102,443,11,2016-04-26
4558609924,2016-04-26 12:00:00,81.87259615384616,62,97,416,12,2016-04-26
4558609924,2016-04-26 13:00:00,79.81842818428184,69,92,369,13,2016-04-26
4558609924,2016-04-26 14:00:00,78.57260273972602,67,96,365,14,2016-04-26
4558609924,2016-04-26 15:00:00,110.87553648068669,70,148,1165,15,2016-04-26
4558609924,2016-04-26 16:00:00,103.1474245115453,70,129,563,16,2016-04-26
4558609924,2016-04-26 17:00:00,101.36590436590437,85,121,481,17,2016-04-26
4558609924,2016-04-26 18:00:00,93.92857142857143,77,117,434,18,2016-04-26
4558609924,2016-04-26 19:00:00,90.81994459833795,82,104,361,19,2016-04-26
4558609924,2016-04-26 20:00:00,99.07345971563981,81,123,422,20,2016-04-26
4558609924,2016-04-26 21:00:00,87.51351351351352,70,110,407,21,2016-04-26
4558609924,2016-04-26 22:00:00,73.2010582010582,64,93,378,22,2016-04-26
4558609924,2016-04-26 23:00:00,74.73958333333333,61,110,384,23,2016-04-26
4558609924,2016-04-27 00:00:00,79.95121951219512,67,90,82,0,2016-04-27
4558609924,2016-04-27 09:00:00,87.36437246963563,66,122,247,9,2016-04-27
4558609924,2016-04-27 10:00:00,85.55581395348837,76,103,430,10,2016-04-27
4558609924,2016-04-27 11:00:00,79.60406091370558,65,101,394,11,2016-04-27
4558609924,2016-04-27 12:00:00,80.37470167064438,65,101,419,12,2016-04-27
4558609924,2016-04-27 13:00:00,76.83804627249357,62,91,389,13,2016-04-27
4558609924,2016-04-27 14:00:00,71.08,61,86,375,14,2016-04-27
4558609924,2016-04-27 15:00:00,81.78638497652582,63,101,426,15,2016-04-27
4558609924,2016-04-27 16:00:00,89.01030927835052,81,103,388,16,2016-04-27
4558609924,2016-04-27 17:00:00,84.6261980830671,70,97,313,17,2016-04-27
4558609924,2016-04-27 18:00:00,97.46225680933853,67,118,1285,18,2016-04-27
4558609924,2016-04-27 19:00:00,89.44111776447106,68,106,501,19,2016-04-27
4558609924,2016-04-27 20:00:00,81.87919463087249,62,104,447,20,2016-04-27
4558609924,2016-04-27 21:00:00,76.3436018957346,60,94,422,21,2016-04-27
4558609924,2016-04-27 22:00:00,74.17204301075269,60,101,372,22,2016-04-27
4558609924,2016-04-27 23:00:00,70.0,70,70,4,23,2016-04-27
4558609924,2016-04-28 06:00:00,92.93989071038251,70,102,183,6,2016-04-28
4558609924,2016-04-28 07:00:00,84.51168224299066,68,101,428,7,2016-04-28
4558609924,2016-04-28 08:00:00,89.45708154506438,70,111,466,8,2016-04-28
4558609924,2016-04-28 09:00:00,89.02758620689656,69,112,435,9,2016-04-28
4558609924,2016-04-28 10:00:00,83.46853146853147,65,112,429,10,2016-04-28
4558609924,2016-04-28 11:00:00,76.25581395348837,60,106,387,11,2016-04-28
4558609924,2016-04-28 12:00:00,73.5631067961165,60,99,412,12,2016-04-28
4558609924,2016-04-28 13:00:00,83.91334894613583,66,106,427,13,2016-04-28
4558609924,2016-04-28 14:00:00,87.64150943396227,73,105,424,14,2016-04-28
4558609924,2016-04-28 15:00:00,92.18954248366013,73,111,459,15,2016-04-28
4558609924,2016-04-28 16:00:00,94.71855541718556,72,121,803,16,2016-04-28
4558609924,2016-04-28 17:00:00,104.21102362204725,75,133,635,17,2016-04-28
4558609924,2016-04-28 18:00:00,83.56582633053222,63,101,357,18,2016-04-28
4558609924,2016-04-28 19:00:00,82.18732782369146,70,111,363,19,2016-04-28
4558609924,2016-04-28 20:00:00,80.72164948453609,67,106,388,20,2016-04-28
4558609924,2016-04-28 21:00:00,78.09574468085107,59,119,376,21,2016-04-28
4558609924,2016-04-28 22:00:00,71.05571030640668,59,93,359,22,2016-04-28
4558609924,2016-04-28 23:00:00,71.87608069164266,59,86,347,23,2016-04-28
4558609924,2016-04-29 00:00:00,67.40056022408963,59,80,357,0,2016-04-29
4558609924,2016-04-29 01:00:00,63.22348484848485,55,87,264,1,2016-04-29
4558609924,2016-04-29 09:00:00,74.69117647058823,65,99,136,9,2016-04-29
4558609924,2016-04-29 10:00:00,82.22946175637394,60,107,353,10,2016-04-29
4558609924,2016-04-29 11:00:00,79.88502673796792,67,91,374,11,2016-04-29
4558609924,2016-04-29 12:00:00,80.66493506493507,65,112,385,12,2016-04-29
4558609924,2016-04-29 13:00:00,83.136,66,117,375,13,2016-04-29
4558609924,2016-04-29 14:00:00,72.12574850299401,61,89,334,14,2016-04-29
4558609924,2016-04-29 15:00:00,104.40466926070039,78,139,771,15,2016-04-29
4558609924,2016-04-29 16:00:00,95.65684410646388,67,137,1052,16,2016-04-29
4558609924,2016-04-29 17:00:00,72.5,58,89,360,17,2016-04-29
4558609924,2016-04-29 18:00:00,74.296875,62,109,320,18,2016-04-29
4558609924,2016-04-29 19:00:00,75.73778920308483,60,108,389,19,2016-04-29
4558609924,2016-04-29 20:00:00,72.90710382513662,58,125,366,20,2016-04-29
4558609924,2016-04-29 21:00:00,76.6030534351145,56,94,393,21,2016-04-29
4558609924,2016-04-29 22:00:00,62.1510989010989,54,81,364,22,2016-04-29
4558609924,2016-04-29 23:00:00,66.51714285714286,53,119,350,23,2016-04-29
4558609924,2016-04-30 00:00:00,63.84823848238482,54,75,369,0,2016-04-30
4558609924,2016-04-30 01:00:00,69.98076923076923,59,91,156,1,2016-04-30
4558609924,2016-04-30 06:00:00,79.01532567049809,57,106,261,6,2016-04-30
4558609924,2016-04-30 07:00:00,75.78260869565217,61,97,391,7,2016-04-30
4558609924,2016-04-30 08:00:00,73.10653753026634,63,92,413,8,2016-04-30
4558609924,2016-04-30 09:00:00,78.52048192771085,64,93,415,9,2016-04-30
4558609924,2016-04-30 10:00:00,76.6,55,96,425,10,2016-04-30
4558609924,2016-04-30 11:00:00,76.28099173553719,63,91,363,11,2016-04-30
4558609924,2016-04-30 12:00:00,82.64764267990074,68,99,403,12,2016-04-30
4558609924,2016-04-30 13:00:00,78.4937965260546,60,107,403,13,2016-04-30
4558609924,2016-04-30 14:00:00,91.67505241090147,78,121,477,14,2016-04-30
4558609924,2016-04-30 15:00:00,83.4987714987715,66,108,407,15,2016-04-30
4558609924,2016-04-30 16:00:00,73.55670103092784,56,93,388,16,2016-04-30
4558609924,2016-04-30 17:00:00,82.57242990654206,68,110,428,17,2016-04-30
4558609924,2016-04-30 18:00:00,99.03648915187377,74,134,1014,18,2016-04-30
4558609924,2016-04-30 19:00:00,77.52155172413794,58,108,1160,19,2016-04-30
4558609924,2016-04-30 20:00:00,72.31016042780749,61,89,374,20,2016-04-30
4558609924,2016-04-30 21:00:00,74.98918918918919,57,124,370,21,2016-04-30
4558609924,2016-04-30 22:00:00,64.55613577023499,53,111,383,22,2016-04-30
4558609924,2016-04-30 23:00:00,64.70046082949308,58,95,217,23,2016-04-30
4558609924,2016-05-01 09:00:00,83.98188405797102,71,97,276,9,2016-05-01
4558609924,2016-05-01 10:00:00,75.0,58,99,426,10,2016-05-01
4558609924,2016-05-01 11:00:00,66.43157894736842,56,87,380,11,2016-05-01
4558609924,2016-05-01 12:00:00,70.75182481751825,55,91,411,12,2016-05-01
4558609924,2016-05-01 13:00:00,79.78964401294499,63,98,309,13,2016-05-01
4558609924,2016-05-01 14:00:00,75.33101851851852,63,97,432,14,2016-05-01
4558609924,2016-05-01 15:00:00,71.15366430260048,57,100,423,15,2016-05-01
4558609924,2016-05-01 16:00:00,64.13577023498695,56,81,383,16,2016-05-01
4558609924,2016-05-01 17:00:00,71.30864197530865,55,104,405,17,2016-05-01
4558609924,2016-05-01 18:00:00,67.29057591623037,53,127,382,18,2016-05-01
4558609924,2016-05-01 19:00:00,72.23185011709602,54,88,427,19,2016-05-01
4558609924,2016-05-01 20:00:00,66.07103825136612,54,86,366,20,2016-05-01
4558609924,2016-05-01 21:00:00,63.58522727272727,55,115,352,21,2016-05-01
4558609924,2016-05-01 22:00:00,66.62745098039215,58,89,255,22,2016-05-01
4558609924,2016-05-01 23:00:00,70.0,70,70,4,23,2016-05-01
4558609924,2016-05-02 00:00:00,70.0,70,70,2,0,2016-05-02
4558609924,2016-05-02 01:00:00,69.0,69,69,4,1,2016-05-02
4558609924,2016-05-02 02:00:00,69.5,69,70,4,2,2016-05-02
4558609924,2016-05-02 08:00:00,88.11981566820276,73,104,434,8,2016-05-02
4558609924,2016-05-02 09:00:00,77.1196388261851,61,108,443,9,2016-05-02
4558609924,2016-05-02 10:00:00,83.25726141078839,62,99,482,10,2016-05-02
4558609924,2016-05-02 11:00:00,83.1569416498994,67,108,497,11,2016-05-02
4558609924,2016-05-02 12:00:00,78.67990654205607,65,96,428,12,2016-05-02
4558609924,2016-05-02 13:00:00,72.88520408163265,62,90,392,13,2016-05-02
4558609924,2016-05-02 14:00:00,80.55116279069767,63,96,430,14,2016-05-02
4558609924,2016-05-02 15:00:00,78.53482587064677,64,94,402,15,2016-05-02
4558609924,2016-05-02 16:00:00,80.05319148936171,62,101,376,16,2016-05-02
4558609924,2016-05-02 17:00:00,85.06529209621993,72,99,291,17,2016-05-02
4558609924,2016-05-02 18:00:00,81.36997319034853,66,98,373,18,2016-05-02
4558609924,2016-05-02 19:00:00,78.35550458715596,67,97,436,19,2016-05-02
4558609924,2016-05-02 20:00:00,80.59292035398231,69,97,452,20,2016-05-02
4558609924,2016-05-02 21:00:00,80.16267942583733,61,101,418,21,2016-05-02
4558609924,2016-05-02 22:00:00,64.98907103825137,55,85,366,22,2016-05-02
4558609924,2016-05-02 23:00:00,61.977715877437326,55,80,359,23,2016-05-02
4558609924,2016-05-03 00:00:00,57.94886363636363,52,81,352,0,2016-05-03
4558609924,2016-05-03 01:00:00,60.82789317507418,53,122,337,1,2016-05-03
4558609924,2016-05-03 02:00:00,70.0,70,70,8,2,2016-05-03
4558609924,2016-05-03 09:00:00,81.02916666666667,68,111,240,9,2016-05-03
4558609924,2016-05-03 10:00:00,75.78454332552693,55,96,427,10,2016-05-03
4558609924,2016-05-03 11:00:00,79.82352941176471,67,108,425,11,2016-05-03
4558609924,2016-05-03 12:00:00,82.65301724137932,72,95,464,12,2016-05-03
4558609924,2016-05-03 13:00:00,75.06852791878173,67,89,394,13,2016-05-03
4558609924,2016-05-03 14:00:00,76.68194070080862,64,88,371,14,2016-05-03
4558609924,2016-05-03 15:00:00,72.6624203821656,57,90,314,15,2016-05-03
4558609924,2016-05-03 16:00:00,80.66359447004608,57,114,434,16,2016-05-03
4558609924,2016-05-03 17:00:00,79.87743190661479,62,108,514,17,2016-05-03
4558609924,2016-05-03 18:00:00,114.02279924002534,73,148,1579,18,2016-05-03
4558609924,2016-05-03 19:00:00,73.36134453781513,60,93,357,19,2016-05-03
4558609924,2016-05-03 20:00:00,63.51923076923077,54,85,364,20,2016-05-03
4558609924,2016-05-03 21:00:00,77.9971671388102,56,97,353,21,2016-05-03
4558609924,2016-05-03 22:00:00,72.94711538461539,55,91,208,22,2016-05-03
4558609924,2016-05-03 23:00:00,58.08878504672897,52,85,214,23,2016-05-03
4558609924,2016-05-04 05:00:00,68.44444444444444,63,70,18,5,2016-05-04
4558609924,2016-05-04 10:00:00,80.44477611940299,67,95,335,10,2016-05-04
4558609924,2016-05-04 11:00:00,80.4076923076923,71,93,390,11,2016-05-04
4558609924,2016-05-04 12:00:00,77.81294964028777,56,107,417,12,2016-05-04
4558609924,2016-05-04 13:00:00,69.13492063492063,54,89,378,13,2016-05-04
4558609924,2016-05-04 14:00:00,69.25699745547074,58,93,393,14,2016-05-04
4558609924,2016-05-04 15:00:00,74.57142857142857,60,105,469,15,2016-05-04
4558609924,2016-05-04 16:00:00,77.95273631840796,60,110,402,16,2016-05-04
4558609924,2016-05-04 17:00:00,86.77281947261663,67,109,493,17,2016-05-04
4558609924,2016-05-04 18:00:00,83.0952380952381,70,103,420,18,2016-05-04
4558609924,2016-05-04 19:00:00,80.92789968652038,67,127,319,19,2016-05-04
4558609924,2016-05-04 20:00:00,75.0375,63,93,400,20,2016-05-04
4558609924,2016-05-04 21:00:00,76.27403846153847,60,99,416,21,2016-05-04
4558609924,2016-05-04 22:00:00,70.48593350383632,58,87,391,22,2016-05-04
4558609924,2016-05-04 23:00:00,71.9366391184573,57,95,363,23,2016-05-04
4558609924,2016-05-05 07:00:00,95.296,74,111,125,7,2016-05-05
4558609924,2016-05-05 08:00:00,87.5456570155902,63,113,449,8,2016-05-05
4558609924,2016-05-05 09:00:00,94.87884615384615,73,112,520,9,2016-05-05
4558609924,2016-05-05 10:00:00,78.9037037037037,60,102,405,10,2016-05-05
4558609924,2016-05-05 11:00:00,89.91816367265469,65,112,501,11,2016-05-05
4558609924,2016-05-05 12:00:00,94.68927789934355,72,122,457,12,2016-05-05
4558609924,2016-05-05 13:00:00,81.34693877551021,66,106,392,13,2016-05-05
4558609924,2016-05-05 14:00:00,82.88319088319088,68,99,351,14,2016-05-05
4558609924,2016-05-05 15:00:00,83.35400516795866,71,106,387,15,2016-05-05
4558609924,2016-05-05 16:00:00,87.22311827956989,69,112,372,16,2016-05-05
4558609924,2016-05-05 17:00:00,85.75169300225734,70,99,443,17,2016-05-05
4558609924,2016-05-05 18:00:00,78.65458937198068,69,107,414,18,2016-05-05
4558609924,2016-05-05 19:00:00,77.91232227488152,66,95,422,19,2016-05-05
4558609924,2016-05-05 20:00:00,79.44857142857143,65,130,350,20,2016-05-05
4558609924,2016-05-05 21:00:00,70.91168831168831,54,91,385,21,2016-05-05
4558609924,2016-05-05 22:00:00,64.26683937823834,54,88,386,22,2016-05-05
4558609924,2016-05-05 23:00:00,56.244897959183675,48,80,343,23,2016-05-05
4558609924,2016-05-06 00:00:00,56.95348837209303,51,86,43,0,2016-05-06
4558609924,2016-05-06 09:00:00,83.01941747572816,68,102,206,9,2016-05-06
4558609924,2016-05-06 10:00:00,78.48758465011286,63,99,443,10,2016-05-06
4558609924,2016-05-06 11:00:00,74.03117505995203,61,96,417,11,2016-05-06
4558609924,2016-05-06 12:00:00,76.26709401709402,59,91,468,12,2016-05-06
4558609924,2016-05-06 13:00:00,75.14825581395348,58,103,344,13,2016-05-06
4558609924,2016-05-06 14:00:00,76.82926829268293,67,93,410,14,2016-05-06
4558609924,2016-05-06 15:00:00,78.61363636363636,64,99,396,15,2016-05-06
4558609924,2016-05-06 16:00:00,75.92326139088729,58,96,417,16,2016-05-06
4558609924,2016-05-06 17:00:00,69.18666666666667,55,87,375,17,2016-05-06
4558609924,2016-05-06 18:00:00,61.54068241469816,54,79,381,18,2016-05-06
4558609924,2016-05-06 19:00:00,62.06410256410256,54,93,312,19,2016-05-06
4558609924,2016-05-06 20:00:00,61.161879895561356,51,96,383,20,2016-05-06
4558609924,2016-05-06 21:00:00,75.06549118387909,56,110,397,21,2016-05-06
4558609924,2016-05-06 22:00:00,63.26027397260274,54,85,365,22,2016-05-06
4558609924,2016-05-06 23:00:00,62.666666666666664,56,73,72,23,2016-05-06
4558609924,2016-05-07 02:00:00,70.0,70,70,2,2,2016-05-07
4558609924,2016-05-07 08:00:00,105.75,99,107,12,8,2016-05-07
4558609924,2016-05-07 09:00:00,75.70038910505836,58,95,257,9,2016-05-07
4558609924,2016-05-07 10:00:00,78.9702380952381,66,110,168,10,2016-05-07
4558609924,2016-05-07 11:00:00,77.62591687041565,57,94,409,11,2016-05-07
4558609924,2016-05-07 12:00:00,66.63684210526316,54,80,380,12,2016-05-07
4558609924,2016-05-07 13:00:00,64.76190476190476,57,81,168,13,2016-05-07
4558609924,2016-05-07 14:00:00,76.89690721649484,60,107,291,14,2016-05-07
4558609924,2016-05-07 15:00:00,81.78526315789473,68,98,475,15,2016-05-07
4558609924,2016-05-07 16:00:00,94.96747967479675,73,116,492,16,2016-05-07
4558609924,2016-05-07 17:00:00,75.77952755905511,62,109,381,17,2016-05-07
4558609924,2016-05-07 18:00:00,75.78325123152709,62,96,406,18,2016-05-07
4558609924,2016-05-07 19:00:00,76.9307875894988,64,99,419,19,2016-05-07
4558609924,2016-05-07 20:00:00,82.08977556109726,65,107,401,20,2016-05-07
4558609924,2016-05-07 21:00:00,70.21374045801527,61,84,393,21,2016-05-07
4558609924,2016-05-07 22:00:00,71.28235294117647,56,101,425,22,2016-05-07
4558609924,2016-05-07 23:00:00,60.77840909090909,54,76,352,23,2016-05-07
4558609924,2016-05-08 00:00:00,65.36170212765957,52,81,188,0,2016-05-08
4558609924,2016-05-08 01:00:00,62.86813186813187,45,86,91,1,2016-05-08
4558609924,2016-05-08 02:00:00,111.0,111,111,2,2,2016-05-08
4558609924,2016-05-08 03:00:00,81.25,70,99,12,3,2016-05-08
4558609924,2016-05-08 04:00:00,96.0,96,96,2,4,2016-05-08
4558609924,2016-05-08 10:00:00,59.774193548387096,54,70,62,10,2016-05-08
4558609924,2016-05-08 11:00:00,59.63636363636363,52,82,22,11,2016-05-08
4558609924,2016-05-08 12:00:00,55.0,55,55,2,12,2016-05-08
4558609924,2016-05-08 13:00:00,150.20620842572063,83,199,451,13,2016-05-08
4558609924,2016-05-08 14:00:00,109.04861111111111,69,158,576,14,2016-05-08
4558609924,2016-05-08 15:00:00,93.44802867383513,67,134,558,15,2016-05-08
4558609924,2016-05-08 16:00:00,104.86481481481482,70,139,540,16,2016-05-08
4558609924,2016-05-08 17:00:00,102.34475806451613,85,137,496,17,2016-05-08
4558609924,2016-05-08 18:00:00,98.0469387755102,74,118,490,18,2016-05-08
4558609924,2016-05-08 19:00:00,97.47083333333333,79,119,480,19,2016-05-08
4558609924,2016-05-08 20:00:00,116.61748633879782,82,151,549,20,2016-05-08
4558609924,2016-05-08 21:00:00,112.6,98,128,85,21,2016-05-08
4558609924,2016-05-09 07:00:00,78.12037037037037,60,102,216,7,2016-05-09
4558609924,2016-05-09 08:00:00,84.71648351648352,60,100,455,8,2016-05-09
4558609924,2016-05-09 09:00:00,86.58968609865471,70,108,446,9,2016-05-09
4558609924,2016-05-09 10:00:00,83.07674418604651,70,100,430,10,2016-05-09
4558609924,2016-05-09 11:00:00,87.39429928741093,66,109,421,11,2016-05-09
4558609924,2016-05-09 12:00:00,81.81432360742706,71,107,377,12,2016-05-09
4558609924,2016-05-09 13:00:00,91.85106382978724,67,110,470,13,2016-05-09
4558609924,2016-05-09 14:00:00,86.41253263707571,73,106,383,14,2016-05-09
4558609924,2016-05-09 15:00:00,81.14888337468983,70,105,403,15,2016-05-09
4558609924,2016-05-09 16:00:00,79.57692307692308,66,100,416,16,2016-05-09
4558609924,2016-05-09 17:00:00,75.5693641618497,61,96,346,17,2016-05-09
4558609924,2016-05-09 18:00:00,69.875,61,86,384,18,2016-05-09
4558609924,2016-05-09 19:00:00,73.37275064267352,60,99,389,19,2016-05-09
4558609924,2016-05-09 20:00:00,70.77540106951872,62,90,374,20,2016-05-09
4558609924,2016-05-09 21:00:00,77.34878048780487,58,99,410,21,2016-05-09
4558609924,2016-05-09 22:00:00,70.15649867374005,54,92,377,22,2016-05-09
4558609924,2016-05-09 23:00:00,62.61849710982659,55,87,346,23,2016-05-09
4558609924,2016-05-10 00:00:00,64.9532967032967,55,84,364,0,2016-05-10
4558609924,2016-05-10 01:00:00,70.9675925925926,57,122,216,1,2016-05-10
4558609924,2016-05-10 08:00:00,73.0,73,73,4,8,2016-05-10
4558609924,2016-05-10 10:00:00,71.01587301587301,65,81,63,10,2016-05-10
4558609924,2016-05-10 11:00:00,70.31565656565657,55,85,396,11,2016-05-10
4558609924,2016-05-10 12:00:00,70.17424242424242,56,83,396,12,2016-05-10
4558609924,2016-05-10 13:00:00,59.255639097744364,52,79,399,13,2016-05-10
4558609924,2016-05-10 14:00:00,64.80154639175258,50,87,388,14,2016-05-10
4558609924,2016-05-10 15:00:00,69.21888412017168,59,106,233,15,2016-05-10
4558609924,2016-05-10 16:00:00,74.18858560794045,54,111,403,16,2016-05-10
4558609924,2016-05-10 17:00:00,85.74266365688487,68,120,443,17,2016-05-10
4558609924,2016-05-10 18:00:00,83.53302961275627,64,98,439,18,2016-05-10
4558609924,2016-05-10 19:00:00,97.0541012216405,69,147,1146,19,2016-05-10
4558609924,2016-05-10 20:00:00,69.22865013774104,57,86,363,20,2016-05-10
4558609924,2016-05-10 21:00:00,69.54545454545455,56,91,385,21,2016-05-10
4558609924,2016-05-10 22:00:00,74.75342465753425,58,104,365,22,2016-05-10
4558609924,2016-05-10 23:00:00,62.34796238244514,54,83,319,23,2016-05-10
4558609924,2016-05-11 00:00:00,61.89795918367347,44,102,294,0,2016-05-11
4558609924,2016-05-11 01:00:00,67.91666666666667,51,133,276,1,2016-05-11
4558609924,2016-05-11 08:00:00,72.94736842105263,65,110,19,8,2016-05-11
4558609924,2016-05-11 09:00:00,72.2576112412178,61,84,427,9,2016-05-11
4558609924,2016-05-11 10:00:00,75.13333333333334,62,88,405,10,2016-05-11
4558609924,2016-05-11 11:00:00,68.36567164179104,55,86,402,11,2016-05-11
4558609924,2016-05-11 12:00:00,64.8894348894349,54,83,407,12,2016-05-11
4558609924,2016-05-11 13:00:00,65.44559585492227,56,91,386,13,2016-05-11
4558609924,2016-05-11 14:00:00,90.21684210526315,65,138,475,14,2016-05-11
4558609924,2016-05-11 15:00:00,85.40779220779221,70,112,385,15,2016-05-11
4558609924,2016-05-11 16:00:00,83.364896073903,73,98,433,16,2016-05-11
4558609924,2016-05-11 17:00:00,79.98223350253807,65,117,394,17,2016-05-11
4558609924,2016-05-11 18:00:00,79.1824644549763,61,99,422,18,2016-05-11
4558609924,2016-05-11 19:00:00,80.28463476070529,60,109,397,19,2016-05-11
4558609924,2016-05-11 20:00:00,71.26108374384236,58,89,406,20,2016-05-11
4558609924,2016-05-11 21:00:00,76.66329113924051,61,87,395,21,2016-05-11
4558609924,2016-05-11 22:00:00,67.93243243243244,55,85,370,22,2016-05-11
4558609924,2016-05-11 23:00:00,73.22972972972973,68,80,148,23,2016-05-11
4558609924,2016-05-12 01:00:00,74.0,74,74,2,1,2016-05-12
4558609924,2016-05-12 07:00:00,67.52631578947368,54,99,133,7,2016-05-12
4558609924,2016-05-12 08:00:00,74.3048780487805,56,86,410,8,2016-05-12
4558609924,2016-05-12 09:00:00,87.00898876404494,68,117,445,9,2016-05-12
4558609924,2016-05-12 10:00:00,78.49122807017544,67,99,456,10,2016-05-12
4558609924,2016-05-12 11:00:00,78.81411764705882,65,100,425,11,2016-05-12
4558609924,2016-05-12 12:00:00,80.06221198156682,67,101,434,12,2016-05-12
4558609924,2016-05-12 13:00:00,83.76359832635983,68,113,478,13,2016-05-12
4558609924,2016-05-12 14:00:00,83.20253164556962,69,107,474,14,2016-05-12
4558609924,2016-05-12 15:00:00,75.95990566037736,61,93,424,15,2016-05-12
4558609924,2016-05-12 16:00:00,75.09316770186335,63,85,161,16,2016-05-12
5553957443,2016-04-12 00:00:00,57.624605678233436,54,70,317,0,2016-04-12
5553957443,2016-04-12 01:00:00,58.483552631578945,54,67,304,1,2016-04-12
5553957443,2016-04-12 02:00:00,59.993355481727576,55,70,301,2,2016-04-12
5553957443,2016-04-12 03:00:00,58.402027027027025,53,66,296,3,2016-04-12
5553957443,2016-04-12 04:00:00,57.370607028753994,51,70,313,4,2016-04-12
5553957443,2016-04-12 05:00:00,56.903225806451616,53,78,155,5,2016-04-12
5553957443,2016-04-12 06:00:00,68.05555555555556,57,94,198,6,2016-04-12
5553957443,2016-04-12 07:00:00,74.12676056338029,59,104,426,7,2016-04-12
5553957443,2016-04-12 08:00:00,69.09677419354838,55,100,403,8,2016-04-12
5553957443,2016-04-12 09:00:00,64.41011235955057,57,83,356,9,2016-04-12
5553957443,2016-04-12 10:00:00,60.06508875739645,54,78,338,10,2016-04-12
5553957443,2016-04-12 11:00:00,59.76093294460642,55,78,343,11,2016-04-12
5553957443,2016-04-12 12:00:00,63.418546365914786,54,80,399,12,2016-04-12
5553957443,2016-04-12 13:00:00,65.48257372654156,56,91,373,13,2016-04-12
5553957443,2016-04-12 14:00:00,61.21818181818182,58,67,330,14,2016-04-12
5553957443,2016-04-12 15:00:00,60.73015873015873,55,73,315,15,2016-04-12
5553957443,2016-04-12 16:00:00,73.21634615384616,56,101,416,16,2016-04-12
5553957443,2016-04-12 17:00:00,71.51463414634146,56,106,410,17,2016-04-12
5553957443,2016-04-12 18:00:00,65.66911764705883,57,75,408,18,2016-04-12
5553957443,2016-04-12 19:00:00,65.88040712468194,56,86,393,19,2016-04-12
5553957443,2016-04-12 20:00:00,65.08883248730965,55,76,394,20,2016-04-12
5553957443,2016-04-12 21:00:00,64.45430809399478,55,82,383,21,2016-04-12
5553957443,2016-04-12 22:00:00,64.9060773480663,55,96,362,22,2016-04-12
5553957443,2016-04-12 23:00:00,65.4187643020595,50,96,437,23,2016-04-12
5553957443,2016-04-13 00:00:00,52.51757188498402,47,81,313,0,2016-04-13
5553957443,2016-04-13 01:00:00,53.26072607260726,48,62,303,1,2016-04-13
5553957443,2016-04-13 02:00:00,56.00970873786408,52,70,309,2,2016-04-13
5553957443,2016-04-13 03:00:00,58.68421052631579,53,74,304,3,2016-04-13
5553957443,2016-04-13 04:00:00,58.82051282051282,53,74,312,4,2016-04-13
5553957443,2016-04-13 05:00:00,57.7246835443038,50,77,316,5,2016-04-13
5553957443,2016-04-13 06:00:00,55.56230031948882,48,70,313,6,2016-04-13
5553957443,2016-04-13 07:00:00,54.338235294117645,49,67,136,7,2016-04-13
5553957443,2016-04-13 08:00:00,60.233333333333334,49,79,330,8,2016-04-13
5553957443,2016-04-13 09:00:00,65.5391304347826,59,84,345,9,2016-04-13
5553957443,2016-04-13 10:00:00,68.98223350253807,61,82,394,10,2016-04-13
5553957443,2016-04-13 11:00:00,63.691588785046726,57,75,321,11,2016-04-13
5553957443,2016-04-13 12:00:00,62.27745664739884,50,77,346,12,2016-04-13
5553957443,2016-04-13 13:00:00,62.85981308411215,56,75,321,13,2016-04-13
5553957443,2016-04-13 14:00:00,62.76307692307692,58,69,325,14,2016-04-13
5553957443,2016-04-13 15:00:00,68.3678756476684,60,95,386,15,2016-04-13
5553957443,2016-04-13 16:00:00,63.59556786703601,55,85,361,16,2016-04-13
5553957443,2016-04-13 17:00:00,63.60606060606061,56,89,330,17,2016-04-13
5553957443,2016-04-13 18:00:00,61.395705521472394,57,74,326,18,2016-04-13
5553957443,2016-04-13 19:00:00,64.58705357142857,56,82,448,19,2016-04-13
5553957443,2016-04-13 20:00:00,64.26168224299066,51,80,428,20,2016-04-13
5553957443,2016-04-13 21:00:00,65.22636815920399,54,86,402,21,2016-04-13
5553957443,2016-04-13 22:00:00,61.257294429708224,52,82,377,22,2016-04-13
5553957443,2016-04-13 23:00:00,57.58360655737705,52,75,305,23,2016-04-13
5553957443,2016-04-14 00:00:00,60.987730061349694,55,72,326,0,2016-04-14
5553957443,2016-04-14 01:00:00,60.601941747572816,54,75,309,1,2016-04-14
5553957443,2016-04-14 02:00:00,57.92258064516129,53,69,310,2,2016-04-14
5553957443,2016-04-14 03:00:00,62.11784511784512,55,78,297,3,2016-04-14
5553957443,2016-04-14 04:00:00,59.053872053872055,55,68,297,4,2016-04-14
5553957443,2016-04-14 05:00:00,63.458333333333336,53,87,336,5,2016-04-14
5553957443,2016-04-14 06:00:00,74.62315789473685,60,95,475,6,2016-04-14
5553957443,2016-04-14 07:00:00,76.5079365079365,55,103,441,7,2016-04-14
5553957443,2016-04-14 08:00:00,60.091445427728615,54,68,339,8,2016-04-14
5553957443,2016-04-14 09:00:00,61.53954802259887,56,70,354,9,2016-04-14
5553957443,2016-04-14 10:00:00,60.77777777777778,55,80,333,10,2016-04-14
5553957443,2016-04-14 11:00:00,62.20710059171598,56,68,338,11,2016-04-14
5553957443,2016-04-14 12:00:00,63.564841498559076,56,78,347,12,2016-04-14
5553957443,2016-04-14 13:00:00,68.77777777777777,59,101,378,13,2016-04-14
5553957443,2016-04-14 14:00:00,107.39110429447852,72,133,1304,14,2016-04-14
5553957443,2016-04-14 15:00:00,69.5,58,86,396,15,2016-04-14
5553957443,2016-04-14 16:00:00,75.25647058823529,59,98,425,16,2016-04-14
5553957443,2016-04-14 17:00:00,89.58156028368795,67,106,564,17,2016-04-14
5553957443,2016-04-14 18:00:00,65.25531914893617,55,87,376,18,2016-04-14
5553957443,2016-04-14 19:00:00,65.68096514745308,57,78,373,19,2016-04-14
5553957443,2016-04-14 20:00:00,67.93396226415095,58,98,424,20,2016-04-14
5553957443,2016-04-14 21:00:00,75.51134020618557,55,114,485,21,2016-04-14
5553957443,2016-04-14 22:00:00,61.93157894736842,56,73,380,22,2016-04-14
5553957443,2016-04-14 23:00:00,55.06349206349206,51,67,315,23,2016-04-14
5553957443,2016-04-15 00:00:00,57.05750798722045,52,71,313,0,2016-04-15
5553957443,2016-04-15 01:00:00,56.81879194630873,53,67,298,1,2016-04-15
5553957443,2016-04-15 02:00:00,57.10666666666667,50,63,300,2,2016-04-15
5553957443,2016-04-15 03:00:00,58.04,51,70,300,3,2016-04-15
5553957443,2016-04-15 04:00:00,58.80132450331126,54,66,302,4,2016-04-15
5553957443,2016-04-15 05:00:00,58.7831715210356,53,75,309,5,2016-04-15
5553957443,2016-04-15 06:00:00,71.92567567567568,55,100,444,6,2016-04-15
5553957443,2016-04-15 07:00:00,74.1405529953917,58,109,434,7,2016-04-15
5553957443,2016-04-15 08:00:00,60.25239616613418,56,76,313,8,2016-04-15
5553957443,2016-04-15 09:00:00,58.95061728395062,52,77,324,9,2016-04-15
5553957443,2016-04-15 10:00:00,73.6046511627907,54,97,473,10,2016-04-15
5553957443,2016-04-15 11:00:00,72.35251798561151,55,99,417,11,2016-04-15
5553957443,2016-04-15 12:00:00,66.29032258064517,51,108,372,12,2016-04-15
5553957443,2016-04-15 13:00:00,61.98382749326146,54,71,371,13,2016-04-15
5553957443,2016-04-15 14:00:00,102.17733473242393,56,123,953,14,2016-04-15
5553957443,2016-04-15 15:00:00,64.14025974025974,55,102,385,15,2016-04-15
5553957443,2016-04-15 16:00:00,75.77056277056278,57,99,462,16,2016-04-15
5553957443,2016-04-15 17:00:00,66.6657824933687,55,95,377,17,2016-04-15
5553957443,2016-04-15 18:00:00,65.54381443298969,54,99,388,18,2016-04-15
5553957443,2016-04-15 19:00:00,68.44,60,91,325,19,2016-04-15
5553957443,2016-04-15 20:00:00,61.531772575250834,56,67,299,20,2016-04-15
5553957443,2016-04-15 21:00:00,66.76190476190476,58,81,336,21,2016-04-15
5553957443,2016-04-15 22:00:00,65.90751445086705,57,86,346,22,2016-04-15
5553957443,2016-04-15 23:00:00,57.863945578231295,53,68,294,23,2016-04-15
5553957443,2016-04-16 00:00:00,65.33668341708542,59,78,199,0,2016-04-16
5553957443,2016-04-16 01:00:00,63.520930232558136,58,75,215,1,2016-04-16
5553957443,2016-04-16 02:00:00,60.584717607973424,56,80,301,2,2016-04-16
5553957443,2016-04-16 03:00:00,61.75704225352113,55,80,284,3,2016-04-16
5553957443,2016-04-16 04:00:00,58.36625514403292,52,77,243,4,2016-04-16
5553957443,2016-04-16 05:00:00,58.73376623376623,55,80,308,5,2016-04-16
5553957443,2016-04-16 06:00:00,58.577922077922075,54,80,308,6,2016-04-16
5553957443,2016-04-16 07:00:00,60.038216560509554,54,74,314,7,2016-04-16
5553957443,2016-04-16 08:00:00,59.95145631067961,54,75,309,8,2016-04-16
5553957443,2016-04-16 09:00:00,62.20175438596491,55,82,342,9,2016-04-16
5553957443,2016-04-16 10:00:00,71.8578431372549,58,90,408,10,2016-04-16
5553957443,2016-04-16 11:00:00,69.07185628742515,61,82,334,11,2016-04-16
5553957443,2016-04-16 12:00:00,72.7202380952381,61,90,336,12,2016-04-16
5553957443,2016-04-16 13:00:00,74.14423076923077,59,116,208,13,2016-04-16
5553957443,2016-04-16 14:00:00,68.31963470319634,56,83,438,14,2016-04-16
5553957443,2016-04-16 15:00:00,70.72389791183295,59,83,431,15,2016-04-16
5553957443,2016-04-16 16:00:00,70.21030042918454,55,89,466,16,2016-04-16
5553957443,2016-04-16 17:00:00,69.91903719912473,56,86,457,17,2016-04-16
5553957443,2016-04-16 18:00:00,68.2133676092545,58,92,389,18,2016-04-16
5553957443,2016-04-16 19:00:00,67.24038461538461,56,87,416,19,2016-04-16
5553957443,2016-04-16 20:00:00,68.86298076923077,56,93,416,20,2016-04-16
5553957443,2016-04-16 21:00:00,67.34818941504179,57,85,359,21,2016-04-16
5553957443,2016-04-16 22:00:00,64.08883248730965,50,78,394,22,2016-04-16
5553957443,2016-04-16 23:00:00,62.20661157024794,54,75,363,23,2016-04-16
5553957443,2016-04-17 00:00:00,57.91475409836065,52,64,305,0,2016-04-17
5553957443,2016-04-17 01:00:00,60.65610859728507,54,77,221,1,2016-04-17
5553957443,2016-04-17 02:00:00,53.94267515923567,49,64,157,2,2016-04-17
5553957443,2016-04-17 03:00:00,57.59090909090909,52,70,132,3,2016-04-17
5553957443,2016-04-17 04:00:00,66.58024691358025,61,68,81,4,2016-04-17
5553957443,2016-04-17 05:00:00,67.38461538461539,66,79,26,5,2016-04-17
5553957443,2016-04-17 06:00:00,61.25925925925926,61,66,27,6,2016-04-17
5553957443,2016-04-17 07:00:00,62.074074074074076,60,64,27,7,2016-04-17
5553957443,2016-04-17 22:00:00,62.093333333333334,56,84,150,22,2016-04-17
5553957443,2016-04-17 23:00:00,59.151125401929264,55,74,311,23,2016-04-17
5553957443,2016-04-18 00:00:00,63.890728476821195,57,80,302,0,2016-04-18
5553957443,2016-04-18 01:00:00,60.36513157894737,55,69,304,1,2016-04-18
5553957443,2016-04-18 02:00:00,62.1160409556314,56,72,293,2,2016-04-18
5553957443,2016-04-18 03:00:00,61.706713780918726,56,66,283,3,2016-04-18
5553957443,2016-04-18 04:00:00,59.9204152249135,53,68,289,4,2016-04-18
5553957443,2016-04-18 05:00:00,56.8943894389439,53,72,303,5,2016-04-18
5553957443,2016-04-18 06:00:00,62.14102564102564,54,84,312,6,2016-04-18
5553957443,2016-04-18 07:00:00,63.915942028985505,57,74,345,7,2016-04-18
5553957443,2016-04-18 08:00:00,67.95962732919254,64,78,322,8,2016-04-18
5553957443,2016-04-18 09:00:00,69.08211143695014,63,82,341,9,2016-04-18
5553957443,2016-04-18 10:00:00,68.65277777777777,60,87,360,10,2016-04-18
5553957443,2016-04-18 11:00:00,70.05817174515235,61,87,361,11,2016-04-18
5553957443,2016-04-18 12:00:00,68.82142857142857,59,82,364,12,2016-04-18
5553957443,2016-04-18 13:00:00,62.77917981072555,58,78,317,13,2016-04-18
5553957443,2016-04-18 14:00:00,64.10967741935484,54,86,310,14,2016-04-18
5553957443,2016-04-18 15:00:00,71.04314720812182,60,82,394,15,2016-04-18
5553957443,2016-04-18 16:00:00,67.67159763313609,60,82,338,16,2016-04-18
5553957443,2016-04-18 17:00:00,74.78342245989305,64,91,374,17,2016-04-18
5553957443,2016-04-18 18:00:00,67.68181818181819,57,82,352,18,2016-04-18
5553957443,2016-04-18 19:00:00,60.16828478964401,56,71,309,19,2016-04-18
5553957443,2016-04-18 20:00:00,71.81283422459893,60,85,374,20,2016-04-18
5553957443,2016-04-18 21:00:00,67.09768637532133,54,85,389,21,2016-04-18
5553957443,2016-04-18 22:00:00,56.48726114649681,53,78,314,22,2016-04-18
5553957443,2016-04-18 23:00:00,61.13418530351438,55,75,313,23,2016-04-18
5553957443,2016-04-19 00:00:00,59.074918566775246,54,73,307,0,2016-04-19
5553957443,2016-04-19 01:00:00,57.10130718954248,53,73,306,1,2016-04-19
5553957443,2016-04-19 02:00:00,59.18037974683544,53,81,316,2,2016-04-19
5553957443,2016-04-19 03:00:00,59.99673202614379,56,75,306,3,2016-04-19
5553957443,2016-04-19 04:00:00,60.687732342007436,56,77,269,4,2016-04-19
5553957443,2016-04-19 05:00:00,61.266666666666666,57,82,60,5,2016-04-19
5553957443,2016-04-19 06:00:00,71.24590163934427,58,108,366,6,2016-04-19
5553957443,2016-04-19 07:00:00,73.30201342281879,59,98,447,7,2016-04-19
5553957443,2016-04-19 08:00:00,69.66925064599484,55,109,387,8,2016-04-19
5553957443,2016-04-19 09:00:00,64.44535519125684,53,82,366,9,2016-04-19
5553957443,2016-04-19 10:00:00,64.04065040650407,55,73,369,10,2016-04-19
5553957443,2016-04-19 11:00:00,65.20754716981132,57,73,371,11,2016-04-19
5553957443,2016-04-19 12:00:00,78.28630705394191,60,103,482,12,2016-04-19
5553957443,2016-04-19 13:00:00,76.27312775330397,63,97,454,13,2016-04-19
5553957443,2016-04-19 14:00:00,64.68587896253602,56,73,347,14,2016-04-19
5553957443,2016-04-19 15:00:00,109.40613718411552,57,128,1108,15,2016-04-19
5553957443,2016-04-19 16:00:00,84.4609375,67,120,1536,16,2016-04-19
5553957443,2016-04-19 17:00:00,80.0,49,113,558,17,2016-04-19
5553957443,2016-04-19 18:00:00,77.37777777777778,68,98,405,18,2016-04-19
5553957443,2016-04-19 19:00:00,72.32241813602015,60,91,397,19,2016-04-19
5553957443,2016-04-19 20:00:00,68.74598930481284,59,79,374,20,2016-04-19
5553957443,2016-04-19 21:00:00,70.51,57,86,400,21,2016-04-19
5553957443,2016-04-19 22:00:00,62.04643962848297,54,74,323,22,2016-04-19
5553957443,2016-04-19 23:00:00,54.776729559748425,50,61,318,23,2016-04-19
5553957443,2016-04-20 00:00:00,58.9728813559322,56,78,295,0,2016-04-20
5553957443,2016-04-20 01:00:00,59.12852664576803,54,71,319,1,2016-04-20
5553957443,2016-04-20 02:00:00,59.42356687898089,54,71,314,2,2016-04-20
5553957443,2016-04-20 03:00:00,60.17834394904459,54,74,314,3,2016-04-20
5553957443,2016-04-20 04:00:00,56.794642857142854,53,71,224,4,2016-04-20
5553957443,2016-04-20 05:00:00,56.952229299363054,53,74,314,5,2016-04-20
5553957443,2016-04-20 06:00:00,57.567567567567565,51,81,333,6,2016-04-20
5553957443,2016-04-20 07:00:00,58.61490683229814,54,69,322,7,2016-04-20
5553957443,2016-04-20 08:00:00,58.38080495356037,54,68,323,8,2016-04-20
5553957443,2016-04-20 09:00:00,54.01875,48,72,320,9,2016-04-20
5553957443,2016-04-20 10:00:00,57.825581395348834,50,82,344,10,2016-04-20
5553957443,2016-04-20 11:00:00,61.836158192090394,53,73,354,11,2016-04-20
5553957443,2016-04-20 12:00:00,65.36649214659685,56,84,382,12,2016-04-20
5553957443,2016-04-20 13:00:00,64.93866666666666,55,84,375,13,2016-04-20
5553957443,2016-04-20 14:00:00,62.31758530183727,51,78,381,14,2016-04-20
5553957443,2016-04-20 15:00:00,60.32984293193717,55,68,382,15,2016-04-20
5553957443,2016-04-20 16:00:00,61.03465346534654,54,76,404,16,2016-04-20
5553957443,2016-04-20 17:00:00,62.058510638297875,53,77,376,17,2016-04-20
5553957443,2016-04-20 18:00:00,62.82170542635659,56,76,387,18,2016-04-20
5553957443,2016-04-20 19:00:00,60.932432432432435,52,83,370,19,2016-04-20
5553957443,2016-04-20 20:00:00,62.57142857142857,51,77,378,20,2016-04-20
5553957443,2016-04-20 21:00:00,60.4060773480663,52,81,362,21,2016-04-20
5553957443,2016-04-20 22:00:00,61.014044943820224,50,81,356,22,2016-04-20
5553957443,2016-04-20 23:00:00,51.88709677419355,48,65,310,23,2016-04-20
5553957443,2016-04-21 00:00:00,55.75796178343949,51,67,314,0,2016-04-21
5553957443,2016-04-21 01:00:00,53.901023890784984,49,58,293,1,2016-04-21
5553957443,2016-04-21 02:00:00,56.38957055214724,49,85,326,2,2016-04-21
5553957443,2016-04-21 03:00:00,52.820598006644516,49,59,301,3,2016-04-21
5553957443,2016-04-21 04:00:00,60.87951807228916,55,70,83,4,2016-04-21
5553957443,2016-04-21 05:00:00,59.84496124031008,54,74,258,5,2016-04-21
5553957443,2016-04-21 06:00:00,69.65587044534414,56,80,247,6,2016-04-21
5553957443,2016-04-21 07:00:00,69.58868894601542,57,90,389,7,2016-04-21
5553957443,2016-04-21 08:00:00,73.51690821256038,56,99,414,8,2016-04-21
5553957443,2016-04-21 09:00:00,65.64383561643835,60,82,365,9,2016-04-21
5553957443,2016-04-21 10:00:00,64.74515235457064,54,72,361,10,2016-04-21
5553957443,2016-04-21 11:00:00,64.05376344086021,56,84,372,11,2016-04-21
5553957443,2016-04-21 12:00:00,66.17478510028653,56,83,349,12,2016-04-21
5553957443,2016-04-21 13:00:00,62.81388888888889,54,82,360,13,2016-04-21
5553957443,2016-04-21 14:00:00,62.4756446991404,57,71,349,14,2016-04-21
5553957443,2016-04-21 15:00:00,61.23410404624278,56,70,346,15,2016-04-21
5553957443,2016-04-21 16:00:00,58.9969512195122,52,66,328,16,2016-04-21
5553957443,2016-04-21 17:00:00,107.43056768558952,58,127,1145,17,2016-04-21
5553957443,2016-04-21 18:00:00,82.8395061728395,66,100,567,18,2016-04-21
5553957443,2016-04-21 19:00:00,72.08683473389355,60,98,357,19,2016-04-21
5553957443,2016-04-21 20:00:00,68.78823529411764,61,75,340,20,2016-04-21
5553957443,2016-04-21 21:00:00,76.3076923076923,61,104,390,21,2016-04-21
5553957443,2016-04-21 22:00:00,68.15337423312883,62,77,326,22,2016-04-21
5553957443,2016-04-21 23:00:00,68.5121293800539,54,91,371,23,2016-04-21
5553957443,2016-04-22 00:00:00,56.66555183946488,52,72,299,0,2016-04-22
5553957443,2016-04-22 01:00:00,58.891447368421055,54,74,304,1,2016-04-22
5553957443,2016-04-22 02:00:00,57.803174603174604,52,75,315,2,2016-04-22
5553957443,2016-04-22 03:00:00,56.245847176079735,52,66,301,3,2016-04-22
5553957443,2016-04-22 04:00:00,58.68181818181818,54,69,132,4,2016-04-22
5553957443,2016-04-22 05:00:00,60.39375,53,81,320,5,2016-04-22
5553957443,2016-04-22 06:00:00,73.64402810304449,61,92,427,6,2016-04-22
5553957443,2016-04-22 07:00:00,79.79735682819383,60,105,227,7,2016-04-22
5553957443,2016-04-22 08:00:00,67.18243243243244,54,82,148,8,2016-04-22
5553957443,2016-04-22 09:00:00,62.0467032967033,53,80,364,9,2016-04-22
5553957443,2016-04-22 10:00:00,60.80172413793103,55,76,348,10,2016-04-22
5553957443,2016-04-22 11:00:00,60.60857142857143,53,78,350,11,2016-04-22
5553957443,2016-04-22 12:00:00,65.77866666666667,56,86,375,12,2016-04-22
5553957443,2016-04-22 13:00:00,63.51881720430107,53,81,372,13,2016-04-22
5553957443,2016-04-22 14:00:00,64.18997361477572,51,91,379,14,2016-04-22
5553957443,2016-04-22 15:00:00,88.72753209700429,55,121,701,15,2016-04-22
5553957443,2016-04-22 16:00:00,97.058039961941,65,128,1051,16,2016-04-22
5553957443,2016-04-22 17:00:00,69.58194774346794,58,88,421,17,2016-04-22
5553957443,2016-04-22 18:00:00,71.11989795918367,58,112,392,18,2016-04-22
5553957443,2016-04-22 19:00:00,74.67058823529412,57,105,425,19,2016-04-22
5553957443,2016-04-22 20:00:00,65.28888888888889,56,84,360,20,2016-04-22
5553957443,2016-04-22 21:00:00,66.89876543209877,55,92,405,21,2016-04-22
5553957443,2016-04-22 22:00:00,60.69470404984423,55,68,321,22,2016-04-22
5553957443,2016-04-22 23:00:00,64.72649572649573,58,81,351,23,2016-04-22
5553957443,2016-04-23 00:00:00,64.69459459459459,57,79,370,0,2016-04-23
5553957443,2016-04-23 01:00:00,69.62153846153846,60,79,325,1,2016-04-23
5553957443,2016-04-23 02:00:00,66.08026755852843,63,71,299,2,2016-04-23
5553957443,2016-04-23 03:00:00,63.593650793650795,57,77,315,3,2016-04-23
5553957443,2016-04-23 04:00:00,60.93464052287582,55,71,306,4,2016-04-23
5553957443,2016-04-23 05:00:00,60.84415584415584,55,78,308,5,2016-04-23
5553957443,2016-04-23 06:00:00,60.411949685534594,55,69,318,6,2016-04-23
5553957443,2016-04-23 07:00:00,60.15576323987539,54,78,321,7,2016-04-23
5553957443,2016-04-23 08:00:00,61.57993730407524,53,73,319,8,2016-04-23
5553957443,2016-04-23 09:00:00,60.49683544303797,52,73,316,9,2016-04-23
5553957443,2016-04-23 10:00:00,61.45945945945946,56,84,333,10,2016-04-23
5553957443,2016-04-23 11:00:00,65.93548387096774,57,79,341,11,2016-04-23
5553957443,2016-04-23 12:00:00,71.24671916010499,64,84,381,12,2016-04-23
5553957443,2016-04-23 13:00:00,63.48816568047337,52,78,338,13,2016-04-23
5553957443,2016-04-23 14:00:00,61.46621621621622,53,73,296,14,2016-04-23
5553957443,2016-04-23 15:00:00,68.26409495548961,54,87,337,15,2016-04-23
5553957443,2016-04-23 16:00:00,72.78756476683938,64,86,386,16,2016-04-23
5553957443,2016-04-23 17:00:00,71.65879265091864,64,92,381,17,2016-04-23
5553957443,2016-04-23 18:00:00,75.51741293532338,66,86,402,18,2016-04-23
5553957443,2016-04-23 19:00:00,74.99759036144579,63,89,415,19,2016-04-23
5553957443,2016-04-23 20:00:00,73.7467700258398,60,94,387,20,2016-04-23
5553957443,2016-04-23 21:00:00,72.13609467455622,62,91,338,21,2016-04-23
5553957443,2016-04-23 22:00:00,67.93539325842697,56,75,356,22,2016-04-23
5553957443,2016-04-23 23:00:00,70.48062015503876,63,85,387,23,2016-04-23
5553957443,2016-04-24 00:00:00,63.03021978021978,54,75,364,0,2016-04-24
5553957443,2016-04-24 01:00:00,68.08695652173913,59,79,322,1,2016-04-24
5553957443,2016-04-24 02:00:00,65.76875,59,85,320,2,2016-04-24
5553957443,2016-04-24 03:00:00,64.31498470948013,56,75,327,3,2016-04-24
5553957443,2016-04-24 04:00:00,62.697452229299365,53,84,314,4,2016-04-24
5553957443,2016-04-24 05:00:00,59.90415335463259,54,71,313,5,2016-04-24
5553957443,2016-04-24 06:00:00,57.985611510791365,50,64,278,6,2016-04-24
5553957443,2016-04-24 07:00:00,59.2,54,75,150,7,2016-04-24
5553957443,2016-04-24 08:00:00,59.682119205298015,54,72,302,8,2016-04-24
5553957443,2016-04-24 09:00:00,61.265,57,85,200,9,2016-04-24
5553957443,2016-04-24 10:00:00,65.78975741239893,56,83,371,10,2016-04-24
5553957443,2016-04-24 11:00:00,66.84675324675325,60,83,385,11,2016-04-24
5553957443,2016-04-24 12:00:00,66.3994708994709,58,85,378,12,2016-04-24
5553957443,2016-04-24 13:00:00,64.6842105263158,59,77,342,13,2016-04-24
5553957443,2016-04-24 14:00:00,64.41428571428571,56,80,350,14,2016-04-24
5553957443,2016-04-24 15:00:00,59.21943573667711,54,64,319,15,2016-04-24
5553957443,2016-04-24 16:00:00,66.02380952380952,54,78,336,16,2016-04-24
5553957443,2016-04-24 17:00:00,69.7336956521739,61,92,368,17,2016-04-24
5553957443,2016-04-24 18:00:00,64.60281690140845,56,81,355,18,2016-04-24
5553957443,2016-04-24 19:00:00,64.04494382022472,56,73,356,19,2016-04-24
5553957443,2016-04-24 20:00:00,67.22842639593908,58,81,394,20,2016-04-24
5553957443,2016-04-24 21:00:00,64.80456852791878,55,82,394,21,2016-04-24
5553957443,2016-04-24 22:00:00,59.47077922077922,56,72,308,22,2016-04-24
5553957443,2016-04-24 23:00:00,61.91961414790997,57,70,311,23,2016-04-24
5553957443,2016-04-25 00:00:00,59.6,56,72,300,0,2016-04-25
5553957443,2016-04-25 01:00:00,58.0586319218241,52,81,307,1,2016-04-25
5553957443,2016-04-25 02:00:00,59.37748344370861,55,74,302,2,2016-04-25
5553957443,2016-04-25 03:00:00,60.468152866242036,55,78,314,3,2016-04-25
5553957443,2016-04-25 04:00:00,58.35197368421053,54,81,304,4,2016-04-25
5553957443,2016-04-25 05:00:00,60.88659793814433,53,75,291,5,2016-04-25
5553957443,2016-04-25 06:00:00,73.14110429447852,63,128,326,6,2016-04-25
5553957443,2016-04-25 07:00:00,77.95936794582393,59,107,443,7,2016-04-25
5553957443,2016-04-25 08:00:00,64.86898395721926,54,75,374,8,2016-04-25
5553957443,2016-04-25 09:00:00,64.85498489425981,56,73,331,9,2016-04-25
5553957443,2016-04-25 10:00:00,61.956989247311824,52,81,372,10,2016-04-25
5553957443,2016-04-25 11:00:00,60.909604519774014,54,77,354,11,2016-04-25
5553957443,2016-04-25 12:00:00,61.18941504178273,55,72,359,12,2016-04-25
5553957443,2016-04-25 13:00:00,108.3293172690763,56,132,996,13,2016-04-25
5553957443,2016-04-25 14:00:00,84.94117647058823,60,118,527,14,2016-04-25
5553957443,2016-04-25 15:00:00,70.80281690140845,60,98,355,15,2016-04-25
5553957443,2016-04-25 16:00:00,65.69364161849711,58,76,346,16,2016-04-25
5553957443,2016-04-25 17:00:00,77.6712643678161,57,107,435,17,2016-04-25
5553957443,2016-04-25 18:00:00,77.66421568627452,62,109,408,18,2016-04-25
5553957443,2016-04-25 19:00:00,68.0792349726776,58,91,366,19,2016-04-25
5553957443,2016-04-25 20:00:00,63.98498498498498,58,74,333,20,2016-04-25
5553957443,2016-04-25 21:00:00,71.39189189189189,64,83,370,21,2016-04-25
5553957443,2016-04-25 22:00:00,65.99373040752351,61,70,319,22,2016-04-25
5553957443,2016-04-25 23:00:00,65.61261261261261,60,80,333,23,2016-04-25
5553957443,2016-04-26 00:00:00,64.9543973941368,59,81,307,0,2016-04-26
5553957443,2016-04-26 01:00:00,62.40836012861736,58,75,311,1,2016-04-26
5553957443,2016-04-26 02:00:00,61.47682119205298,57,69,302,2,2016-04-26
5553957443,2016-04-26 03:00:00,63.43689320388349,58,74,309,3,2016-04-26
5553957443,2016-04-26 04:00:00,60.07119741100323,55,69,309,4,2016-04-26
5553957443,2016-04-26 05:00:00,57.68571428571428,53,71,315,5,2016-04-26
5553957443,2016-04-26 06:00:00,72.4095634095634,55,102,481,6,2016-04-26
5553957443,2016-04-26 07:00:00,78.65853658536585,60,102,410,7,2016-04-26
5553957443,2016-04-26 08:00:00,62.54054054054054,57,75,333,8,2016-04-26
5553957443,2016-04-26 09:00:00,62.24731182795699,55,95,372,9,2016-04-26
5553957443,2016-04-26 10:00:00,61.40920716112532,54,70,391,10,2016-04-26
5553957443,2016-04-26 11:00:00,62.35537190082645,56,76,363,11,2016-04-26
5553957443,2016-04-26 12:00:00,104.27909011373578,56,128,1143,12,2016-04-26
5553957443,2016-04-26 13:00:00,84.45505617977528,63,126,534,13,2016-04-26
5553957443,2016-04-26 14:00:00,66.5220588235294,54,77,272,14,2016-04-26
5553957443,2016-04-26 17:00:00,78.30975609756098,58,101,410,17,2016-04-26
5553957443,2016-04-26 18:00:00,72.76157407407408,63,98,432,18,2016-04-26
5553957443,2016-04-26 19:00:00,74.14146341463415,60,93,410,19,2016-04-26
5553957443,2016-04-26 20:00:00,69.4639175257732,60,80,388,20,2016-04-26
5553957443,2016-04-26 21:00:00,65.89722222222223,58,81,360,21,2016-04-26
5553957443,2016-04-26 22:00:00,73.41162790697675,56,100,430,22,2016-04-26
5553957443,2016-04-26 23:00:00,61.510263929618766,54,87,341,23,2016-04-26
5553957443,2016-04-27 00:00:00,59.874233128834355,53,79,326,0,2016-04-27
5553957443,2016-04-27 01:00:00,60.838095238095235,55,73,315,1,2016-04-27
5553957443,2016-04-27 02:00:00,59.82831325301205,55,75,332,2,2016-04-27
5553957443,2016-04-27 03:00:00,56.61952861952862,54,68,297,3,2016-04-27
5553957443,2016-04-27 04:00:00,58.64026402640264,53,69,303,4,2016-04-27
5553957443,2016-04-27 05:00:00,57.061016949152545,52,68,295,5,2016-04-27
5553957443,2016-04-27 06:00:00,72.91067538126362,58,89,459,6,2016-04-27
5553957443,2016-04-27 07:00:00,72.67990074441687,60,101,403,7,2016-04-27
5553957443,2016-04-27 08:00:00,65.1043956043956,58,88,364,8,2016-04-27
5553957443,2016-04-27 09:00:00,62.93805309734513,56,78,339,9,2016-04-27
5553957443,2016-04-27 10:00:00,63.554621848739494,58,85,357,10,2016-04-27
5553957443,2016-04-27 11:00:00,63.40409207161125,55,89,391,11,2016-04-27
5553957443,2016-04-27 12:00:00,65.34883720930233,56,81,387,12,2016-04-27
5553957443,2016-04-27 13:00:00,66.8048128342246,56,89,374,13,2016-04-27
5553957443,2016-04-27 14:00:00,62.57725947521866,56,81,343,14,2016-04-27
5553957443,2016-04-27 15:00:00,64.67287234042553,57,85,376,15,2016-04-27
5553957443,2016-04-27 16:00:00,59.465714285714284,49,85,350,16,2016-04-27
5553957443,2016-04-27 17:00:00,78.86262626262626,57,104,495,17,2016-04-27
5553957443,2016-04-27 18:00:00,73.87219730941705,60,94,446,18,2016-04-27
5553957443,2016-04-27 19:00:00,63.54178674351585,57,72,347,19,2016-04-27
5553957443,2016-04-27 20:00:00,70.86873508353221,62,89,419,20,2016-04-27
5553957443,2016-04-27 21:00:00,64.63636363636364,54,80,374,21,2016-04-27
5553957443,2016-04-27 22:00:00,58.54754098360656,54,67,305,22,2016-04-27
5553957443,2016-04-27 23:00:00,60.327922077922075,56,75,308,23,2016-04-27
5553957443,2016-04-28 00:00:00,56.67,51,69,300,0,2016-04-28
5553957443,2016-04-28 01:00:00,55.68690095846645,51,81,313,1,2016-04-28
5553957443,2016-04-28 02:00:00,56.63455149501661,52,78,301,2,2016-04-28
5553957443,2016-04-28 03:00:00,56.98432601880878,52,71,319,3,2016-04-28
5553957443,2016-04-28 04:00:00,59.080128205128204,53,76,312,4,2016-04-28
5553957443,2016-04-28 05:00:00,59.117834394904456,54,77,314,5,2016-04-28
5553957443,2016-04-28 06:00:00,71.05102040816327,57,82,98,6,2016-04-28
5553957443,2016-04-28 07:00:00,82.76633165829146,61,130,398,7,2016-04-28
5553957443,2016-04-28 08:00:00,68.28055555555555,56,101,360,8,2016-04-28
5553957443,2016-04-28 09:00:00,61.73623188405797,55,75,345,9,2016-04-28
5553957443,2016-04-28 10:00:00,63.01111111111111,55,80,360,10,2016-04-28
5553957443,2016-04-28 11:00:00,63.42048517520216,56,79,371,11,2016-04-28
5553957443,2016-04-28 12:00:00,62.09283819628647,56,76,377,12,2016-04-28
5553957443,2016-04-28 13:00:00,71.44251626898048,57,121,461,13,2016-04-28
5553957443,2016-04-28 14:00:00,112.98416666666667,68,149,1200,14,2016-04-28
5553957443,2016-04-28 15:00:00,68.60955056179775,59,76,356,15,2016-04-28
5553957443,2016-04-28 16:00:00,76.37690631808279,55,112,459,16,2016-04-28
5553957443,2016-04-28 17:00:00,71.0324074074074,57,101,432,17,2016-04-28
5553957443,2016-04-28 18:00:00,64.40687679083095,57,74,349,18,2016-04-28
5553957443,2016-04-28 19:00:00,67.79154929577464,60,89,355,19,2016-04-28
5553957443,2016-04-28 20:00:00,65.74492753623188,59,77,345,20,2016-04-28
5553957443,2016-04-28 21:00:00,60.21369863013699,51,79,365,21,2016-04-28
5553957443,2016-04-28 22:00:00,56.5344262295082,52,61,305,22,2016-04-28
5553957443,2016-04-28 23:00:00,58.175548589341695,54,72,319,23,2016-04-28
5553957443,2016-04-29 00:00:00,56.48888888888889,53,70,315,0,2016-04-29
5553957443,2016-04-29 01:00:00,58.30218068535826,54,70,321,1,2016-04-29
5553957443,2016-04-29 02:00:00,59.31464174454829,52,78,321,2,2016-04-29
5553957443,2016-04-29 03:00:00,59.793510324483776,53,76,339,3,2016-04-29
5553957443,2016-04-29 04:00:00,58.72990353697749,52,72,311,4,2016-04-29
5553957443,2016-04-29 05:00:00,56.943333333333335,52,73,300,5,2016-04-29
5553957443,2016-04-29 06:00:00,71.97658079625293,55,96,427,6,2016-04-29
5553957443,2016-04-29 07:00:00,79.01973684210526,61,110,456,7,2016-04-29
5553957443,2016-04-29 08:00:00,65.5068870523416,55,90,363,8,2016-04-29
5553957443,2016-04-29 09:00:00,61.39031339031339,53,68,351,9,2016-04-29
5553957443,2016-04-29 10:00:00,64.60835509138381,53,84,383,10,2016-04-29
5553957443,2016-04-29 11:00:00,104.37822164948453,68,124,1552,11,2016-04-29
5553957443,2016-04-29 12:00:00,73.00069444444445,57,102,1440,12,2016-04-29
5553957443,2016-04-29 13:00:00,74.27777777777777,62,110,1152,13,2016-04-29
5553957443,2016-04-29 14:00:00,67.6710875331565,57,87,377,14,2016-04-29
5553957443,2016-04-29 15:00:00,68.5752427184466,59,86,412,15,2016-04-29
5553957443,2016-04-29 16:00:00,87.26105263157895,57,156,475,16,2016-04-29
5553957443,2016-04-29 17:00:00,71.42009132420091,59,95,438,17,2016-04-29
5553957443,2016-04-29 18:00:00,70.66183574879227,60,92,414,18,2016-04-29
5553957443,2016-04-29 19:00:00,68.56684491978609,55,81,374,19,2016-04-29
5553957443,2016-04-29 20:00:00,67.3732590529248,55,79,359,20,2016-04-29
5553957443,2016-04-29 21:00:00,62.31693989071038,50,76,366,21,2016-04-29
5553957443,2016-04-29 22:00:00,62.58381502890173,50,74,346,22,2016-04-29
5553957443,2016-04-29 23:00:00,63.10899182561308,54,84,367,23,2016-04-29
5553957443,2016-04-30 00:00:00,63.508250825082506,57,73,303,0,2016-04-30
5553957443,2016-04-30 01:00:00,65.63517915309447,62,78,307,1,2016-04-30
5553957443,2016-04-30 02:00:00,65.11974110032362,61,76,309,2,2016-04-30
5553957443,2016-04-30 03:00:00,64.75244299674267,58,79,307,3,2016-04-30
5553957443,2016-04-30 04:00:00,66.35403726708074,60,81,322,4,2016-04-30
5553957443,2016-04-30 05:00:00,64.64217252396166,59,77,313,5,2016-04-30
5553957443,2016-04-30 06:00:00,61.95918367346939,57,79,294,6,2016-04-30
5553957443,2016-04-30 07:00:00,62.31596091205212,58,75,307,7,2016-04-30
5553957443,2016-04-30 08:00:00,61.80718954248366,55,82,306,8,2016-04-30
5553957443,2016-04-30 09:00:00,62.503184713375795,56,83,314,9,2016-04-30
5553957443,2016-04-30 10:00:00,64.31192660550458,58,79,327,10,2016-04-30
5553957443,2016-04-30 11:00:00,66.53631284916202,56,86,358,11,2016-04-30
5553957443,2016-04-30 12:00:00,71.20680628272251,56,89,382,12,2016-04-30
5553957443,2016-04-30 13:00:00,73.06024096385542,68,82,332,13,2016-04-30
5553957443,2016-04-30 14:00:00,71.20879120879121,66,81,364,14,2016-04-30
5553957443,2016-04-30 15:00:00,67.1907514450867,61,78,346,15,2016-04-30
5553957443,2016-04-30 16:00:00,66.40438871473354,59,84,319,16,2016-04-30
5553957443,2016-04-30 17:00:00,63.74556213017752,55,78,338,17,2016-04-30
5553957443,2016-04-30 18:00:00,68.71164021164022,62,79,378,18,2016-04-30
5553957443,2016-04-30 19:00:00,69.60191846522781,56,81,417,19,2016-04-30
5553957443,2016-04-30 20:00:00,67.00586510263929,60,75,341,20,2016-04-30
5553957443,2016-04-30 21:00:00,66.33050847457628,60,80,354,21,2016-04-30
5553957443,2016-04-30 22:00:00,64.94050991501416,57,78,353,22,2016-04-30
5553957443,2016-04-30 23:00:00,55.321100917431195,49,80,327,23,2016-04-30
5553957443,2016-05-01 00:00:00,53.80456026058632,49,72,307,0,2016-05-01
5553957443,2016-05-01 01:00:00,58.57861635220126,53,68,318,1,2016-05-01
5553957443,2016-05-01 02:00:00,59.945,56,75,200,2,2016-05-01
5553957443,2016-05-01 03:00:00,62.56190476190476,50,76,210,3,2016-05-01
5553957443,2016-05-01 04:00:00,64.05111821086263,58,82,313,4,2016-05-01
5553957443,2016-05-01 05:00:00,63.67272727272727,58,80,330,5,2016-05-01
5553957443,2016-05-01 06:00:00,64.5632911392405,57,80,316,6,2016-05-01
5553957443,2016-05-01 07:00:00,66.29447852760737,59,88,326,7,2016-05-01
5553957443,2016-05-01 08:00:00,63.37071651090343,57,84,321,8,2016-05-01
5553957443,2016-05-01 09:00:00,68.96428571428571,56,85,364,9,2016-05-01
5553957443,2016-05-01 10:00:00,74.02974828375287,63,95,437,10,2016-05-01
5553957443,2016-05-01 11:00:00,70.93540051679587,63,83,387,11,2016-05-01
5553957443,2016-05-01 12:00:00,72.21443298969072,54,93,485,12,2016-05-01
5553957443,2016-05-01 13:00:00,68.94279176201373,58,87,437,13,2016-05-01
5553957443,2016-05-01 14:00:00,69.59148936170213,59,91,235,14,2016-05-01
5553957443,2016-05-01 15:00:00,72.50862068965517,66,105,116,15,2016-05-01
5553957443,2016-05-01 16:00:00,69.3208722741433,62,92,321,16,2016-05-01
5553957443,2016-05-01 17:00:00,69.52830188679245,60,88,371,17,2016-05-01
5553957443,2016-05-01 18:00:00,70.43478260869566,62,87,391,18,2016-05-01
5553957443,2016-05-01 19:00:00,70.47072599531616,58,91,427,19,2016-05-01
5553957443,2016-05-01 20:00:00,69.02770083102493,62,97,361,20,2016-05-01
5553957443,2016-05-01 21:00:00,72.77586206896552,57,116,58,21,2016-05-01
5553957443,2016-05-01 22:00:00,57.34969325153374,52,84,326,22,2016-05-01
5553957443,2016-05-01 23:00:00,58.5114006514658,54,72,307,23,2016-05-01
5553957443,2016-05-02 00:00:00,58.66112956810631,54,72,301,0,2016-05-02
5553957443,2016-05-02 01:00:00,57.13057324840764,53,69,314,1,2016-05-02
5553957443,2016-05-02 02:00:00,58.91373801916933,54,70,313,2,2016-05-02
5553957443,2016-05-02 03:00:00,59.971698113207545,55,82,318,3,2016-05-02
5553957443,2016-05-02 04:00:00,58.753894080996886,50,80,321,4,2016-05-02
5553957443,2016-05-02 05:00:00,58.666666666666664,54,76,315,5,2016-05-02
5553957443,2016-05-02 06:00:00,71.83863636363637,61,94,440,6,2016-05-02
5553957443,2016-05-02 07:00:00,74.0262467191601,57,114,381,7,2016-05-02
5553957443,2016-05-02 08:00:00,67.23255813953489,61,84,344,8,2016-05-02
5553957443,2016-05-02 09:00:00,65.80882352941177,57,90,340,9,2016-05-02
5553957443,2016-05-02 10:00:00,64.83193277310924,56,87,357,10,2016-05-02
5553957443,2016-05-02 11:00:00,62.47905759162304,52,82,382,11,2016-05-02
5553957443,2016-05-02 12:00:00,64.44473007712082,55,84,389,12,2016-05-02
5553957443,2016-05-02 13:00:00,65.96708860759493,57,81,395,13,2016-05-02
5553957443,2016-05-02 14:00:00,63.54046997389034,54,74,383,14,2016-05-02
5553957443,2016-05-02 15:00:00,61.25552050473186,55,72,317,15,2016-05-02
5553957443,2016-05-02 16:00:00,106.10326659641728,53,125,949,16,2016-05-02
5553957443,2016-05-02 17:00:00,97.68244575936883,63,118,1014,17,2016-05-02
5553957443,2016-05-02 18:00:00,83.33253588516746,67,109,418,18,2016-05-02
5553957443,2016-05-02 19:00:00,73.36438356164383,65,81,365,19,2016-05-02
5553957443,2016-05-02 20:00:00,69.078125,52,80,384,20,2016-05-02
5553957443,2016-05-02 21:00:00,65.6020942408377,56,79,382,21,2016-05-02
5553957443,2016-05-02 22:00:00,59.383870967741935,55,74,310,22,2016-05-02
5553957443,2016-05-02 23:00:00,59.04702194357367,54,73,319,23,2016-05-02
5553957443,2016-05-03 00:00:00,60.963855421686745,55,73,332,0,2016-05-03
5553957443,2016-05-03 01:00:00,60.612307692307695,56,74,325,1,2016-05-03
5553957443,2016-05-03 02:00:00,60.957703927492446,54,76,331,2,2016-05-03
5553957443,2016-05-03 03:00:00,59.58912386706949,55,80,331,3,2016-05-03
5553957443,2016-05-03 04:00:00,61.528301886792455,56,65,159,4,2016-05-03
5553957443,2016-05-03 05:00:00,65.26086956521739,54,86,368,5,2016-05-03
5553957443,2016-05-03 06:00:00,75.92505854800937,65,96,427,6,2016-05-03
5553957443,2016-05-03 07:00:00,71.90126582278481,58,105,395,7,2016-05-03
5553957443,2016-05-03 08:00:00,58.97791798107256,53,67,317,8,2016-05-03
5553957443,2016-05-03 09:00:00,59.293103448275865,54,73,348,9,2016-05-03
5553957443,2016-05-03 10:00:00,59.68834688346883,51,82,369,10,2016-05-03
5553957443,2016-05-03 11:00:00,57.75706214689266,54,67,354,11,2016-05-03
5553957443,2016-05-03 12:00:00,63.38167938931298,54,89,393,12,2016-05-03
5553957443,2016-05-03 13:00:00,63.153424657534245,56,79,365,13,2016-05-03
5553957443,2016-05-03 14:00:00,61.51412429378531,53,67,354,14,2016-05-03
5553957443,2016-05-03 15:00:00,60.09549071618037,52,73,377,15,2016-05-03
5553957443,2016-05-03 16:00:00,100.59136690647482,54,134,695,16,2016-05-03
5553957443,2016-05-03 17:00:00,97.77134587554269,66,127,691,17,2016-05-03
5553957443,2016-05-03 18:00:00,74.21608040201005,58,98,398,18,2016-05-03
5553957443,2016-05-03 19:00:00,74.8177966101695,59,95,472,19,2016-05-03
5553957443,2016-05-03 20:00:00,72.53167420814479,56,96,442,20,2016-05-03
5553957443,2016-05-03 21:00:00,64.33988764044943,50,76,356,21,2016-05-03
5553957443,2016-05-03 22:00:00,65.5978835978836,52,99,378,22,2016-05-03
5553957443,2016-05-03 23:00:00,62.82216494845361,51,100,388,23,2016-05-03
5553957443,2016-05-04 00:00:00,57.44166666666667,47,88,360,0,2016-05-04
5553957443,2016-05-04 01:00:00,54.611111111111114,50,72,306,1,2016-05-04
5553957443,2016-05-04 02:00:00,62.48502994011976,54,79,334,2,2016-05-04
5553957443,2016-05-04 03:00:00,60.079268292682926,55,75,328,3,2016-05-04
5553957443,2016-05-04 04:00:00,63.6382252559727,55,69,293,4,2016-05-04
5553957443,2016-05-04 05:00:00,57.236666666666665,54,80,300,5,2016-05-04
5553957443,2016-05-04 06:00:00,59.984756097560975,51,77,328,6,2016-05-04
5553957443,2016-05-04 07:00:00,58.07598784194529,52,79,329,7,2016-05-04
5553957443,2016-05-04 08:00:00,60.602777777777774,51,75,360,8,2016-05-04
5553957443,2016-05-04 09:00:00,62.51156069364162,56,79,346,9,2016-05-04
5553957443,2016-05-04 10:00:00,62.42651296829971,56,76,347,10,2016-05-04
5553957443,2016-05-04 11:00:00,59.5,53,75,340,11,2016-05-04
5553957443,2016-05-04 12:00:00,64.7003367003367,57,108,297,12,2016-05-04
5553957443,2016-05-04 13:00:00,62.61479591836735,55,82,392,13,2016-05-04
5553957443,2016-05-04 14:00:00,66.03980099502488,57,77,402,14,2016-05-04
5553957443,2016-05-04 15:00:00,64.93198992443325,53,84,397,15,2016-05-04
5553957443,2016-05-04 16:00:00,64.15094339622641,55,90,371,16,2016-05-04
5553957443,2016-05-04 17:00:00,65.07125307125307,55,86,407,17,2016-05-04
5553957443,2016-05-04 18:00:00,63.220843672456574,53,82,403,18,2016-05-04
5553957443,2016-05-04 19:00:00,67.49507389162562,53,99,406,19,2016-05-04
5553957443,2016-05-04 20:00:00,62.37158469945355,54,73,366,20,2016-05-04
5553957443,2016-05-04 21:00:00,62.58839050131926,53,79,379,21,2016-05-04
5553957443,2016-05-04 22:00:00,57.87965616045845,52,74,349,22,2016-05-04
5553957443,2016-05-04 23:00:00,55.739811912225704,47,69,319,23,2016-05-04
5553957443,2016-05-05 00:00:00,55.943894389438945,53,59,303,0,2016-05-05
5553957443,2016-05-05 01:00:00,56.55555555555556,50,64,315,1,2016-05-05
5553957443,2016-05-05 02:00:00,57.348837209302324,54,65,301,2,2016-05-05
5553957443,2016-05-05 03:00:00,57.36601307189542,54,64,306,3,2016-05-05
5553957443,2016-05-05 04:00:00,56.74285714285714,53,62,315,4,2016-05-05
5553957443,2016-05-05 05:00:00,56.83280757097792,50,69,317,5,2016-05-05
5553957443,2016-05-05 06:00:00,72.3076923076923,57,120,247,6,2016-05-05
5553957443,2016-05-05 07:00:00,74.47652582159624,61,108,426,7,2016-05-05
5553957443,2016-05-05 08:00:00,79.84669811320755,53,165,424,8,2016-05-05
5553957443,2016-05-05 09:00:00,60.309192200557106,53,81,359,9,2016-05-05
5553957443,2016-05-05 10:00:00,60.75070028011204,54,74,357,10,2016-05-05
5553957443,2016-05-05 11:00:00,60.380434782608695,53,72,368,11,2016-05-05
5553957443,2016-05-05 12:00:00,61.75,52,86,388,12,2016-05-05
5553957443,2016-05-05 13:00:00,59.13142857142857,52,85,350,13,2016-05-05
5553957443,2016-05-05 14:00:00,65.64066193853428,55,94,423,14,2016-05-05
5553957443,2016-05-05 15:00:00,60.8972972972973,54,83,370,15,2016-05-05
5553957443,2016-05-05 16:00:00,97.82236154649948,52,124,957,16,2016-05-05
5553957443,2016-05-05 17:00:00,91.37359550561797,58,127,712,17,2016-05-05
5553957443,2016-05-05 18:00:00,71.79797979797979,58,114,396,18,2016-05-05
5553957443,2016-05-05 19:00:00,69.38541666666667,59,91,384,19,2016-05-05
5553957443,2016-05-05 20:00:00,72.84662576687117,60,96,489,20,2016-05-05
5553957443,2016-05-05 21:00:00,64.88557213930348,53,75,402,21,2016-05-05
5553957443,2016-05-05 22:00:00,62.67430025445292,51,91,393,22,2016-05-05
5553957443,2016-05-05 23:00:00,55.99659863945578,49,63,294,23,2016-05-05
5553957443,2016-05-06 00:00:00,60.458333333333336,54,70,312,0,2016-05-06
5553957443,2016-05-06 01:00:00,61.13395638629284,55,73,321,1,2016-05-06
5553957443,2016-05-06 02:00:00,59.86538461538461,56,72,312,2,2016-05-06
5553957443,2016-05-06 03:00:00,58.26031746031746,54,73,315,3,2016-05-06
5553957443,2016-05-06 04:00:00,61.19155844155844,52,83,308,4,2016-05-06
5553957443,2016-05-06 05:00:00,58.04746835443038,54,70,316,5,2016-05-06
5553957443,2016-05-06 06:00:00,69.37037037037037,58,80,162,6,2016-05-06
5553957443,2016-05-06 07:00:00,76.43400447427292,58,103,447,7,2016-05-06
5553957443,2016-05-06 08:00:00,75.3743842364532,57,104,406,8,2016-05-06
5553957443,2016-05-06 09:00:00,59.535928143712574,52,68,334,9,2016-05-06
5553957443,2016-05-06 10:00:00,58.99442896935933,53,65,359,10,2016-05-06
5553957443,2016-05-06 11:00:00,60.886178861788615,55,71,369,11,2016-05-06
5553957443,2016-05-06 12:00:00,63.16901408450704,51,87,426,12,2016-05-06
5553957443,2016-05-06 13:00:00,61.78670360110803,55,72,361,13,2016-05-06
5553957443,2016-05-06 14:00:00,62.91566265060241,55,76,415,14,2016-05-06
5553957443,2016-05-06 15:00:00,58.760416666666664,53,75,384,15,2016-05-06
5553957443,2016-05-06 16:00:00,59.073214285714286,52,70,560,16,2016-05-06
5553957443,2016-05-06 17:00:00,65.29132569558101,51,91,611,17,2016-05-06
5553957443,2016-05-06 18:00:00,66.04651162790698,55,86,129,18,2016-05-06
5553957443,2016-05-06 19:00:00,67.87301587301587,56,102,189,19,2016-05-06
5553957443,2016-05-06 20:00:00,64.86792452830188,57,73,53,20,2016-05-06
5553957443,2016-05-06 21:00:00,61.03703703703704,58,66,54,21,2016-05-06
5553957443,2016-05-07 01:00:00,62.629629629629626,62,65,27,1,2016-05-07
5553957443,2016-05-07 17:00:00,72.02054794520548,56,140,146,17,2016-05-07
5553957443,2016-05-07 18:00:00,61.3551637279597,54,88,397,18,2016-05-07
5553957443,2016-05-07 19:00:00,59.300813008130085,53,71,369,19,2016-05-07
5553957443,2016-05-07 20:00:00,62.71978021978022,56,70,364,20,2016-05-07
5553957443,2016-05-07 21:00:00,64.71,53,85,400,21,2016-05-07
5553957443,2016-05-07 22:00:00,65.66129032258064,56,93,434,22,2016-05-07
5553957443,2016-05-07 23:00:00,60.325905292479106,51,89,359,23,2016-05-07
5553957443,2016-05-08 00:00:00,61.328519855595665,55,69,277,0,2016-05-08
5553957443,2016-05-08 01:00:00,65.32013201320132,60,68,303,1,2016-05-08
5553957443,2016-05-08 02:00:00,65.88253968253969,60,84,315,2,2016-05-08
5553957443,2016-05-08 03:00:00,64.25714285714285,58,78,315,3,2016-05-08
5553957443,2016-05-08 04:00:00,65.72425249169436,58,83,301,4,2016-05-08
5553957443,2016-05-08 05:00:00,62.174193548387095,57,78,310,5,2016-05-08
5553957443,2016-05-08 06:00:00,59.71296296296296,54,75,324,6,2016-05-08
5553957443,2016-05-08 07:00:00,59.131147540983605,53,77,305,7,2016-05-08
5553957443,2016-05-08 08:00:00,59.47435897435897,53,69,312,8,2016-05-08
5553957443,2016-05-08 09:00:00,63.63428571428572,54,82,350,9,2016-05-08
5553957443,2016-05-08 10:00:00,67.12953367875647,60,83,386,10,2016-05-08
5553957443,2016-05-08 11:00:00,63.96209912536443,55,73,343,11,2016-05-08
5553957443,2016-05-08 12:00:00,74.7051282051282,63,100,468,12,2016-05-08
5553957443,2016-05-08 13:00:00,72.81658291457286,61,100,398,13,2016-05-08
5553957443,2016-05-08 14:00:00,64.77222222222223,51,75,360,14,2016-05-08
5553957443,2016-05-08 15:00:00,63.28358208955224,55,78,335,15,2016-05-08
5553957443,2016-05-08 16:00:00,65.63466666666666,56,76,375,16,2016-05-08
5553957443,2016-05-08 17:00:00,66.74525745257452,56,86,369,17,2016-05-08
5553957443,2016-05-08 18:00:00,71.00488997555013,59,104,409,18,2016-05-08
5553957443,2016-05-08 19:00:00,71.96279069767442,56,110,430,19,2016-05-08
5553957443,2016-05-08 20:00:00,63.34550561797753,56,85,356,20,2016-05-08
5553957443,2016-05-08 21:00:00,63.90860215053763,54,94,372,21,2016-05-08
5553957443,2016-05-08 22:00:00,62.954692556634306,56,70,309,22,2016-05-08
5553957443,2016-05-08 23:00:00,64.34915254237288,59,72,295,23,2016-05-08
5553957443,2016-05-09 00:00:00,62.18412698412698,56,79,315,0,2016-05-09
5553957443,2016-05-09 01:00:00,61.17460317460318,57,74,315,1,2016-05-09
5553957443,2016-05-09 02:00:00,59.488958990536275,55,73,317,2,2016-05-09
5553957443,2016-05-09 03:00:00,59.54012345679013,55,77,324,3,2016-05-09
5553957443,2016-05-09 04:00:00,58.47352024922118,53,73,321,4,2016-05-09
5553957443,2016-05-09 05:00:00,59.00429184549356,55,68,233,5,2016-05-09
5553957443,2016-05-09 06:00:00,74.98846153846154,64,91,260,6,2016-05-09
5553957443,2016-05-09 07:00:00,77.09276018099547,56,121,442,7,2016-05-09
5553957443,2016-05-09 08:00:00,71.81885856079404,56,108,403,8,2016-05-09
5553957443,2016-05-09 09:00:00,63.526881720430104,55,71,372,9,2016-05-09
5553957443,2016-05-09 10:00:00,61.059125964010285,53,80,389,10,2016-05-09
5553957443,2016-05-09 11:00:00,57.566473988439306,51,81,346,11,2016-05-09
5553957443,2016-05-09 12:00:00,62.72,54,85,350,12,2016-05-09
5553957443,2016-05-09 13:00:00,59.405099150141645,53,70,353,13,2016-05-09
5553957443,2016-05-09 14:00:00,61.08479532163743,53,70,342,14,2016-05-09
5553957443,2016-05-09 15:00:00,59.16975308641975,55,66,324,15,2016-05-09
5553957443,2016-05-09 16:00:00,113.81350482315112,56,149,933,16,2016-05-09
5553957443,2016-05-09 17:00:00,112.77050413844997,68,148,1329,17,2016-05-09
5553957443,2016-05-09 18:00:00,82.71238938053098,58,112,452,18,2016-05-09
5553957443,2016-05-09 19:00:00,78.97033898305085,65,101,472,19,2016-05-09
5553957443,2016-05-09 20:00:00,72.3952380952381,61,90,420,20,2016-05-09
5553957443,2016-05-09 21:00:00,68.6734693877551,57,88,392,21,2016-05-09
5553957443,2016-05-09 22:00:00,61.89142857142857,55,78,350,22,2016-05-09
5553957443,2016-05-09 23:00:00,62.459016393442624,56,71,305,23,2016-05-09
5553957443,2016-05-10 00:00:00,64.01904761904763,60,77,315,0,2016-05-10
5553957443,2016-05-10 01:00:00,63.762057877813504,58,79,311,1,2016-05-10
5553957443,2016-05-10 02:00:00,62.660377358490564,57,74,318,2,2016-05-10
5553957443,2016-05-10 03:00:00,62.18674698795181,55,78,332,3,2016-05-10
5553957443,2016-05-10 04:00:00,61.397476340694006,55,71,317,4,2016-05-10
5553957443,2016-05-10 05:00:00,63.03691275167785,56,66,298,5,2016-05-10
5553957443,2016-05-10 06:00:00,74.29601990049751,57,102,402,6,2016-05-10
5553957443,2016-05-10 07:00:00,83.22969837587007,60,118,431,7,2016-05-10
5553957443,2016-05-10 08:00:00,65.16918429003022,59,74,331,8,2016-05-10
5553957443,2016-05-10 09:00:00,59.432432432432435,55,65,333,9,2016-05-10
5553957443,2016-05-10 10:00:00,59.286127167630056,53,69,346,10,2016-05-10
5553957443,2016-05-10 11:00:00,106.9478935698448,54,131,902,11,2016-05-10
5553957443,2016-05-10 12:00:00,106.25860688550841,68,133,1249,12,2016-05-10
5553957443,2016-05-10 13:00:00,74.26612903225806,63,82,372,13,2016-05-10
5553957443,2016-05-10 14:00:00,64.82367758186398,53,74,397,14,2016-05-10
5553957443,2016-05-10 15:00:00,63.857142857142854,54,71,371,15,2016-05-10
5553957443,2016-05-10 16:00:00,65.15817694369973,57,76,373,16,2016-05-10
5553957443,2016-05-10 17:00:00,79.41605839416059,58,111,411,17,2016-05-10
5553957443,2016-05-10 18:00:00,77.58518518518518,62,110,405,18,2016-05-10
5553957443,2016-05-10 19:00:00,71.1269035532995,62,88,394,19,2016-05-10
5553957443,2016-05-10 20:00:00,73.68648648648649,66,93,370,20,2016-05-10
5553957443,2016-05-10 21:00:00,74.14987080103359,62,96,387,21,2016-05-10
5553957443,2016-05-10 22:00:00,70.96305418719211,60,90,406,22,2016-05-10
5553957443,2016-05-10 23:00:00,69.1318407960199,57,103,402,23,2016-05-10
5553957443,2016-05-11 00:00:00,63.17878787878788,58,76,330,0,2016-05-11
5553957443,2016-05-11 01:00:00,61.74324324324324,56,71,296,1,2016-05-11
5553957443,2016-05-11 02:00:00,62.98051948051948,57,76,308,2,2016-05-11
5553957443,2016-05-11 03:00:00,62.549839228295816,56,75,311,3,2016-05-11
5553957443,2016-05-11 04:00:00,62.303225806451614,55,70,310,4,2016-05-11
5553957443,2016-05-11 05:00:00,62.18709677419355,56,69,310,5,2016-05-11
5553957443,2016-05-11 06:00:00,61.484,57,70,250,6,2016-05-11
5553957443,2016-05-11 07:00:00,61.797665369649806,56,76,257,7,2016-05-11
5553957443,2016-05-11 08:00:00,67.12051282051281,55,103,390,8,2016-05-11
5553957443,2016-05-11 09:00:00,67.46131805157593,57,78,349,9,2016-05-11
5553957443,2016-05-11 10:00:00,69.31162790697674,59,83,430,10,2016-05-11
5553957443,2016-05-11 11:00:00,65.9683908045977,58,77,348,11,2016-05-11
5553957443,2016-05-11 12:00:00,67.97267759562841,59,87,366,12,2016-05-11
5553957443,2016-05-11 13:00:00,62.730886850152906,58,72,327,13,2016-05-11
5553957443,2016-05-11 14:00:00,69.42670157068063,59,92,382,14,2016-05-11
5553957443,2016-05-11 15:00:00,68.13483146067416,62,97,356,15,2016-05-11
5553957443,2016-05-11 16:00:00,65.9047619047619,56,91,336,16,2016-05-11
5553957443,2016-05-11 17:00:00,63.231231231231234,55,72,333,17,2016-05-11
5553957443,2016-05-11 18:00:00,67.86178861788618,59,83,369,18,2016-05-11
5553957443,2016-05-11 19:00:00,72.08310991957104,61,99,373,19,2016-05-11
5553957443,2016-05-11 20:00:00,68.37016574585635,61,95,362,20,2016-05-11
5553957443,2016-05-11 21:00:00,66.88919667590028,58,81,361,21,2016-05-11
5553957443,2016-05-11 22:00:00,58.63414634146341,54,62,287,22,2016-05-11
5553957443,2016-05-11 23:00:00,56.50420168067227,54,76,119,23,2016-05-11
5553957443,2016-05-12 00:00:00,57.29,54,73,300,0,2016-05-12
5553957443,2016-05-12 01:00:00,57.95501730103806,54,72,289,1,2016-05-12
5553957443,2016-05-12 02:00:00,60.34871794871795,56,80,195,2,2016-05-12
5553957443,2016-05-12 03:00:00,59.94174757281554,54,66,309,3,2016-05-12
5553957443,2016-05-12 04:00:00,59.66216216216216,56,72,296,4,2016-05-12
5553957443,2016-05-12 05:00:00,59.18909090909091,54,79,275,5,2016-05-12
5553957443,2016-05-12 06:00:00,71.69433962264151,62,84,265,6,2016-05-12
5553957443,2016-05-12 07:00:00,81.76984126984127,60,107,378,7,2016-05-12
5553957443,2016-05-12 09:00:00,78.0,78,78,2,9,2016-05-12
5577150313,2016-04-12 00:00:00,50.50479233226837,45,74,313,0,2016-04-12
5577150313,2016-04-12 01:00:00,51.15588235294118,46,67,340,1,2016-04-12
5577150313,2016-04-12 02:00:00,51.27936507936508,47,60,315,2,2016-04-12
5577150313,2016-04-12 03:00:00,51.14414414414414,46,64,333,3,2016-04-12
5577150313,2016-04-12 04:00:00,49.853731343283584,44,67,335,4,2016-04-12
5577150313,2016-04-12 05:00:00,50.523668639053255,41,62,338,5,2016-04-12
5577150313,2016-04-12 06:00:00,97.40343347639485,53,129,466,6,2016-04-12
5577150313,2016-04-12 07:00:00,68.15945945945946,56,112,370,7,2016-04-12
5577150313,2016-04-12 08:00:00,64.63072776280323,48,96,371,8,2016-04-12
5577150313,2016-04-12 09:00:00,62.672,54,105,375,9,2016-04-12
5577150313,2016-04-12 10:00:00,73.62878787878788,50,113,396,10,2016-04-12
5577150313,2016-04-12 11:00:00,86.64885496183206,52,154,393,11,2016-04-12
5577150313,2016-04-12 12:00:00,66.0,52,78,365,12,2016-04-12
5577150313,2016-04-12 13:00:00,67.01612903225806,53,86,372,13,2016-04-12
5577150313,2016-04-12 14:00:00,66.06366047745358,55,81,377,14,2016-04-12
5577150313,2016-04-12 15:00:00,64.5570652173913,51,100,368,15,2016-04-12
5577150313,2016-04-12 16:00:00,81.33095238095238,49,153,420,16,2016-04-12
5577150313,2016-04-12 17:00:00,68.29971988795518,52,125,357,17,2016-04-12
5577150313,2016-04-12 18:00:00,61.17906336088154,55,77,363,18,2016-04-12
5577150313,2016-04-12 19:00:00,86.53316326530613,53,125,392,19,2016-04-12
5577150313,2016-04-12 20:00:00,64.56534954407294,53,111,329,20,2016-04-12
5577150313,2016-04-12 21:00:00,60.391304347826086,52,77,345,21,2016-04-12
5577150313,2016-04-12 22:00:00,53.16867469879518,49,76,332,22,2016-04-12
5577150313,2016-04-12 23:00:00,52.11875,47,59,320,23,2016-04-12
5577150313,2016-04-13 00:00:00,52.30555555555556,44,65,324,0,2016-04-13
5577150313,2016-04-13 01:00:00,54.93225806451613,51,64,310,1,2016-04-13
5577150313,2016-04-13 02:00:00,55.11578947368421,48,63,285,2,2016-04-13
5577150313,2016-04-13 03:00:00,51.29824561403509,48,58,228,3,2016-04-13
5577150313,2016-04-13 04:00:00,52.266666666666666,47,63,135,4,2016-04-13
5577150313,2016-04-13 05:00:00,48.50704225352113,46,51,71,5,2016-04-13
5577150313,2016-04-13 06:00:00,57.407407407407405,47,60,27,6,2016-04-13
5577150313,2016-04-13 17:00:00,72.35714285714286,54,114,350,17,2016-04-13
5577150313,2016-04-13 18:00:00,60.732044198895025,49,70,362,18,2016-04-13
5577150313,2016-04-13 19:00:00,58.92838196286472,46,88,377,19,2016-04-13
5577150313,2016-04-13 20:00:00,80.21813725490196,50,121,408,20,2016-04-13
5577150313,2016-04-13 21:00:00,59.640866873065015,49,78,323,21,2016-04-13
5577150313,2016-04-13 22:00:00,54.35333333333333,51,58,300,22,2016-04-13
5577150313,2016-04-13 23:00:00,52.735562310030396,47,71,329,23,2016-04-13
5577150313,2016-04-14 00:00:00,49.95412844036697,43,69,327,0,2016-04-14
5577150313,2016-04-14 01:00:00,50.125,46,58,328,1,2016-04-14
5577150313,2016-04-14 02:00:00,51.97947214076246,45,62,341,2,2016-04-14
5577150313,2016-04-14 03:00:00,50.67628205128205,45,64,312,3,2016-04-14
5577150313,2016-04-14 04:00:00,52.07185628742515,47,73,334,4,2016-04-14
5577150313,2016-04-14 05:00:00,57.3405572755418,48,86,323,5,2016-04-14
5577150313,2016-04-14 06:00:00,108.23076923076923,64,128,338,6,2016-04-14
5577150313,2016-04-14 07:00:00,73.29695431472081,59,112,394,7,2016-04-14
5577150313,2016-04-14 08:00:00,69.92676056338028,53,101,355,8,2016-04-14
5577150313,2016-04-14 09:00:00,66.82152230971128,53,95,381,9,2016-04-14
5577150313,2016-04-14 10:00:00,61.49431818181818,52,70,352,10,2016-04-14
5577150313,2016-04-14 11:00:00,98.21933962264151,59,172,424,11,2016-04-14
5577150313,2016-04-14 12:00:00,72.53787878787878,54,104,396,12,2016-04-14
5577150313,2016-04-14 13:00:00,64.47191011235955,51,110,356,13,2016-04-14
5577150313,2016-04-14 14:00:00,117.70791749833666,70,163,1503,14,2016-04-14
5577150313,2016-04-14 15:00:00,93.71698113207547,63,133,424,15,2016-04-14
5577150313,2016-04-14 16:00:00,88.50354609929079,64,113,423,16,2016-04-14
5577150313,2016-04-14 17:00:00,75.46891191709845,53,108,386,17,2016-04-14
5577150313,2016-04-14 18:00:00,64.86058981233244,58,74,373,18,2016-04-14
5577150313,2016-04-14 19:00:00,79.64183381088826,55,128,349,19,2016-04-14
5577150313,2016-04-14 20:00:00,74.9119170984456,58,101,386,20,2016-04-14
5577150313,2016-04-14 21:00:00,63.719887955182074,54,92,357,21,2016-04-14
5577150313,2016-04-14 22:00:00,53.832317073170735,50,70,328,22,2016-04-14
5577150313,2016-04-14 23:00:00,50.58860759493671,47,57,316,23,2016-04-14
5577150313,2016-04-15 00:00:00,51.92284866468843,46,64,337,0,2016-04-15
5577150313,2016-04-15 01:00:00,55.831288343558285,50,71,326,1,2016-04-15
5577150313,2016-04-15 02:00:00,51.063973063973066,46,62,297,2,2016-04-15
5577150313,2016-04-15 03:00:00,48.16119402985075,39,67,335,3,2016-04-15
5577150313,2016-04-15 04:00:00,47.68731563421829,40,72,339,4,2016-04-15
5577150313,2016-04-15 05:00:00,62.498795180722894,43,157,415,5,2016-04-15
5577150313,2016-04-15 06:00:00,96.78728070175438,50,135,456,6,2016-04-15
5577150313,2016-04-15 07:00:00,72.55497382198953,58,115,382,7,2016-04-15
5577150313,2016-04-15 08:00:00,64.73150684931507,56,91,365,8,2016-04-15
5577150313,2016-04-15 09:00:00,63.96116504854369,53,102,412,9,2016-04-15
5577150313,2016-04-15 10:00:00,61.771117166212534,49,106,367,10,2016-04-15
5577150313,2016-04-15 11:00:00,78.83,52,137,400,11,2016-04-15
5577150313,2016-04-15 12:00:00,71.6454081632653,49,110,392,12,2016-04-15
5577150313,2016-04-15 13:00:00,68.12219451371571,47,112,401,13,2016-04-15
5577150313,2016-04-15 14:00:00,77.80740740740741,50,119,540,14,2016-04-15
5577150313,2016-04-15 15:00:00,82.13191489361702,54,126,1880,15,2016-04-15
5577150313,2016-04-15 16:00:00,78.48548278190412,60,122,1481,16,2016-04-15
5577150313,2016-04-15 17:00:00,72.0632911392405,61,83,316,17,2016-04-15
5577150313,2016-04-15 18:00:00,95.98448519040903,57,128,709,18,2016-04-15
5577150313,2016-04-15 19:00:00,96.22179239200516,59,156,1551,19,2016-04-15
5577150313,2016-04-15 20:00:00,89.91021247429747,59,132,1459,20,2016-04-15
5577150313,2016-04-15 21:00:00,65.87,56,75,1300,21,2016-04-15
5577150313,2016-04-15 22:00:00,59.9953667953668,51,71,1295,22,2016-04-15
5577150313,2016-04-15 23:00:00,52.09069020866774,48,57,1246,23,2016-04-15
5577150313,2016-04-16 00:00:00,49.31570639305446,43,68,1267,0,2016-04-16
5577150313,2016-04-16 01:00:00,47.38030424339472,43,69,1249,1,2016-04-16
5577150313,2016-04-16 02:00:00,50.42790697674418,44,73,1290,2,2016-04-16
5577150313,2016-04-16 03:00:00,46.13870967741936,43,55,1240,3,2016-04-16
5577150313,2016-04-16 04:00:00,51.61221374045802,43,66,1310,4,2016-04-16
5577150313,2016-04-16 05:00:00,49.59148264984227,45,67,1268,5,2016-04-16
5577150313,2016-04-16 06:00:00,79.3289552238806,45,134,1675,6,2016-04-16
5577150313,2016-04-16 07:00:00,92.61259541984732,54,118,1572,7,2016-04-16
5577150313,2016-04-16 08:00:00,58.868263473053894,53,80,1336,8,2016-04-16
5577150313,2016-04-16 09:00:00,58.202127659574465,50,69,1316,9,2016-04-16
5577150313,2016-04-16 10:00:00,86.93998736576121,49,134,1583,10,2016-04-16
5577150313,2016-04-16 11:00:00,74.06605113636364,53,116,1408,11,2016-04-16
5577150313,2016-04-16 12:00:00,69.02178649237473,53,115,1377,12,2016-04-16
5577150313,2016-04-16 13:00:00,101.31508771929825,59,128,1425,13,2016-04-16
5577150313,2016-04-16 14:00:00,114.10106051154087,94,136,1603,14,2016-04-16
5577150313,2016-04-16 15:00:00,73.52364149611856,58,114,1417,15,2016-04-16
5577150313,2016-04-16 16:00:00,62.92956713132795,52,89,1363,16,2016-04-16
5577150313,2016-04-16 17:00:00,67.0246913580247,52,114,1539,17,2016-04-16
5577150313,2016-04-16 18:00:00,77.97176913425345,52,136,1594,18,2016-04-16
5577150313,2016-04-16 19:00:00,73.59436379163108,56,119,1171,19,2016-04-16
5577150313,2016-04-16 20:00:00,63.422222222222224,54,91,360,20,2016-04-16
5577150313,2016-04-16 21:00:00,55.09717868338558,52,59,319,21,2016-04-16
5577150313,2016-04-16 22:00:00,51.287425149700596,47,58,334,22,2016-04-16
5577150313,2016-04-16 23:00:00,47.818471337579616,45,60,314,23,2016-04-16
5577150313,2016-04-17 00:00:00,47.71290322580645,43,54,310,0,2016-04-17
5577150313,2016-04-17 01:00:00,50.17358490566038,46,55,265,1,2016-04-17
5577150313,2016-04-17 02:00:00,49.05555555555556,41,66,342,2,2016-04-17
5577150313,2016-04-17 03:00:00,43.35403726708075,41,57,322,3,2016-04-17
5577150313,2016-04-17 04:00:00,44.102409638554214,40,55,332,4,2016-04-17
5577150313,2016-04-17 05:00:00,45.946587537091986,40,53,337,5,2016-04-17
5577150313,2016-04-17 06:00:00,75.32975871313673,46,118,373,6,2016-04-17
5577150313,2016-04-17 07:00:00,110.57928118393235,53,174,473,7,2016-04-17
5577150313,2016-04-17 08:00:00,70.01699716713881,53,106,353,8,2016-04-17
5577150313,2016-04-17 09:00:00,84.52519893899205,55,126,377,9,2016-04-17
5577150313,2016-04-17 10:00:00,77.74305555555556,53,124,432,10,2016-04-17
5577150313,2016-04-17 11:00:00,92.88657407407408,58,129,432,11,2016-04-17
5577150313,2016-04-17 12:00:00,111.89484978540773,57,138,466,12,2016-04-17
5577150313,2016-04-17 13:00:00,96.53089244851259,55,124,437,13,2016-04-17
5577150313,2016-04-17 14:00:00,72.64675324675325,55,123,385,14,2016-04-17
5577150313,2016-04-17 15:00:00,65.70855614973262,52,117,374,15,2016-04-17
5577150313,2016-04-17 16:00:00,62.71153846153846,56,71,364,16,2016-04-17
5577150313,2016-04-17 17:00:00,63.581717451523545,57,72,361,17,2016-04-17
5577150313,2016-04-17 18:00:00,68.97542997542998,51,118,407,18,2016-04-17
5577150313,2016-04-17 19:00:00,59.94117647058823,52,91,391,19,2016-04-17
5577150313,2016-04-17 20:00:00,65.64127764127764,50,109,407,20,2016-04-17
5577150313,2016-04-17 21:00:00,88.52136752136752,53,128,351,21,2016-04-17
5577150313,2016-04-17 22:00:00,55.303405572755416,51,60,323,22,2016-04-17
5577150313,2016-04-17 23:00:00,50.729166666666664,47,62,336,23,2016-04-17
5577150313,2016-04-18 00:00:00,48.4885993485342,45,75,307,0,2016-04-18
5577150313,2016-04-18 01:00:00,48.06542056074766,43,56,321,1,2016-04-18
5577150313,2016-04-18 02:00:00,49.61300309597523,45,56,323,2,2016-04-18
5577150313,2016-04-18 03:00:00,49.79141104294479,46,64,326,3,2016-04-18
5577150313,2016-04-18 04:00:00,50.44897959183673,44,64,343,4,2016-04-18
5577150313,2016-04-18 05:00:00,49.07738095238095,44,59,336,5,2016-04-18
5577150313,2016-04-18 06:00:00,51.42686567164179,46,81,335,6,2016-04-18
5577150313,2016-04-18 07:00:00,62.78717201166181,51,80,343,7,2016-04-18
5577150313,2016-04-18 08:00:00,63.418282548476455,53,88,361,8,2016-04-18
5577150313,2016-04-18 09:00:00,93.166,53,129,500,9,2016-04-18
5577150313,2016-04-18 10:00:00,106.98538622129436,70,132,479,10,2016-04-18
5577150313,2016-04-18 11:00:00,71.42191780821918,56,114,365,11,2016-04-18
5577150313,2016-04-18 12:00:00,69.112,55,92,375,12,2016-04-18
5577150313,2016-04-18 13:00:00,56.45427728613569,41,63,339,13,2016-04-18
5577150313,2016-04-18 14:00:00,73.4937965260546,52,117,403,14,2016-04-18
5577150313,2016-04-18 15:00:00,77.53947368421052,51,165,380,15,2016-04-18
5577150313,2016-04-18 16:00:00,74.33933933933933,55,128,333,16,2016-04-18
5577150313,2016-04-18 17:00:00,68.65281899109792,62,101,337,17,2016-04-18
5577150313,2016-04-18 18:00:00,81.23394495412845,57,119,436,18,2016-04-18
5577150313,2016-04-18 19:00:00,88.88059701492537,67,117,402,19,2016-04-18
5577150313,2016-04-18 20:00:00,77.09718670076727,62,103,391,20,2016-04-18
5577150313,2016-04-18 21:00:00,68.18717948717949,55,107,390,21,2016-04-18
5577150313,2016-04-18 22:00:00,60.19230769230769,55,73,338,22,2016-04-18
5577150313,2016-04-18 23:00:00,61.39156626506024,57,79,166,23,2016-04-18
5577150313,2016-04-19 00:00:00,58.4070796460177,53,76,339,0,2016-04-19
5577150313,2016-04-19 01:00:00,58.43636363636364,53,78,330,1,2016-04-19
5577150313,2016-04-19 02:00:00,57.528301886792455,51,116,318,2,2016-04-19
5577150313,2016-04-19 03:00:00,55.19881305637982,51,75,337,3,2016-04-19
5577150313,2016-04-19 04:00:00,54.8698224852071,50,77,338,4,2016-04-19
5577150313,2016-04-19 05:00:00,51.70809248554913,47,60,346,5,2016-04-19
5577150313,2016-04-19 06:00:00,56.64825581395349,49,75,344,6,2016-04-19
5577150313,2016-04-19 07:00:00,82.62677484787018,51,112,493,7,2016-04-19
5577150313,2016-04-19 08:00:00,98.72272727272727,79,118,220,8,2016-04-19
5577150313,2016-04-19 09:00:00,72.2816091954023,42,81,348,9,2016-04-19
5577150313,2016-04-19 10:00:00,70.3013698630137,56,104,365,10,2016-04-19
5577150313,2016-04-19 11:00:00,66.11016949152543,55,92,354,11,2016-04-19
5577150313,2016-04-19 12:00:00,73.2568578553616,55,111,401,12,2016-04-19
5577150313,2016-04-19 13:00:00,73.22906403940887,59,100,406,13,2016-04-19
5577150313,2016-04-19 14:00:00,87.40616966580977,61,132,389,14,2016-04-19
5577150313,2016-04-19 15:00:00,86.5974358974359,59,151,390,15,2016-04-19
5577150313,2016-04-19 16:00:00,85.12032085561498,64,156,374,16,2016-04-19
5577150313,2016-04-19 17:00:00,75.01709401709402,55,92,351,17,2016-04-19
5577150313,2016-04-19 18:00:00,65.78217821782178,51,82,404,18,2016-04-19
5577150313,2016-04-19 19:00:00,63.0,50,88,375,19,2016-04-19
5577150313,2016-04-19 20:00:00,98.21810699588477,65,159,486,20,2016-04-19
5577150313,2016-04-19 21:00:00,66.90084985835693,56,75,353,21,2016-04-19
5577150313,2016-04-19 22:00:00,58.91746031746032,56,66,315,22,2016-04-19
5577150313,2016-04-19 23:00:00,58.23711340206186,54,63,291,23,2016-04-19
5577150313,2016-04-20 00:00:00,58.017391304347825,53,63,230,0,2016-04-20
5577150313,2016-04-20 01:00:00,54.08064516129032,50,58,248,1,2016-04-20
5577150313,2016-04-20 02:00:00,50.16153846153846,47,56,130,2,2016-04-20
5577150313,2016-04-20 03:00:00,48.592592592592595,48,52,54,3,2016-04-20
5577150313,2016-04-20 04:00:00,53.592592592592595,48,56,27,4,2016-04-20
5577150313,2016-04-20 05:00:00,47.77777777777778,45,56,54,5,2016-04-20
5577150313,2016-04-20 08:00:00,99.01225490196079,62,132,408,8,2016-04-20
5577150313,2016-04-20 09:00:00,85.1029411764706,59,135,408,9,2016-04-20
5577150313,2016-04-20 10:00:00,82.29611650485437,56,130,412,10,2016-04-20
5577150313,2016-04-20 11:00:00,102.70833333333333,70,123,96,11,2016-04-20
5577150313,2016-04-20 12:00:00,76.25257731958763,61,125,388,12,2016-04-20
5577150313,2016-04-20 13:00:00,68.83585858585859,59,97,396,13,2016-04-20
5577150313,2016-04-20 14:00:00,69.36561743341404,59,99,413,14,2016-04-20
5577150313,2016-04-20 15:00:00,63.668508287292816,57,74,362,15,2016-04-20
5577150313,2016-04-20 16:00:00,68.93472584856397,59,113,383,16,2016-04-20
5577150313,2016-04-20 17:00:00,62.56032171581769,54,77,373,17,2016-04-20
5577150313,2016-04-20 18:00:00,70.31619537275064,59,113,389,18,2016-04-20
5577150313,2016-04-20 19:00:00,72.26884422110552,52,113,398,19,2016-04-20
5577150313,2016-04-20 20:00:00,66.42934782608695,52,116,368,20,2016-04-20
5577150313,2016-04-20 21:00:00,55.92035398230089,51,73,339,21,2016-04-20
5577150313,2016-04-20 22:00:00,55.481159420289856,47,92,345,22,2016-04-20
5577150313,2016-04-20 23:00:00,51.894904458598724,46,81,314,23,2016-04-20
5577150313,2016-04-21 00:00:00,57.75,48,76,348,0,2016-04-21
5577150313,2016-04-21 01:00:00,55.22159090909091,49,60,352,1,2016-04-21
5577150313,2016-04-21 02:00:00,53.32361516034985,48,63,343,2,2016-04-21
5577150313,2016-04-21 03:00:00,52.545180722891565,47,71,332,3,2016-04-21
5577150313,2016-04-21 04:00:00,52.0059880239521,47,82,334,4,2016-04-21
5577150313,2016-04-21 05:00:00,48.36857142857143,43,78,350,5,2016-04-21
5577150313,2016-04-21 06:00:00,107.30603448275862,52,134,464,6,2016-04-21
5577150313,2016-04-21 07:00:00,73.80156657963447,56,118,383,7,2016-04-21
5577150313,2016-04-21 08:00:00,69.2082262210797,54,114,389,8,2016-04-21
5577150313,2016-04-21 09:00:00,69.19576719576719,52,101,378,9,2016-04-21
5577150313,2016-04-21 10:00:00,68.27941176470588,58,83,340,10,2016-04-21
5577150313,2016-04-21 11:00:00,96.19362186788155,57,168,439,11,2016-04-21
5577150313,2016-04-21 12:00:00,66.2425068119891,57,86,367,12,2016-04-21
5577150313,2016-04-21 13:00:00,68.45753424657535,51,121,365,13,2016-04-21
5577150313,2016-04-21 14:00:00,78.03581661891117,54,120,698,14,2016-04-21
5577150313,2016-04-21 15:00:00,88.78250591016548,56,124,1269,15,2016-04-21
5577150313,2016-04-21 16:00:00,91.48607594936709,67,123,395,16,2016-04-21
5577150313,2016-04-21 17:00:00,85.18636363636364,59,147,440,17,2016-04-21
5577150313,2016-04-21 18:00:00,65.09418282548476,56,97,361,18,2016-04-21
5577150313,2016-04-21 19:00:00,83.43920595533498,58,115,403,19,2016-04-21
5577150313,2016-04-21 20:00:00,65.06318681318682,53,111,364,20,2016-04-21
5577150313,2016-04-21 21:00:00,54.982089552238804,48,62,335,21,2016-04-21
5577150313,2016-04-21 22:00:00,56.23011363636363,47,77,352,22,2016-04-21
5577150313,2016-04-21 23:00:00,51.01639344262295,47,57,305,23,2016-04-21
5577150313,2016-04-22 00:00:00,49.20066889632107,46,53,299,0,2016-04-22
5577150313,2016-04-22 01:00:00,53.21818181818182,47,68,330,1,2016-04-22
5577150313,2016-04-22 02:00:00,54.14733542319749,49,73,319,2,2016-04-22
5577150313,2016-04-22 03:00:00,52.9044776119403,45,71,335,3,2016-04-22
5577150313,2016-04-22 04:00:00,47.63719512195122,44,70,328,4,2016-04-22
5577150313,2016-04-22 05:00:00,57.95486935866983,43,110,421,5,2016-04-22
5577150313,2016-04-22 06:00:00,99.03966597077245,57,132,479,6,2016-04-22
5577150313,2016-04-22 07:00:00,70.32467532467533,54,100,385,7,2016-04-22
5577150313,2016-04-22 08:00:00,71.69459459459459,56,119,370,8,2016-04-22
5577150313,2016-04-22 09:00:00,67.19809069212411,53,113,419,9,2016-04-22
5577150313,2016-04-22 10:00:00,62.19201995012469,50,105,401,10,2016-04-22
5577150313,2016-04-22 11:00:00,67.23703703703704,50,112,405,11,2016-04-22
5577150313,2016-04-22 12:00:00,66.01566579634465,45,115,383,12,2016-04-22
5577150313,2016-04-22 13:00:00,55.883870967741935,48,72,310,13,2016-04-22
5577150313,2016-04-22 14:00:00,56.76338028169014,48,73,355,14,2016-04-22
5577150313,2016-04-22 15:00:00,52.6687306501548,44,64,323,15,2016-04-22
5577150313,2016-04-22 16:00:00,54.08266666666667,45,75,375,16,2016-04-22
5577150313,2016-04-22 17:00:00,64.98997493734336,45,103,399,17,2016-04-22
5577150313,2016-04-22 18:00:00,69.77272727272727,48,115,352,18,2016-04-22
5577150313,2016-04-22 19:00:00,75.32413793103449,54,110,290,19,2016-04-22
5577150313,2016-04-22 20:00:00,79.78676470588235,56,123,272,20,2016-04-22
5577150313,2016-04-22 21:00:00,101.0,94,107,8,21,2016-04-22
5577150313,2016-04-22 22:00:00,80.33856502242152,56,125,446,22,2016-04-22
5577150313,2016-04-22 23:00:00,59.207282913165265,44,96,357,23,2016-04-22
5577150313,2016-04-23 00:00:00,49.17571884984026,45,61,313,0,2016-04-23
5577150313,2016-04-23 01:00:00,56.28947368421053,48,75,342,1,2016-04-23
5577150313,2016-04-23 02:00:00,55.83987915407855,50,69,331,2,2016-04-23
5577150313,2016-04-23 03:00:00,56.27272727272727,49,69,352,3,2016-04-23
5577150313,2016-04-23 04:00:00,55.399441340782126,48,70,358,4,2016-04-23
5577150313,2016-04-23 05:00:00,51.65064102564103,46,66,312,5,2016-04-23
5577150313,2016-04-23 06:00:00,58.25068870523416,46,105,363,6,2016-04-23
5577150313,2016-04-23 07:00:00,73.26165803108809,52,114,386,7,2016-04-23
5577150313,2016-04-23 08:00:00,58.25068119891008,50,73,367,8,2016-04-23
5577150313,2016-04-23 09:00:00,63.397590361445786,52,91,415,9,2016-04-23
5577150313,2016-04-23 10:00:00,77.15288220551379,49,119,399,10,2016-04-23
5577150313,2016-04-23 11:00:00,70.44619422572178,54,123,381,11,2016-04-23
5577150313,2016-04-23 12:00:00,71.35742971887551,54,105,249,12,2016-04-23
5577150313,2016-04-23 13:00:00,76.6268221574344,55,113,343,13,2016-04-23
5577150313,2016-04-23 14:00:00,69.045197740113,60,110,177,14,2016-04-23
5577150313,2016-04-23 15:00:00,81.4963503649635,55,117,411,15,2016-04-23
5577150313,2016-04-23 16:00:00,64.57712765957447,51,100,376,16,2016-04-23
5577150313,2016-04-23 17:00:00,76.69815195071868,55,111,487,17,2016-04-23
5577150313,2016-04-23 18:00:00,77.24578313253012,53,143,415,18,2016-04-23
5577150313,2016-04-23 19:00:00,73.49868073878628,52,171,379,19,2016-04-23
5577150313,2016-04-23 20:00:00,67.0185676392573,40,119,377,20,2016-04-23
5577150313,2016-04-23 21:00:00,58.45592705167173,54,113,329,21,2016-04-23
5577150313,2016-04-23 22:00:00,54.40853658536585,50,62,328,22,2016-04-23
5577150313,2016-04-23 23:00:00,52.07598784194529,46,61,329,23,2016-04-23
5577150313,2016-04-24 00:00:00,54.518181818181816,48,67,330,0,2016-04-24
5577150313,2016-04-24 01:00:00,54.095652173913045,40,87,345,1,2016-04-24
5577150313,2016-04-24 02:00:00,50.899705014749266,45,72,339,2,2016-04-24
5577150313,2016-04-24 03:00:00,53.959537572254334,47,67,346,3,2016-04-24
5577150313,2016-04-24 04:00:00,52.88036809815951,49,65,326,4,2016-04-24
5577150313,2016-04-24 05:00:00,52.489296636085626,47,70,327,5,2016-04-24
5577150313,2016-04-24 06:00:00,51.83673469387755,47,65,343,6,2016-04-24
5577150313,2016-04-24 07:00:00,63.201166180758015,50,114,343,7,2016-04-24
5577150313,2016-04-24 08:00:00,65.12435233160622,51,113,386,8,2016-04-24
5577150313,2016-04-24 09:00:00,64.04370179948586,53,95,389,9,2016-04-24
5577150313,2016-04-24 10:00:00,86.73271889400921,60,118,434,10,2016-04-24
5577150313,2016-04-24 11:00:00,106.73049645390071,93,124,423,11,2016-04-24
5577150313,2016-04-24 12:00:00,84.37,59,110,100,12,2016-04-24
5577150313,2016-04-24 13:00:00,90.0,63,131,126,13,2016-04-24
5577150313,2016-04-24 14:00:00,74.09903381642512,55,122,414,14,2016-04-24
5577150313,2016-04-24 15:00:00,108.41521739130435,58,130,460,15,2016-04-24
5577150313,2016-04-24 16:00:00,93.55555555555556,67,119,414,16,2016-04-24
5577150313,2016-04-24 17:00:00,103.06136363636364,65,131,440,17,2016-04-24
5577150313,2016-04-24 18:00:00,77.28533333333333,56,115,375,18,2016-04-24
5577150313,2016-04-24 19:00:00,88.95238095238095,59,120,294,19,2016-04-24
5577150313,2016-04-24 20:00:00,66.32954545454545,59,112,352,20,2016-04-24
5577150313,2016-04-24 21:00:00,61.98879551820728,50,87,357,21,2016-04-24
5577150313,2016-04-24 22:00:00,56.50437317784257,51,69,343,22,2016-04-24
5577150313,2016-04-24 23:00:00,56.924698795180724,51,75,332,23,2016-04-24
5577150313,2016-04-25 00:00:00,55.67058823529412,52,63,340,0,2016-04-25
5577150313,2016-04-25 01:00:00,55.50788643533123,48,63,317,1,2016-04-25
5577150313,2016-04-25 02:00:00,53.17878787878788,49,68,330,2,2016-04-25
5577150313,2016-04-25 03:00:00,48.78395061728395,44,67,324,3,2016-04-25
5577150313,2016-04-25 04:00:00,50.1875,44,61,336,4,2016-04-25
5577150313,2016-04-25 05:00:00,48.44864864864865,43,69,370,5,2016-04-25
5577150313,2016-04-25 06:00:00,99.62583518930958,56,125,449,6,2016-04-25
5577150313,2016-04-25 07:00:00,72.45038167938931,55,103,393,7,2016-04-25
5577150313,2016-04-25 08:00:00,64.93211488250653,45,97,383,8,2016-04-25
5577150313,2016-04-25 09:00:00,73.63157894736842,59,94,361,9,2016-04-25
5577150313,2016-04-25 10:00:00,88.91521197007481,57,123,401,10,2016-04-25
5577150313,2016-04-25 11:00:00,77.49636803874093,56,117,413,11,2016-04-25
5577150313,2016-04-25 12:00:00,82.49333333333334,61,107,375,12,2016-04-25
5577150313,2016-04-25 13:00:00,83.75961538461539,66,110,416,13,2016-04-25
5577150313,2016-04-25 14:00:00,69.9400544959128,53,111,367,14,2016-04-25
5577150313,2016-04-25 15:00:00,67.0754716981132,55,80,371,15,2016-04-25
5577150313,2016-04-25 16:00:00,71.31850117096019,57,97,427,16,2016-04-25
5577150313,2016-04-25 17:00:00,67.07629427792915,52,96,367,17,2016-04-25
5577150313,2016-04-25 18:00:00,60.41711229946524,54,85,374,18,2016-04-25
5577150313,2016-04-25 19:00:00,77.27363184079601,51,124,402,19,2016-04-25
5577150313,2016-04-25 20:00:00,60.80281690140845,49,113,355,20,2016-04-25
5577150313,2016-04-25 21:00:00,58.41379310344828,52,77,348,21,2016-04-25
5577150313,2016-04-25 22:00:00,57.12957746478873,49,70,355,22,2016-04-25
5577150313,2016-04-25 23:00:00,50.696369636963695,47,55,303,23,2016-04-25
5577150313,2016-04-26 00:00:00,52.725,46,63,320,0,2016-04-26
5577150313,2016-04-26 01:00:00,52.641975308641975,47,65,324,1,2016-04-26
5577150313,2016-04-26 02:00:00,52.51940298507463,46,69,335,2,2016-04-26
5577150313,2016-04-26 03:00:00,48.83125,44,57,320,3,2016-04-26
5577150313,2016-04-26 04:00:00,46.21913580246913,42,54,324,4,2016-04-26
5577150313,2016-04-26 05:00:00,74.6682808716707,44,118,413,5,2016-04-26
5577150313,2016-04-26 06:00:00,86.23333333333333,56,122,420,6,2016-04-26
5577150313,2016-04-26 07:00:00,69.61948955916473,56,99,431,7,2016-04-26
5577150313,2016-04-26 08:00:00,71.89544235924933,54,113,373,8,2016-04-26
5577150313,2016-04-26 09:00:00,65.183908045977,54,118,348,9,2016-04-26
5577150313,2016-04-26 10:00:00,64.49333333333334,48,106,375,10,2016-04-26
5577150313,2016-04-26 11:00:00,67.26987951807229,54,103,415,11,2016-04-26
5577150313,2016-04-26 12:00:00,74.67857142857143,54,100,420,12,2016-04-26
5577150313,2016-04-26 13:00:00,83.08943089430895,59,114,369,13,2016-04-26
5577150313,2016-04-26 14:00:00,75.1644908616188,53,109,383,14,2016-04-26
5577150313,2016-04-26 15:00:00,68.54691689008042,54,85,373,15,2016-04-26
5577150313,2016-04-26 16:00:00,66.77837837837838,57,85,370,16,2016-04-26
5577150313,2016-04-26 17:00:00,61.29705882352941,53,72,340,17,2016-04-26
5577150313,2016-04-26 18:00:00,63.45152354570637,52,111,361,18,2016-04-26
5577150313,2016-04-26 19:00:00,69.53448275862068,53,109,406,19,2016-04-26
5577150313,2016-04-26 20:00:00,73.95879120879121,50,113,364,20,2016-04-26
5577150313,2016-04-26 21:00:00,56.97406340057637,50,70,347,21,2016-04-26
5577150313,2016-04-26 22:00:00,50.24038461538461,40,61,312,22,2016-04-26
5577150313,2016-04-26 23:00:00,51.691588785046726,41,63,321,23,2016-04-26
5577150313,2016-04-27 00:00:00,53.74447949526814,49,76,317,0,2016-04-27
5577150313,2016-04-27 01:00:00,52.609756097560975,47,66,328,1,2016-04-27
5577150313,2016-04-27 02:00:00,52.967359050445104,47,73,337,2,2016-04-27
5577150313,2016-04-27 03:00:00,53.669724770642205,49,68,327,3,2016-04-27
5577150313,2016-04-27 04:00:00,51.745222929936304,45,69,314,4,2016-04-27
5577150313,2016-04-27 05:00:00,53.72323759791123,42,94,383,5,2016-04-27
5577150313,2016-04-27 06:00:00,98.45286885245902,55,130,488,6,2016-04-27
5577150313,2016-04-27 07:00:00,71.13227513227513,56,111,378,7,2016-04-27
5577150313,2016-04-27 08:00:00,69.2724795640327,53,97,367,8,2016-04-27
5577150313,2016-04-27 09:00:00,75.24069478908189,53,119,403,9,2016-04-27
5577150313,2016-04-27 10:00:00,64.18384401114206,54,84,359,10,2016-04-27
5577150313,2016-04-27 11:00:00,72.60835509138381,53,98,383,11,2016-04-27
5577150313,2016-04-27 12:00:00,67.10220994475138,54,98,362,12,2016-04-27
5577150313,2016-04-27 13:00:00,66.81564245810056,54,91,358,13,2016-04-27
5577150313,2016-04-27 14:00:00,67.02941176470588,57,90,340,14,2016-04-27
5577150313,2016-04-27 15:00:00,78.9746835443038,58,117,395,15,2016-04-27
5577150313,2016-04-27 16:00:00,70.47619047619048,53,114,399,16,2016-04-27
5577150313,2016-04-27 17:00:00,63.129629629629626,51,90,378,17,2016-04-27
5577150313,2016-04-27 18:00:00,73.15544041450777,58,125,386,18,2016-04-27
5577150313,2016-04-27 19:00:00,92.99759036144579,53,127,415,19,2016-04-27
5577150313,2016-04-27 20:00:00,58.04360465116279,49,91,344,20,2016-04-27
5577150313,2016-04-27 21:00:00,55.8413597733711,47,69,353,21,2016-04-27
5577150313,2016-04-27 22:00:00,52.2094395280236,45,67,339,22,2016-04-27
5577150313,2016-04-27 23:00:00,50.2013201320132,44,56,303,23,2016-04-27
5577150313,2016-04-28 00:00:00,56.256965944272444,50,69,323,0,2016-04-28
5577150313,2016-04-28 01:00:00,55.597101449275364,50,72,345,1,2016-04-28
5577150313,2016-04-28 02:00:00,52.0210843373494,45,75,332,2,2016-04-28
5577150313,2016-04-28 03:00:00,50.03416149068323,40,68,322,3,2016-04-28
5577150313,2016-04-28 04:00:00,49.625,44,64,336,4,2016-04-28
5577150313,2016-04-28 05:00:00,62.64492753623188,41,147,414,5,2016-04-28
5577150313,2016-04-28 06:00:00,101.58263305322129,79,128,357,6,2016-04-28
5577150313,2016-04-28 07:00:00,74.36438356164383,57,115,365,7,2016-04-28
5577150313,2016-04-28 08:00:00,69.0132625994695,51,109,377,8,2016-04-28
5577150313,2016-04-28 09:00:00,61.892857142857146,52,88,364,9,2016-04-28
5577150313,2016-04-28 10:00:00,65.52230971128608,51,112,381,10,2016-04-28
5577150313,2016-04-28 11:00:00,131.9383886255924,96,171,211,11,2016-04-28
5577150313,2016-04-28 13:00:00,89.14136904761905,65,128,672,13,2016-04-28
5577150313,2016-04-28 14:00:00,78.65846456692914,53,102,1016,14,2016-04-28
5577150313,2016-04-28 15:00:00,76.52896725440806,55,123,397,15,2016-04-28
5577150313,2016-04-28 16:00:00,67.55619596541787,55,102,347,16,2016-04-28
5577150313,2016-04-28 17:00:00,73.24226804123711,57,114,388,17,2016-04-28
5577150313,2016-04-28 18:00:00,61.7008797653959,54,80,341,18,2016-04-28
5577150313,2016-04-28 19:00:00,93.47857142857143,58,124,420,19,2016-04-28
5577150313,2016-04-28 20:00:00,67.57808219178082,57,115,365,20,2016-04-28
5577150313,2016-04-28 21:00:00,62.92917847025496,54,97,353,21,2016-04-28
5577150313,2016-04-28 22:00:00,53.06774193548387,49,60,310,22,2016-04-28
5577150313,2016-04-28 23:00:00,51.46319018404908,47,64,326,23,2016-04-28
5577150313,2016-04-29 00:00:00,52.031948881789134,48,64,313,0,2016-04-29
5577150313,2016-04-29 01:00:00,52.25438596491228,47,77,342,1,2016-04-29
5577150313,2016-04-29 02:00:00,49.93927125506073,46,58,247,2,2016-04-29
5577150313,2016-04-29 03:00:00,48.4797507788162,44,58,321,3,2016-04-29
5577150313,2016-04-29 04:00:00,45.57707509881423,42,57,253,4,2016-04-29
5577150313,2016-04-29 05:00:00,48.17251461988304,42,58,342,5,2016-04-29
5577150313,2016-04-29 06:00:00,99.2907949790795,47,124,478,6,2016-04-29
5577150313,2016-04-29 07:00:00,79.05128205128206,57,124,390,7,2016-04-29
5577150313,2016-04-29 08:00:00,66.496,53,98,375,8,2016-04-29
5577150313,2016-04-29 09:00:00,70.50473933649289,54,111,422,9,2016-04-29
5577150313,2016-04-29 10:00:00,64.79539641943734,51,106,391,10,2016-04-29
5577150313,2016-04-29 11:00:00,69.07177033492823,51,108,418,11,2016-04-29
5577150313,2016-04-29 12:00:00,70.42647058823529,52,109,272,12,2016-04-29
5577150313,2016-04-29 13:00:00,58.44808743169399,51,77,366,13,2016-04-29
5577150313,2016-04-29 14:00:00,60.4478021978022,50,78,364,14,2016-04-29
5577150313,2016-04-29 15:00:00,60.98701298701299,47,102,385,15,2016-04-29
5577150313,2016-04-29 16:00:00,62.14404432132964,51,109,361,16,2016-04-29
5577150313,2016-04-29 17:00:00,55.79943502824859,44,84,354,17,2016-04-29
5577150313,2016-04-29 18:00:00,62.15897435897436,48,102,390,18,2016-04-29
5577150313,2016-04-29 19:00:00,94.08863636363637,51,126,440,19,2016-04-29
5577150313,2016-04-29 20:00:00,102.52066115702479,59,141,484,20,2016-04-29
5577150313,2016-04-29 21:00:00,59.4633431085044,54,71,341,21,2016-04-29
5577150313,2016-04-29 22:00:00,57.293948126801155,50,73,347,22,2016-04-29
5577150313,2016-04-29 23:00:00,51.99050632911393,47,59,316,23,2016-04-29
5577150313,2016-04-30 00:00:00,52.61300309597523,48,64,323,0,2016-04-30
5577150313,2016-04-30 01:00:00,50.63253012048193,45,58,332,1,2016-04-30
5577150313,2016-04-30 02:00:00,51.81707317073171,46,69,328,2,2016-04-30
5577150313,2016-04-30 03:00:00,49.4012539184953,45,58,319,3,2016-04-30
5577150313,2016-04-30 04:00:00,50.75460122699386,43,66,326,4,2016-04-30
5577150313,2016-04-30 05:00:00,48.15501519756839,41,68,329,5,2016-04-30
5577150313,2016-04-30 06:00:00,53.690962099125365,47,82,343,6,2016-04-30
5577150313,2016-04-30 07:00:00,61.47704081632653,48,103,392,7,2016-04-30
5577150313,2016-04-30 08:00:00,65.19132653061224,53,116,392,8,2016-04-30
5577150313,2016-04-30 09:00:00,64.68,53,87,375,9,2016-04-30
5577150313,2016-04-30 10:00:00,98.46117647058824,60,125,425,10,2016-04-30
5577150313,2016-04-30 11:00:00,107.71461716937355,66,133,431,11,2016-04-30
5577150313,2016-04-30 12:00:00,79.89671361502347,56,138,426,12,2016-04-30
5577150313,2016-04-30 13:00:00,91.22142857142858,62,116,420,13,2016-04-30
5577150313,2016-04-30 14:00:00,89.05326876513317,59,121,413,14,2016-04-30
5577150313,2016-04-30 15:00:00,68.73157894736842,58,118,380,15,2016-04-30
5577150313,2016-04-30 16:00:00,57.553623188405794,53,65,345,16,2016-04-30
5577150313,2016-04-30 17:00:00,69.57650273224044,54,125,366,17,2016-04-30
5577150313,2016-04-30 18:00:00,113.86326530612244,84,129,490,18,2016-04-30
5577150313,2016-04-30 19:00:00,94.54767184035477,54,129,451,19,2016-04-30
5577150313,2016-04-30 20:00:00,62.894459102902374,50,117,379,20,2016-04-30
5577150313,2016-04-30 21:00:00,66.42440318302387,52,105,377,21,2016-04-30
5577150313,2016-04-30 22:00:00,58.483282674772035,51,113,329,22,2016-04-30
5577150313,2016-04-30 23:00:00,57.7514450867052,51,76,346,23,2016-04-30
5577150313,2016-05-01 00:00:00,56.88785046728972,52,62,321,0,2016-05-01
5577150313,2016-05-01 01:00:00,54.271844660194176,50,66,309,1,2016-05-01
5577150313,2016-05-01 02:00:00,54.35168195718654,49,67,327,2,2016-05-01
5577150313,2016-05-01 03:00:00,54.07552870090635,46,72,331,3,2016-05-01
5577150313,2016-05-01 04:00:00,52.054054054054056,47,62,333,4,2016-05-01
5577150313,2016-05-01 05:00:00,54.13442622950819,45,67,305,5,2016-05-01
5577150313,2016-05-01 06:00:00,62.16129032258065,50,108,372,6,2016-05-01
5577150313,2016-05-01 07:00:00,58.185483870967744,53,65,372,7,2016-05-01
5577150313,2016-05-01 08:00:00,90.46636771300449,56,124,446,8,2016-05-01
5577150313,2016-05-01 09:00:00,91.42488262910798,66,115,426,9,2016-05-01
5577150313,2016-05-01 10:00:00,109.55450236966824,82,125,422,10,2016-05-01
5577150313,2016-05-01 11:00:00,103.36384439359267,72,122,437,11,2016-05-01
5577150313,2016-05-01 12:00:00,77.2578947368421,57,126,380,12,2016-05-01
5577150313,2016-05-01 13:00:00,70.98241206030151,56,109,398,13,2016-05-01
5577150313,2016-05-01 14:00:00,72.57894736842105,56,102,437,14,2016-05-01
5577150313,2016-05-01 15:00:00,71.35309278350516,60,100,388,15,2016-05-01
5577150313,2016-05-01 16:00:00,88.13513513513513,56,116,444,16,2016-05-01
5577150313,2016-05-01 17:00:00,67.96938775510205,57,104,392,17,2016-05-01
5577150313,2016-05-01 18:00:00,94.92216981132076,57,130,424,18,2016-05-01
5577150313,2016-05-01 19:00:00,107.72063492063492,60,140,315,19,2016-05-01
5577150313,2016-05-01 20:00:00,64.14161849710983,54,102,346,20,2016-05-01
5577150313,2016-05-01 21:00:00,63.81844380403458,54,89,347,21,2016-05-01
5577150313,2016-05-01 22:00:00,54.90214067278288,44,63,327,22,2016-05-01
5577150313,2016-05-01 23:00:00,56.74691358024691,50,66,324,23,2016-05-01
5577150313,2016-05-02 00:00:00,52.70987654320987,48,57,324,0,2016-05-02
5577150313,2016-05-02 01:00:00,51.26361031518625,44,62,349,1,2016-05-02
5577150313,2016-05-02 02:00:00,52.12684365781711,45,80,339,2,2016-05-02
5577150313,2016-05-02 03:00:00,48.82608695652174,43,54,276,3,2016-05-02
5577150313,2016-05-02 04:00:00,46.57453416149068,43,52,322,4,2016-05-02
5577150313,2016-05-02 05:00:00,48.33827893175074,43,77,337,5,2016-05-02
5577150313,2016-05-02 06:00:00,96.97186147186147,47,128,462,6,2016-05-02
5577150313,2016-05-02 07:00:00,80.95260663507109,55,124,422,7,2016-05-02
5577150313,2016-05-02 08:00:00,64.72323759791122,54,108,383,8,2016-05-02
5577150313,2016-05-02 09:00:00,67.22600619195046,56,94,323,9,2016-05-02
5577150313,2016-05-02 10:00:00,76.61919504643963,55,114,323,10,2016-05-02
5577150313,2016-05-02 11:00:00,70.28292682926829,59,83,205,11,2016-05-02
5577150313,2016-05-02 12:00:00,63.55555555555556,59,83,36,12,2016-05-02
5577150313,2016-05-02 23:00:00,98.84210526315789,66,113,19,23,2016-05-02
5577150313,2016-05-03 00:00:00,77.8905472636816,61,117,402,0,2016-05-03
5577150313,2016-05-03 01:00:00,86.09859154929578,51,122,426,1,2016-05-03
5577150313,2016-05-03 02:00:00,83.71505376344086,66,114,372,2,2016-05-03
5577150313,2016-05-03 03:00:00,65.69859154929577,42,102,355,3,2016-05-03
5577150313,2016-05-03 04:00:00,73.21689497716895,56,114,438,4,2016-05-03
5577150313,2016-05-03 05:00:00,75.86746987951807,57,107,415,5,2016-05-03
5577150313,2016-05-03 06:00:00,71.39522546419099,57,97,377,6,2016-05-03
5577150313,2016-05-03 07:00:00,77.25848563968668,56,117,383,7,2016-05-03
5577150313,2016-05-03 08:00:00,71.8422619047619,56,111,336,8,2016-05-03
5577150313,2016-05-03 09:00:00,78.7237851662404,55,126,391,9,2016-05-03
5577150313,2016-05-03 10:00:00,111.2358276643991,69,154,441,10,2016-05-03
5577150313,2016-05-03 11:00:00,66.23480662983425,52,85,362,11,2016-05-03
5577150313,2016-05-03 12:00:00,55.483582089552236,51,66,335,12,2016-05-03
5577150313,2016-05-03 13:00:00,54.79245283018868,49,65,318,13,2016-05-03
5577150313,2016-05-03 14:00:00,53.04719764011799,48,61,339,14,2016-05-03
5577150313,2016-05-03 15:00:00,54.71940298507463,44,70,335,15,2016-05-03
5577150313,2016-05-03 16:00:00,52.69969040247678,49,60,323,16,2016-05-03
5577150313,2016-05-03 17:00:00,52.142028985507245,47,61,345,17,2016-05-03
5577150313,2016-05-03 18:00:00,52.37538461538462,47,69,325,18,2016-05-03
5577150313,2016-05-03 19:00:00,48.43283582089552,45,57,335,19,2016-05-03
5577150313,2016-05-03 20:00:00,50.52662721893491,43,61,338,20,2016-05-03
5577150313,2016-05-03 21:00:00,68.9945652173913,44,123,368,21,2016-05-03
5577150313,2016-05-03 22:00:00,96.72592592592592,66,127,270,22,2016-05-03
5577150313,2016-05-03 23:00:00,79.42382271468144,60,92,361,23,2016-05-03
5577150313,2016-05-04 00:00:00,75.6790450928382,56,102,377,0,2016-05-04
5577150313,2016-05-04 01:00:00,59.72093023255814,41,69,344,1,2016-05-04
5577150313,2016-05-04 02:00:00,64.6195652173913,36,103,368,2,2016-05-04
5577150313,2016-05-04 03:00:00,65.58263305322129,55,85,357,3,2016-05-04
5577150313,2016-05-04 04:00:00,69.7018469656992,53,119,379,4,2016-05-04
5577150313,2016-05-04 05:00:00,64.30352303523036,54,106,369,5,2016-05-04
5577150313,2016-05-04 06:00:00,66.23218997361478,53,107,379,6,2016-05-04
5577150313,2016-05-04 07:00:00,64.88450704225352,38,116,355,7,2016-05-04
5577150313,2016-05-04 08:00:00,69.87142857142857,55,117,420,8,2016-05-04
5577150313,2016-05-04 09:00:00,74.27688787185355,50,143,437,9,2016-05-04
5577150313,2016-05-04 10:00:00,72.43030303030304,45,118,330,10,2016-05-04
5577150313,2016-05-04 11:00:00,55.72477064220183,53,68,327,11,2016-05-04
5577150313,2016-05-04 12:00:00,53.80757097791798,49,75,317,12,2016-05-04
5577150313,2016-05-04 13:00:00,54.671554252199414,48,64,341,13,2016-05-04
5577150313,2016-05-04 14:00:00,53.64329268292683,48,65,328,14,2016-05-04
5577150313,2016-05-04 15:00:00,55.94444444444444,51,68,324,15,2016-05-04
5577150313,2016-05-04 16:00:00,53.75454545454546,49,66,330,16,2016-05-04
5577150313,2016-05-04 17:00:00,50.573667711598745,45,65,319,17,2016-05-04
5577150313,2016-05-04 18:00:00,48.087227414330215,39,71,321,18,2016-05-04
5577150313,2016-05-04 19:00:00,47.907462686567165,44,57,335,19,2016-05-04
5577150313,2016-05-04 20:00:00,48.94512195121951,44,63,328,20,2016-05-04
5577150313,2016-05-04 21:00:00,60.11507936507937,45,114,252,21,2016-05-04
5577150313,2016-05-04 22:00:00,86.01960784313725,58,120,204,22,2016-05-04
5577150313,2016-05-04 23:00:00,73.7231638418079,62,83,354,23,2016-05-04
5577150313,2016-05-05 00:00:00,75.02571428571429,57,104,350,0,2016-05-05
5577150313,2016-05-05 09:00:00,62.93103448275862,58,69,29,9,2016-05-05
5577150313,2016-05-05 10:00:00,65.29972752043597,53,130,367,10,2016-05-05
5577150313,2016-05-05 11:00:00,69.18858560794045,52,115,403,11,2016-05-05
5577150313,2016-05-05 12:00:00,85.54257907542579,59,118,411,12,2016-05-05
5577150313,2016-05-05 13:00:00,59.046783625730995,53,69,342,13,2016-05-05
5577150313,2016-05-05 14:00:00,72.03553299492386,53,135,394,14,2016-05-05
5577150313,2016-05-05 15:00:00,61.411764705882355,52,84,357,15,2016-05-05
5577150313,2016-05-05 16:00:00,62.8567335243553,54,80,349,16,2016-05-05
5577150313,2016-05-05 17:00:00,73.5230352303523,53,141,369,17,2016-05-05
5577150313,2016-05-05 18:00:00,59.69164265129683,50,94,347,18,2016-05-05
5577150313,2016-05-05 19:00:00,81.48820754716981,51,130,424,19,2016-05-05
5577150313,2016-05-05 20:00:00,79.183879093199,62,118,397,20,2016-05-05
5577150313,2016-05-05 21:00:00,88.43037974683544,55,122,395,21,2016-05-05
5577150313,2016-05-06 06:00:00,100.7,70,112,10,6,2016-05-06
5577150313,2016-05-06 07:00:00,89.11555555555556,58,130,450,7,2016-05-06
5577150313,2016-05-06 08:00:00,73.63614457831325,54,119,415,8,2016-05-06
5577150313,2016-05-06 09:00:00,57.90489913544668,51,69,347,9,2016-05-06
5577150313,2016-05-06 10:00:00,72.86153846153846,53,134,390,10,2016-05-06
5577150313,2016-05-06 11:00:00,83.64406779661017,64,124,413,11,2016-05-06
5577150313,2016-05-06 12:00:00,77.44736842105263,56,119,418,12,2016-05-06
5577150313,2016-05-06 13:00:00,61.20224719101124,50,79,356,13,2016-05-06
5577150313,2016-05-06 14:00:00,59.139275766016716,52,90,359,14,2016-05-06
5577150313,2016-05-06 15:00:00,56.12759643916914,48,64,337,15,2016-05-06
5577150313,2016-05-06 16:00:00,58.178082191780824,49,95,219,16,2016-05-06
5577150313,2016-05-09 11:00:00,78.54545454545455,71,102,22,11,2016-05-09
5577150313,2016-05-09 12:00:00,78.20194647201946,56,130,411,12,2016-05-09
5577150313,2016-05-09 13:00:00,67.16927083333333,56,88,384,13,2016-05-09
5577150313,2016-05-09 14:00:00,80.4575,52,109,400,14,2016-05-09
5577150313,2016-05-09 15:00:00,69.67924528301887,56,113,371,15,2016-05-09
5577150313,2016-05-09 16:00:00,64.98837209302326,53,91,344,16,2016-05-09
5577150313,2016-05-09 17:00:00,66.33333333333333,57,91,375,17,2016-05-09
5577150313,2016-05-09 18:00:00,67.01680672268908,55,101,357,18,2016-05-09
5577150313,2016-05-09 19:00:00,84.30952380952381,58,123,378,19,2016-05-09
5577150313,2016-05-09 20:00:00,61.826470588235296,54,110,340,20,2016-05-09
5577150313,2016-05-09 21:00:00,58.94100294985251,53,81,339,21,2016-05-09
5577150313,2016-05-09 22:00:00,54.84935897435897,51,64,312,22,2016-05-09
5577150313,2016-05-09 23:00:00,55.01176470588236,51,69,340,23,2016-05-09
5577150313,2016-05-10 00:00:00,55.36593059936909,50,66,317,0,2016-05-10
5577150313,2016-05-10 01:00:00,54.10625,51,58,320,1,2016-05-10
5577150313,2016-05-10 02:00:00,53.25076452599389,47,69,327,2,2016-05-10
5577150313,2016-05-10 03:00:00,50.39873417721519,46,54,316,3,2016-05-10
5577150313,2016-05-10 04:00:00,47.22935779816514,44,58,327,4,2016-05-10
5577150313,2016-05-10 05:00:00,50.77167630057804,42,82,346,5,2016-05-10
5577150313,2016-05-10 06:00:00,97.69827586206897,64,131,464,6,2016-05-10
5577150313,2016-05-10 07:00:00,73.00808625336927,58,121,371,7,2016-05-10
5577150313,2016-05-10 08:00:00,84.00769230769231,53,120,390,8,2016-05-10
5577150313,2016-05-10 09:00:00,78.08788598574822,57,113,421,9,2016-05-10
5577150313,2016-05-10 10:00:00,66.9501312335958,56,108,381,10,2016-05-10
5577150313,2016-05-10 11:00:00,93.72553699284009,57,172,419,11,2016-05-10
5577150313,2016-05-10 12:00:00,72.41954022988506,63,86,348,12,2016-05-10
5577150313,2016-05-10 13:00:00,69.31398416886543,49,108,379,13,2016-05-10
5577150313,2016-05-10 14:00:00,90.56079404466502,58,131,1209,14,2016-05-10
5577150313,2016-05-10 15:00:00,86.79432624113475,57,125,1410,15,2016-05-10
5577150313,2016-05-10 16:00:00,75.53353057199212,55,107,1014,16,2016-05-10
5577150313,2016-05-10 17:00:00,80.50757575757575,65,122,396,17,2016-05-10
5577150313,2016-05-10 18:00:00,73.36363636363636,66,101,374,18,2016-05-10
5577150313,2016-05-10 19:00:00,99.57009345794393,65,121,321,19,2016-05-10
5577150313,2016-05-10 20:00:00,73.65976331360947,58,126,338,20,2016-05-10
5577150313,2016-05-10 21:00:00,68.5,58,86,348,21,2016-05-10
5577150313,2016-05-10 22:00:00,59.85576923076923,55,66,312,22,2016-05-10
5577150313,2016-05-10 23:00:00,57.15384615384615,50,80,325,23,2016-05-10
5577150313,2016-05-11 00:00:00,56.22121212121212,53,72,330,0,2016-05-11
5577150313,2016-05-11 01:00:00,57.23372781065089,51,81,338,1,2016-05-11
5577150313,2016-05-11 02:00:00,53.38662790697674,47,62,344,2,2016-05-11
5577150313,2016-05-11 03:00:00,53.573208722741434,50,68,321,3,2016-05-11
5577150313,2016-05-11 04:00:00,51.72809667673716,45,77,331,4,2016-05-11
5577150313,2016-05-11 05:00:00,50.12684365781711,46,78,339,5,2016-05-11
5577150313,2016-05-11 06:00:00,99.87982832618026,59,135,466,6,2016-05-11
5577150313,2016-05-11 07:00:00,72.56234718826406,60,107,409,7,2016-05-11
5577150313,2016-05-11 08:00:00,66.82070707070707,51,94,396,8,2016-05-11
5577150313,2016-05-11 09:00:00,69.4419191919192,60,124,396,9,2016-05-11
5577150313,2016-05-11 10:00:00,64.0427807486631,51,121,374,10,2016-05-11
5577150313,2016-05-11 11:00:00,90.6875,55,173,400,11,2016-05-11
5577150313,2016-05-11 12:00:00,65.2,62,73,30,12,2016-05-11
6117666160,2016-04-15 11:00:00,104.29389312977099,86,137,262,11,2016-04-15
6117666160,2016-04-15 12:00:00,100.09073359073359,82,123,518,12,2016-04-15
6117666160,2016-04-15 13:00:00,93.86236559139785,78,112,465,13,2016-04-15
6117666160,2016-04-15 14:00:00,100.26730310262529,85,126,419,14,2016-04-15
6117666160,2016-04-15 15:00:00,99.463133640553,83,119,434,15,2016-04-15
6117666160,2016-04-15 16:00:00,102.44753747323341,70,134,467,16,2016-04-15
6117666160,2016-04-15 17:00:00,104.60810810810811,89,120,444,17,2016-04-15
6117666160,2016-04-15 18:00:00,98.64876957494407,85,119,447,18,2016-04-15
6117666160,2016-04-15 19:00:00,99.39024390243902,76,121,451,19,2016-04-15
6117666160,2016-04-15 20:00:00,103.55402750491159,81,123,509,20,2016-04-15
6117666160,2016-04-15 21:00:00,93.78365384615384,77,113,416,21,2016-04-15
6117666160,2016-04-15 22:00:00,82.59574468085107,70,101,235,22,2016-04-15
6117666160,2016-04-15 23:00:00,81.82712765957447,57,125,376,23,2016-04-15
6117666160,2016-04-16 00:00:00,83.13941018766756,68,108,373,0,2016-04-16
6117666160,2016-04-16 01:00:00,81.11705685618729,69,95,299,1,2016-04-16
6117666160,2016-04-16 02:00:00,83.4077380952381,75,97,336,2,2016-04-16
6117666160,2016-04-16 03:00:00,76.15774647887324,64,103,355,3,2016-04-16
6117666160,2016-04-16 04:00:00,71.78134110787173,62,91,343,4,2016-04-16
6117666160,2016-04-16 05:00:00,67.20977011494253,57,92,348,5,2016-04-16
6117666160,2016-04-16 06:00:00,63.275080906148865,54,100,309,6,2016-04-16
6117666160,2016-04-16 07:00:00,74.12531969309462,56,113,391,7,2016-04-16
6117666160,2016-04-16 08:00:00,97.73291925465838,78,124,483,8,2016-04-16
6117666160,2016-04-16 09:00:00,90.90927835051546,73,110,485,9,2016-04-16
6117666160,2016-04-16 10:00:00,96.3953934740883,80,115,521,10,2016-04-16
6117666160,2016-04-16 11:00:00,91.14285714285714,77,114,483,11,2016-04-16
6117666160,2016-04-16 12:00:00,94.7710843373494,78,110,498,12,2016-04-16
6117666160,2016-04-16 13:00:00,92.89194915254237,79,110,472,13,2016-04-16
6117666160,2016-04-16 14:00:00,87.3731343283582,68,109,402,14,2016-04-16
6117666160,2016-04-16 15:00:00,94.53862660944206,81,109,466,15,2016-04-16
6117666160,2016-04-16 16:00:00,91.7281795511222,69,114,401,16,2016-04-16
6117666160,2016-04-16 17:00:00,91.10218978102189,70,110,411,17,2016-04-16
6117666160,2016-04-16 18:00:00,87.24311926605505,70,118,436,18,2016-04-16
6117666160,2016-04-16 19:00:00,82.97323600973236,70,101,411,19,2016-04-16
6117666160,2016-04-16 20:00:00,99.0719794344473,78,155,389,20,2016-04-16
6117666160,2016-04-16 21:00:00,77.62179487179488,72,87,312,21,2016-04-16
6117666160,2016-04-16 22:00:00,96.75725593667546,72,128,379,22,2016-04-16
6117666160,2016-04-16 23:00:00,90.12207792207792,74,111,385,23,2016-04-16
6117666160,2016-04-17 00:00:00,90.23822714681441,79,105,361,0,2016-04-17
6117666160,2016-04-17 01:00:00,91.79800498753117,63,121,401,1,2016-04-17
6117666160,2016-04-17 02:00:00,83.34491315136476,68,96,403,2,2016-04-17
6117666160,2016-04-17 03:00:00,78.83109919571045,64,101,373,3,2016-04-17
6117666160,2016-04-17 04:00:00,82.22255192878339,66,93,337,4,2016-04-17
6117666160,2016-04-17 05:00:00,87.02890173410404,77,119,346,5,2016-04-17
6117666160,2016-04-17 06:00:00,88.04504504504504,71,96,333,6,2016-04-17
6117666160,2016-04-17 07:00:00,83.75,68,114,348,7,2016-04-17
6117666160,2016-04-17 08:00:00,79.41752577319588,60,125,388,8,2016-04-17
6117666160,2016-04-17 09:00:00,74.5485564304462,64,108,381,9,2016-04-17
6117666160,2016-04-17 10:00:00,74.28260869565217,61,88,368,10,2016-04-17
6117666160,2016-04-17 11:00:00,84.17602040816327,68,102,392,11,2016-04-17
6117666160,2016-04-17 12:00:00,90.52147239263803,59,114,326,12,2016-04-17
6117666160,2016-04-17 13:00:00,98.6797385620915,80,130,459,13,2016-04-17
6117666160,2016-04-17 14:00:00,93.09154929577464,85,103,284,14,2016-04-17
6117666160,2016-04-17 15:00:00,93.61083743842364,78,109,203,15,2016-04-17
6117666160,2016-04-17 16:00:00,70.99065420560747,63,81,107,16,2016-04-17
6117666160,2016-04-17 18:00:00,74.35714285714286,63,95,14,18,2016-04-17
6117666160,2016-04-18 13:00:00,96.82971014492753,70,116,276,13,2016-04-18
6117666160,2016-04-18 14:00:00,88.42539682539683,70,105,315,14,2016-04-18
6117666160,2016-04-18 15:00:00,83.62720403022671,73,108,397,15,2016-04-18
6117666160,2016-04-18 16:00:00,85.30632911392405,70,100,395,16,2016-04-18
6117666160,2016-04-18 17:00:00,84.79582366589327,66,114,431,17,2016-04-18
6117666160,2016-04-18 18:00:00,81.1025,66,108,400,18,2016-04-18
6117666160,2016-04-18 19:00:00,85.24330357142857,62,105,448,19,2016-04-18
6117666160,2016-04-18 20:00:00,78.90751445086705,62,115,346,20,2016-04-18
6117666160,2016-04-18 21:00:00,73.35593220338983,61,82,354,21,2016-04-18
6117666160,2016-04-18 22:00:00,77.47769028871392,63,104,381,22,2016-04-18
6117666160,2016-04-18 23:00:00,80.05497382198953,62,115,382,23,2016-04-18
6117666160,2016-04-19 00:00:00,75.23076923076923,67,97,325,0,2016-04-19
6117666160,2016-04-19 01:00:00,75.73860182370821,64,85,329,1,2016-04-19
6117666160,2016-04-19 02:00:00,68.25217391304348,61,79,345,2,2016-04-19
6117666160,2016-04-19 03:00:00,67.71084337349397,59,93,332,3,2016-04-19
6117666160,2016-04-19 04:00:00,61.8056338028169,53,75,355,4,2016-04-19
6117666160,2016-04-19 05:00:00,60.722063037249285,53,91,349,5,2016-04-19
6117666160,2016-04-19 06:00:00,59.79178885630498,53,87,341,6,2016-04-19
6117666160,2016-04-19 07:00:00,62.42178770949721,54,121,358,7,2016-04-19
6117666160,2016-04-19 08:00:00,88.89516129032258,54,113,372,8,2016-04-19
6117666160,2016-04-19 09:00:00,83.07446808510639,62,119,376,9,2016-04-19
6117666160,2016-04-19 10:00:00,95.48803827751196,70,117,418,10,2016-04-19
6117666160,2016-04-19 11:00:00,87.82742316784869,66,115,423,11,2016-04-19
6117666160,2016-04-19 12:00:00,84.74074074074075,65,112,351,12,2016-04-19
6117666160,2016-04-19 13:00:00,92.7994722955145,76,109,379,13,2016-04-19
6117666160,2016-04-19 14:00:00,91.27464788732394,65,110,426,14,2016-04-19
6117666160,2016-04-19 15:00:00,97.65962441314554,82,116,426,15,2016-04-19
6117666160,2016-04-19 16:00:00,98.07042253521126,70,119,426,16,2016-04-19
6117666160,2016-04-19 17:00:00,98.7170626349892,79,124,463,17,2016-04-19
6117666160,2016-04-19 18:00:00,93.38297872340425,68,118,423,18,2016-04-19
6117666160,2016-04-19 19:00:00,95.54923413566739,78,116,457,19,2016-04-19
6117666160,2016-04-19 20:00:00,94.25961538461539,66,117,416,20,2016-04-19
6117666160,2016-04-19 21:00:00,83.40633245382585,64,116,379,21,2016-04-19
6117666160,2016-04-19 22:00:00,80.59946236559139,62,101,372,22,2016-04-19
6117666160,2016-04-19 23:00:00,79.85975609756098,65,116,328,23,2016-04-19
6117666160,2016-04-20 00:00:00,82.59740259740259,69,97,308,0,2016-04-20
6117666160,2016-04-20 01:00:00,83.70915032679738,66,99,306,1,2016-04-20
6117666160,2016-04-20 02:00:00,68.158357771261,56,87,341,2,2016-04-20
6117666160,2016-04-20 03:00:00,68.26878612716763,59,87,346,3,2016-04-20
6117666160,2016-04-20 04:00:00,61.55840455840456,52,84,351,4,2016-04-20
6117666160,2016-04-20 05:00:00,65.12571428571428,55,80,350,5,2016-04-20
6117666160,2016-04-20 06:00:00,61.91784702549575,52,84,353,6,2016-04-20
6117666160,2016-04-20 07:00:00,72.63427109974424,55,101,391,7,2016-04-20
6117666160,2016-04-20 08:00:00,82.09045226130654,68,123,398,8,2016-04-20
6117666160,2016-04-20 09:00:00,85.82227488151659,69,105,422,9,2016-04-20
6117666160,2016-04-20 10:00:00,90.8369304556355,75,110,417,10,2016-04-20
6117666160,2016-04-20 11:00:00,86.67164179104478,72,107,402,11,2016-04-20
6117666160,2016-04-20 12:00:00,89.71733966745843,76,106,421,12,2016-04-20
6117666160,2016-04-20 13:00:00,90.1746835443038,78,105,395,13,2016-04-20
6117666160,2016-04-20 14:00:00,91.18867924528301,71,112,424,14,2016-04-20
6117666160,2016-04-20 15:00:00,106.09032258064516,75,181,465,15,2016-04-20
6117666160,2016-04-20 16:00:00,119.45887445887446,82,180,462,16,2016-04-20
6117666160,2016-04-20 17:00:00,93.98029556650246,80,115,406,17,2016-04-20
6117666160,2016-04-20 18:00:00,99.03529411764706,70,115,340,18,2016-04-20
6117666160,2016-04-20 19:00:00,96.02,81,113,400,19,2016-04-20
6117666160,2016-04-20 20:00:00,93.46315789473684,79,114,380,20,2016-04-20
6117666160,2016-04-20 21:00:00,84.53977272727273,73,98,352,21,2016-04-20
6117666160,2016-04-20 22:00:00,78.1731843575419,71,89,358,22,2016-04-20
6117666160,2016-04-20 23:00:00,78.28172588832487,62,97,394,23,2016-04-20
6117666160,2016-04-21 00:00:00,74.07418397626112,64,88,337,0,2016-04-21
6117666160,2016-04-21 01:00:00,67.80289855072463,57,82,345,1,2016-04-21
6117666160,2016-04-21 02:00:00,62.25519287833828,55,76,337,2,2016-04-21
6117666160,2016-04-21 03:00:00,60.773743016759774,53,110,358,3,2016-04-21
6117666160,2016-04-21 04:00:00,65.07714285714286,56,92,350,4,2016-04-21
6117666160,2016-04-21 05:00:00,61.705882352941174,52,80,340,5,2016-04-21
6117666160,2016-04-21 06:00:00,63.279761904761905,54,89,336,6,2016-04-21
6117666160,2016-04-21 07:00:00,63.54651162790697,54,84,344,7,2016-04-21
6117666160,2016-04-21 08:00:00,65.47398843930635,55,83,346,8,2016-04-21
6117666160,2016-04-21 09:00:00,81.71046228710462,66,103,411,9,2016-04-21
6117666160,2016-04-21 10:00:00,102.97858672376874,64,154,467,10,2016-04-21
6117666160,2016-04-21 11:00:00,85.765625,65,99,320,11,2016-04-21
6117666160,2016-04-21 12:00:00,95.17370892018779,77,132,426,12,2016-04-21
6117666160,2016-04-21 13:00:00,93.23110151187905,76,116,463,13,2016-04-21
6117666160,2016-04-21 14:00:00,92.07191011235955,60,118,445,14,2016-04-21
6117666160,2016-04-21 15:00:00,89.47084233261339,62,113,463,15,2016-04-21
6117666160,2016-04-21 16:00:00,88.33018867924528,75,116,212,16,2016-04-21
6117666160,2016-04-21 17:00:00,85.95175438596492,65,104,228,17,2016-04-21
6117666160,2016-04-21 21:00:00,88.13725490196079,74,109,102,21,2016-04-21
6117666160,2016-04-21 22:00:00,83.9795918367347,69,98,392,22,2016-04-21
6117666160,2016-04-21 23:00:00,83.14213197969544,69,97,394,23,2016-04-21
6117666160,2016-04-22 00:00:00,93.36813186813187,84,108,364,0,2016-04-22
6117666160,2016-04-22 01:00:00,93.46428571428571,76,109,336,1,2016-04-22
6117666160,2016-04-22 02:00:00,76.25742574257426,71,97,303,2,2016-04-22
6117666160,2016-04-22 03:00:00,73.84705882352941,61,94,340,3,2016-04-22
6117666160,2016-04-22 04:00:00,72.51470588235294,65,86,340,4,2016-04-22
6117666160,2016-04-22 05:00:00,65.22636103151862,56,88,349,5,2016-04-22
6117666160,2016-04-22 06:00:00,62.190751445086704,53,92,346,6,2016-04-22
6117666160,2016-04-22 07:00:00,68.5982905982906,56,100,351,7,2016-04-22
6117666160,2016-04-22 08:00:00,63.059322033898304,55,90,354,8,2016-04-22
6117666160,2016-04-22 09:00:00,72.66756756756757,56,101,370,9,2016-04-22
6117666160,2016-04-22 10:00:00,85.26746987951807,70,100,415,10,2016-04-22
6117666160,2016-04-22 11:00:00,85.8688524590164,72,105,366,11,2016-04-22
6117666160,2016-04-22 12:00:00,91.23741007194245,69,123,278,12,2016-04-22
6117666160,2016-04-22 13:00:00,86.16152019002375,67,113,421,13,2016-04-22
6117666160,2016-04-22 14:00:00,82.30295566502463,69,108,406,14,2016-04-22
6117666160,2016-04-22 15:00:00,87.4066985645933,70,108,418,15,2016-04-22
6117666160,2016-04-22 16:00:00,87.65816326530613,72,107,392,16,2016-04-22
6117666160,2016-04-22 17:00:00,90.88139534883722,68,139,430,17,2016-04-22
6117666160,2016-04-22 18:00:00,89.17782909930716,61,111,433,18,2016-04-22
6117666160,2016-04-22 19:00:00,95.34057971014492,81,113,414,19,2016-04-22
6117666160,2016-04-22 20:00:00,94.20823798627002,77,113,437,20,2016-04-22
6117666160,2016-04-22 21:00:00,83.22738386308069,64,100,409,21,2016-04-22
6117666160,2016-04-22 22:00:00,76.70076726342711,61,108,391,22,2016-04-22
6117666160,2016-04-22 23:00:00,72.61318051575931,64,95,349,23,2016-04-22
6117666160,2016-04-23 00:00:00,70.20578778135048,61,78,311,0,2016-04-23
6117666160,2016-04-23 01:00:00,71.40361445783132,62,87,332,1,2016-04-23
6117666160,2016-04-23 02:00:00,68.27613941018767,57,95,373,2,2016-04-23
6117666160,2016-04-23 03:00:00,62.718654434250766,55,87,327,3,2016-04-23
6117666160,2016-04-23 04:00:00,62.0,54,76,330,4,2016-04-23
6117666160,2016-04-23 05:00:00,63.66954022988506,55,71,348,5,2016-04-23
6117666160,2016-04-23 06:00:00,61.554545454545455,55,94,330,6,2016-04-23
6117666160,2016-04-23 07:00:00,68.12328767123287,55,102,365,7,2016-04-23
6117666160,2016-04-23 08:00:00,82.74,64,107,400,8,2016-04-23
6117666160,2016-04-23 09:00:00,89.96235294117648,77,112,425,9,2016-04-23
6117666160,2016-04-23 10:00:00,88.08053691275168,75,108,447,10,2016-04-23
6117666160,2016-04-23 11:00:00,90.76419213973799,79,113,458,11,2016-04-23
6117666160,2016-04-23 12:00:00,92.0139211136891,77,108,431,12,2016-04-23
6117666160,2016-04-23 13:00:00,90.33333333333333,75,116,420,13,2016-04-23
6117666160,2016-04-23 14:00:00,88.68348623853211,62,108,436,14,2016-04-23
6117666160,2016-04-23 15:00:00,90.65188470066519,65,121,451,15,2016-04-23
6117666160,2016-04-23 16:00:00,91.15765765765765,70,114,444,16,2016-04-23
6117666160,2016-04-23 17:00:00,88.74530271398747,62,111,479,17,2016-04-23
6117666160,2016-04-23 18:00:00,89.9375,69,111,432,18,2016-04-23
6117666160,2016-04-23 19:00:00,85.86015831134564,72,105,379,19,2016-04-23
6117666160,2016-04-23 20:00:00,87.9829268292683,57,118,410,20,2016-04-23
6117666160,2016-04-23 21:00:00,81.33153638814017,72,95,371,21,2016-04-23
6117666160,2016-04-23 22:00:00,80.79444444444445,67,92,360,22,2016-04-23
6117666160,2016-04-23 23:00:00,88.29667519181585,69,119,391,23,2016-04-23
6117666160,2016-04-24 00:00:00,84.8943488943489,69,129,407,0,2016-04-24
6117666160,2016-04-24 01:00:00,84.09948979591837,69,118,392,1,2016-04-24
6117666160,2016-04-24 02:00:00,79.82080924855491,66,92,346,2,2016-04-24
6117666160,2016-04-24 03:00:00,77.97058823529412,68,96,340,3,2016-04-24
6117666160,2016-04-24 04:00:00,75.0392749244713,59,89,331,4,2016-04-24
6117666160,2016-04-24 05:00:00,69.74311926605505,59,78,327,5,2016-04-24
6117666160,2016-04-24 06:00:00,71.20298507462687,56,95,335,6,2016-04-24
6117666160,2016-04-24 07:00:00,75.08498583569406,55,95,353,7,2016-04-24
6117666160,2016-04-24 08:00:00,83.47043701799485,57,115,389,8,2016-04-24
6117666160,2016-04-24 09:00:00,93.30622009569377,78,115,418,9,2016-04-24
6117666160,2016-04-24 10:00:00,99.07239819004525,83,115,442,10,2016-04-24
6117666160,2016-04-24 11:00:00,86.6540404040404,60,102,396,11,2016-04-24
6117666160,2016-04-24 12:00:00,93.43835616438356,73,110,438,12,2016-04-24
6117666160,2016-04-24 13:00:00,93.75851393188854,78,111,323,13,2016-04-24
6117666160,2016-04-24 14:00:00,90.45614035087719,87,97,57,14,2016-04-24
6117666160,2016-04-24 15:00:00,96.66666666666667,88,100,27,15,2016-04-24
6117666160,2016-04-24 18:00:00,70.0,70,70,4,18,2016-04-24
6117666160,2016-04-24 19:00:00,70.0,70,70,6,19,2016-04-24
6117666160,2016-04-26 07:00:00,94.9047619047619,70,122,21,7,2016-04-26
6117666160,2016-04-26 08:00:00,86.8840579710145,71,107,414,8,2016-04-26
6117666160,2016-04-26 09:00:00,81.15083798882682,66,111,358,9,2016-04-26
6117666160,2016-04-26 10:00:00,76.68711656441718,60,87,326,10,2016-04-26
6117666160,2016-04-26 11:00:00,87.46197183098592,69,112,355,11,2016-04-26
6117666160,2016-04-26 12:00:00,95.9304347826087,77,116,460,12,2016-04-26
6117666160,2016-04-26 13:00:00,92.89376443418014,67,112,433,13,2016-04-26
6117666160,2016-04-26 14:00:00,89.71390374331551,67,106,374,14,2016-04-26
6117666160,2016-04-26 15:00:00,97.8,72,124,405,15,2016-04-26
6117666160,2016-04-26 16:00:00,101.7925,69,136,400,16,2016-04-26
6117666160,2016-04-26 17:00:00,98.57826086956521,81,120,460,17,2016-04-26
6117666160,2016-04-26 18:00:00,98.37219730941705,83,115,446,18,2016-04-26
6117666160,2016-04-26 19:00:00,96.72139303482587,84,114,402,19,2016-04-26
6117666160,2016-04-26 20:00:00,96.14489311163895,71,117,421,20,2016-04-26
6117666160,2016-04-26 21:00:00,79.16666666666667,70,103,354,21,2016-04-26
6117666160,2016-04-26 22:00:00,80.33516483516483,68,102,364,22,2016-04-26
6117666160,2016-04-26 23:00:00,79.12664907651715,61,113,379,23,2016-04-26
6117666160,2016-04-27 00:00:00,69.27745664739885,58,86,346,0,2016-04-27
6117666160,2016-04-27 01:00:00,69.51694915254237,59,81,354,1,2016-04-27
6117666160,2016-04-27 02:00:00,63.50284090909091,55,87,352,2,2016-04-27
6117666160,2016-04-27 03:00:00,64.13414634146342,56,83,328,3,2016-04-27
6117666160,2016-04-27 04:00:00,60.92655367231639,54,71,354,4,2016-04-27
6117666160,2016-04-27 05:00:00,62.056497175141246,52,90,354,5,2016-04-27
6117666160,2016-04-27 06:00:00,67.7752808988764,58,87,356,6,2016-04-27
6117666160,2016-04-27 07:00:00,63.78409090909091,53,94,352,7,2016-04-27
6117666160,2016-04-27 08:00:00,71.46814404432133,58,93,361,8,2016-04-27
6117666160,2016-04-27 09:00:00,82.54263565891473,59,110,387,9,2016-04-27
6117666160,2016-04-27 10:00:00,78.97604790419162,65,91,334,10,2016-04-27
6117666160,2016-04-27 11:00:00,90.33170731707317,76,115,410,11,2016-04-27
6117666160,2016-04-27 12:00:00,100.75510204081633,89,119,294,12,2016-04-27
6117666160,2016-04-27 13:00:00,98.27826086956522,82,121,460,13,2016-04-27
6117666160,2016-04-27 14:00:00,94.69837587006961,79,116,431,14,2016-04-27
6117666160,2016-04-27 15:00:00,92.28361344537815,60,115,476,15,2016-04-27
6117666160,2016-04-27 16:00:00,91.20913461538461,66,120,416,16,2016-04-27
6117666160,2016-04-27 17:00:00,98.24703087885986,79,121,421,17,2016-04-27
6117666160,2016-04-27 18:00:00,101.46699266503667,85,126,409,18,2016-04-27
6117666160,2016-04-27 19:00:00,94.59857482185274,78,121,421,19,2016-04-27
6117666160,2016-04-27 20:00:00,95.78752886836028,80,111,433,20,2016-04-27
6117666160,2016-04-27 21:00:00,90.89896373056995,73,119,386,21,2016-04-27
6117666160,2016-04-27 22:00:00,84.72282608695652,62,113,368,22,2016-04-27
6117666160,2016-04-27 23:00:00,85.24932249322494,69,108,369,23,2016-04-27
6117666160,2016-04-28 00:00:00,82.22865853658537,66,94,328,0,2016-04-28
6117666160,2016-04-28 01:00:00,77.16119402985075,63,89,335,1,2016-04-28
6117666160,2016-04-28 02:00:00,68.70414201183432,61,84,338,2,2016-04-28
6117666160,2016-04-28 03:00:00,65.7966573816156,57,106,359,3,2016-04-28
6117666160,2016-04-28 04:00:00,64.6717791411043,55,82,326,4,2016-04-28
6117666160,2016-04-28 05:00:00,61.93471810089021,54,99,337,5,2016-04-28
6117666160,2016-04-28 06:00:00,63.88483146067416,55,83,356,6,2016-04-28
6117666160,2016-04-28 07:00:00,71.13296398891967,62,86,361,7,2016-04-28
6117666160,2016-04-28 08:00:00,77.34625322997417,63,111,387,8,2016-04-28
6117666160,2016-04-28 09:00:00,79.69139465875371,70,110,337,9,2016-04-28
6117666160,2016-04-28 10:00:00,93.79086538461539,72,112,416,10,2016-04-28
6117666160,2016-04-28 11:00:00,78.59386973180077,59,100,261,11,2016-04-28
6117666160,2016-04-28 12:00:00,84.40114613180516,75,94,349,12,2016-04-28
6117666160,2016-04-28 13:00:00,85.06788511749347,72,99,383,13,2016-04-28
6117666160,2016-04-28 14:00:00,85.31564245810056,79,91,358,14,2016-04-28
6117666160,2016-04-28 15:00:00,86.28169014084507,78,108,355,15,2016-04-28
6117666160,2016-04-28 16:00:00,92.9051094890511,66,145,411,16,2016-04-28
6117666160,2016-04-28 17:00:00,95.7016317016317,70,126,429,17,2016-04-28
6117666160,2016-04-28 18:00:00,82.1680216802168,64,100,369,18,2016-04-28
6117666160,2016-04-28 19:00:00,87.37859007832898,69,103,383,19,2016-04-28
6117666160,2016-04-28 20:00:00,90.125,79,100,80,20,2016-04-28
6117666160,2016-04-28 21:00:00,83.75,70,116,104,21,2016-04-28
6117666160,2016-04-28 22:00:00,79.13253012048193,69,95,332,22,2016-04-28
6117666160,2016-04-28 23:00:00,84.28285714285714,76,100,350,23,2016-04-28
6117666160,2016-04-29 00:00:00,73.99140401146131,68,82,349,0,2016-04-29
6117666160,2016-04-29 01:00:00,77.95467422096317,70,87,353,1,2016-04-29
6117666160,2016-04-29 02:00:00,69.57055214723927,60,81,326,2,2016-04-29
6117666160,2016-04-29 03:00:00,64.82507288629738,56,78,343,3,2016-04-29
6117666160,2016-04-29 04:00:00,66.24857142857142,57,79,350,4,2016-04-29
6117666160,2016-04-29 05:00:00,65.88115942028986,56,94,345,5,2016-04-29
6117666160,2016-04-29 06:00:00,62.07365439093484,55,89,353,6,2016-04-29
6117666160,2016-04-29 07:00:00,63.52571428571429,55,89,350,7,2016-04-29
6117666160,2016-04-29 08:00:00,75.56992084432717,56,103,379,8,2016-04-29
6117666160,2016-04-29 09:00:00,79.81632653061224,64,95,294,9,2016-04-29
6117666160,2016-04-29 10:00:00,86.67638483965014,64,115,343,10,2016-04-29
6117666160,2016-04-29 11:00:00,93.22493224932249,66,115,369,11,2016-04-29
6117666160,2016-04-29 12:00:00,97.3589164785553,78,119,443,12,2016-04-29
6117666160,2016-04-29 13:00:00,94.11538461538461,64,116,442,13,2016-04-29
6117666160,2016-04-29 14:00:00,91.24507658643326,74,115,457,14,2016-04-29
6117666160,2016-04-29 15:00:00,90.4151376146789,71,108,436,15,2016-04-29
6117666160,2016-04-29 16:00:00,89.8047619047619,63,114,420,16,2016-04-29
6117666160,2016-04-29 17:00:00,93.01133786848072,73,117,441,17,2016-04-29
6117666160,2016-04-29 18:00:00,90.74029126213593,70,110,412,18,2016-04-29
6117666160,2016-04-29 19:00:00,90.84375,74,109,448,19,2016-04-29
6117666160,2016-04-29 20:00:00,90.54726368159204,69,121,402,20,2016-04-29
6117666160,2016-04-29 21:00:00,77.77807486631016,67,100,374,21,2016-04-29
6117666160,2016-04-29 22:00:00,80.88341968911917,65,98,386,22,2016-04-29
6117666160,2016-04-29 23:00:00,83.06301369863014,74,97,365,23,2016-04-29
6117666160,2016-04-30 00:00:00,92.76190476190476,70,110,147,0,2016-04-30
6117666160,2016-04-30 05:00:00,70.0,70,70,18,5,2016-04-30
6117666160,2016-04-30 09:00:00,74.6,70,79,45,9,2016-04-30
6117666160,2016-04-30 10:00:00,86.21111111111111,66,107,270,10,2016-04-30
6117666160,2016-04-30 11:00:00,81.52820512820513,63,106,390,11,2016-04-30
6117666160,2016-04-30 12:00:00,84.06542056074767,70,100,428,12,2016-04-30
6117666160,2016-04-30 13:00:00,87.53286384976526,76,108,426,13,2016-04-30
6117666160,2016-04-30 14:00:00,86.42786069651741,75,104,402,14,2016-04-30
6117666160,2016-04-30 15:00:00,90.23019801980197,75,126,404,15,2016-04-30
6117666160,2016-04-30 16:00:00,86.22524752475248,66,103,404,16,2016-04-30
6117666160,2016-04-30 17:00:00,88.3389423076923,66,105,416,17,2016-04-30
6117666160,2016-04-30 18:00:00,85.08928571428571,53,102,392,18,2016-04-30
6117666160,2016-04-30 19:00:00,88.38805970149254,58,111,402,19,2016-04-30
6117666160,2016-04-30 20:00:00,89.0692124105012,72,109,419,20,2016-04-30
6117666160,2016-04-30 21:00:00,93.04825737265415,56,189,373,21,2016-04-30
6117666160,2016-04-30 22:00:00,78.70304568527919,63,117,394,22,2016-04-30
6117666160,2016-04-30 23:00:00,67.18980169971671,58,86,353,23,2016-04-30
6117666160,2016-05-01 00:00:00,81.48546511627907,62,98,344,0,2016-05-01
6117666160,2016-05-01 01:00:00,74.33333333333333,62,86,342,1,2016-05-01
6117666160,2016-05-01 02:00:00,78.80710659898477,60,114,394,2,2016-05-01
6117666160,2016-05-01 03:00:00,70.3092485549133,55,79,346,3,2016-05-01
6117666160,2016-05-01 04:00:00,70.7753164556962,60,82,316,4,2016-05-01
6117666160,2016-05-01 05:00:00,68.41296928327645,60,91,293,5,2016-05-01
6117666160,2016-05-01 06:00:00,68.91279069767442,59,88,344,6,2016-05-01
6117666160,2016-05-01 07:00:00,67.04310344827586,56,86,348,7,2016-05-01
6117666160,2016-05-01 08:00:00,69.7122905027933,55,84,358,8,2016-05-01
6117666160,2016-05-01 09:00:00,81.17518248175182,61,108,411,9,2016-05-01
6117666160,2016-05-01 10:00:00,84.84210526315789,67,112,437,10,2016-05-01
6117666160,2016-05-01 11:00:00,88.15420560747664,74,109,428,11,2016-05-01
6117666160,2016-05-01 12:00:00,86.38271604938272,75,101,324,12,2016-05-01
6117666160,2016-05-01 13:00:00,91.4074074074074,80,105,189,13,2016-05-01
6117666160,2016-05-01 14:00:00,89.32075471698113,86,97,53,14,2016-05-01
6117666160,2016-05-01 15:00:00,84.89473684210526,79,94,19,15,2016-05-01
6117666160,2016-05-02 03:00:00,86.86363636363636,61,113,198,3,2016-05-02
6117666160,2016-05-02 04:00:00,87.95973154362416,69,123,447,4,2016-05-02
6117666160,2016-05-02 05:00:00,92.84285714285714,75,110,420,5,2016-05-02
6117666160,2016-05-02 06:00:00,88.2192393736018,69,112,447,6,2016-05-02
6117666160,2016-05-02 07:00:00,93.00952380952381,68,114,420,7,2016-05-02
6117666160,2016-05-02 08:00:00,97.02068965517242,75,114,435,8,2016-05-02
6117666160,2016-05-02 09:00:00,96.43827160493827,72,112,162,9,2016-05-02
6117666160,2016-05-04 18:00:00,102.48397435897436,76,115,312,18,2016-05-04
6117666160,2016-05-04 19:00:00,105.71824480369516,78,122,433,19,2016-05-04
6117666160,2016-05-04 20:00:00,94.36104513064133,68,124,421,20,2016-05-04
6117666160,2016-05-04 21:00:00,87.3733681462141,64,111,383,21,2016-05-04
6117666160,2016-05-04 22:00:00,84.78529411764706,69,106,340,22,2016-05-04
6117666160,2016-05-04 23:00:00,81.65354330708661,62,110,381,23,2016-05-04
6117666160,2016-05-05 00:00:00,83.15697674418605,67,92,344,0,2016-05-05
6117666160,2016-05-05 01:00:00,72.48224852071006,64,88,338,1,2016-05-05
6117666160,2016-05-05 02:00:00,67.6165191740413,57,85,339,2,2016-05-05
6117666160,2016-05-05 03:00:00,64.84240687679083,55,98,349,3,2016-05-05
6117666160,2016-05-05 04:00:00,59.07780979827089,53,83,347,4,2016-05-05
6117666160,2016-05-05 05:00:00,60.09798270893372,53,106,347,5,2016-05-05
6117666160,2016-05-05 06:00:00,62.55807365439094,52,85,353,6,2016-05-05
6117666160,2016-05-05 07:00:00,82.32853717026379,55,118,417,7,2016-05-05
6117666160,2016-05-05 08:00:00,82.37196765498652,66,109,371,8,2016-05-05
6117666160,2016-05-05 09:00:00,95.41906873614191,78,113,451,9,2016-05-05
6117666160,2016-05-05 10:00:00,92.417943107221,62,114,457,10,2016-05-05
6117666160,2016-05-05 11:00:00,98.21852731591449,83,116,421,11,2016-05-05
6117666160,2016-05-05 12:00:00,91.54394299287411,63,117,421,12,2016-05-05
6117666160,2016-05-05 13:00:00,90.4009324009324,63,113,429,13,2016-05-05
6117666160,2016-05-05 14:00:00,91.84615384615384,70,116,416,14,2016-05-05
6117666160,2016-05-05 15:00:00,95.32696897374701,72,114,419,15,2016-05-05
6117666160,2016-05-05 16:00:00,98.62807881773399,81,116,406,16,2016-05-05
6117666160,2016-05-05 17:00:00,93.36040609137056,68,111,394,17,2016-05-05
6117666160,2016-05-05 18:00:00,91.16937354988399,73,120,431,18,2016-05-05
6117666160,2016-05-05 19:00:00,92.5680751173709,81,108,426,19,2016-05-05
6117666160,2016-05-05 20:00:00,90.31336405529954,78,103,434,20,2016-05-05
6117666160,2016-05-05 21:00:00,81.6584699453552,72,94,366,21,2016-05-05
6117666160,2016-05-05 22:00:00,90.74759615384616,67,116,416,22,2016-05-05
6117666160,2016-05-05 23:00:00,80.97507788161994,65,91,321,23,2016-05-05
6117666160,2016-05-06 00:00:00,79.01618122977347,63,99,309,0,2016-05-06
6117666160,2016-05-06 01:00:00,71.90265486725664,55,85,339,1,2016-05-06
6117666160,2016-05-06 02:00:00,66.92358803986711,58,86,301,2,2016-05-06
6117666160,2016-05-06 03:00:00,64.33333333333333,57,76,123,3,2016-05-06
6117666160,2016-05-06 04:00:00,61.611111111111114,58,66,54,4,2016-05-06
6117666160,2016-05-06 05:00:00,61.47692307692308,54,82,130,5,2016-05-06
6117666160,2016-05-06 13:00:00,78.0,65,84,26,13,2016-05-06
6117666160,2016-05-06 18:00:00,90.76368876080691,74,126,347,18,2016-05-06
6117666160,2016-05-06 19:00:00,85.3730964467005,69,110,394,19,2016-05-06
6117666160,2016-05-06 20:00:00,78.47311827956989,62,91,372,20,2016-05-06
6117666160,2016-05-06 21:00:00,79.50381679389314,64,91,393,21,2016-05-06
6117666160,2016-05-06 22:00:00,75.55555555555556,62,92,342,22,2016-05-06
6117666160,2016-05-06 23:00:00,71.10198300283287,63,81,353,23,2016-05-06
6117666160,2016-05-07 00:00:00,78.61556603773585,61,106,424,0,2016-05-07
6117666160,2016-05-07 01:00:00,67.24566473988439,56,80,346,1,2016-05-07
6117666160,2016-05-07 02:00:00,73.49142857142857,60,91,350,2,2016-05-07
6117666160,2016-05-07 03:00:00,72.88760806916426,56,92,347,3,2016-05-07
6117666160,2016-05-07 04:00:00,68.56269113149847,59,83,327,4,2016-05-07
6117666160,2016-05-07 05:00:00,64.56571428571428,54,95,350,5,2016-05-07
6117666160,2016-05-07 06:00:00,65.91379310344827,55,104,348,6,2016-05-07
6117666160,2016-05-07 07:00:00,68.85792349726776,56,108,366,7,2016-05-07
6117666160,2016-05-07 08:00:00,87.1589861751152,71,105,434,8,2016-05-07
6117666160,2016-05-07 09:00:00,88.16055045871559,75,108,436,9,2016-05-07
6117666160,2016-05-07 10:00:00,92.70212765957447,65,112,423,10,2016-05-07
6117666160,2016-05-07 11:00:00,100.43028846153847,76,117,416,11,2016-05-07
6117666160,2016-05-07 12:00:00,94.672,67,114,375,12,2016-05-07
6117666160,2016-05-07 13:00:00,100.0325,79,122,400,13,2016-05-07
6117666160,2016-05-07 14:00:00,104.03140096618357,85,121,414,14,2016-05-07
6117666160,2016-05-07 15:00:00,93.86269430051813,81,108,386,15,2016-05-07
6117666160,2016-05-07 16:00:00,88.6761658031088,65,107,386,16,2016-05-07
6117666160,2016-05-07 17:00:00,91.625,68,118,400,17,2016-05-07
6117666160,2016-05-07 18:00:00,82.21917808219177,66,122,365,18,2016-05-07
6117666160,2016-05-07 19:00:00,82.13101604278074,63,99,374,19,2016-05-07
6117666160,2016-05-07 20:00:00,85.51963746223565,74,93,331,20,2016-05-07
6117666160,2016-05-07 21:00:00,89.80453257790369,71,126,353,21,2016-05-07
6117666160,2016-05-07 22:00:00,82.51008645533142,76,90,347,22,2016-05-07
6117666160,2016-05-07 23:00:00,73.7485549132948,61,97,346,23,2016-05-07
6117666160,2016-05-08 00:00:00,76.22133333333333,64,98,375,0,2016-05-08
6117666160,2016-05-08 01:00:00,73.09509202453988,52,86,326,1,2016-05-08
6117666160,2016-05-08 02:00:00,66.62647058823529,58,84,340,2,2016-05-08
6117666160,2016-05-08 03:00:00,66.7810650887574,55,83,338,3,2016-05-08
6117666160,2016-05-08 04:00:00,67.74052478134111,55,93,343,4,2016-05-08
6117666160,2016-05-08 05:00:00,64.58166189111748,55,86,349,5,2016-05-08
6117666160,2016-05-08 06:00:00,64.56851311953353,55,92,343,6,2016-05-08
6117666160,2016-05-08 07:00:00,66.60171919770774,57,93,349,7,2016-05-08
6117666160,2016-05-08 08:00:00,70.81899109792285,57,86,337,8,2016-05-08
6117666160,2016-05-08 09:00:00,88.6578313253012,64,118,415,9,2016-05-08
6117666160,2016-05-08 10:00:00,91.20289855072464,79,108,414,10,2016-05-08
6117666160,2016-05-08 11:00:00,89.19,70,106,400,11,2016-05-08
6117666160,2016-05-08 12:00:00,87.68215158924205,72,103,409,12,2016-05-08
6117666160,2016-05-08 13:00:00,87.12718204488777,65,105,401,13,2016-05-08
6117666160,2016-05-08 14:00:00,81.7275204359673,57,101,367,14,2016-05-08
6117666160,2016-05-08 15:00:00,92.38651685393259,77,113,445,15,2016-05-08
6117666160,2016-05-08 16:00:00,86.32701421800948,57,116,422,16,2016-05-08
6117666160,2016-05-08 17:00:00,92.97274633123689,63,114,477,17,2016-05-08
6117666160,2016-05-08 18:00:00,94.37938144329897,68,111,485,18,2016-05-08
6117666160,2016-05-08 19:00:00,75.77513227513228,63,95,378,19,2016-05-08
6117666160,2016-05-08 20:00:00,80.52247191011236,67,94,356,20,2016-05-08
6117666160,2016-05-08 21:00:00,87.61647727272727,74,106,352,21,2016-05-08
6117666160,2016-05-08 22:00:00,91.05023923444976,67,115,418,22,2016-05-08
6117666160,2016-05-08 23:00:00,80.06586826347305,71,94,334,23,2016-05-08
6117666160,2016-05-09 00:00:00,74.1976401179941,63,100,339,0,2016-05-09
6117666160,2016-05-09 01:00:00,67.9483870967742,57,79,310,1,2016-05-09
6117666160,2016-05-09 02:00:00,63.217514124293785,54,103,354,2,2016-05-09
6117666160,2016-05-09 03:00:00,62.476323119777156,54,85,359,3,2016-05-09
6117666160,2016-05-09 04:00:00,64.72571428571429,58,102,350,4,2016-05-09
6117666160,2016-05-09 05:00:00,60.96820809248555,52,102,346,5,2016-05-09
6117666160,2016-05-09 06:00:00,64.22985074626865,54,82,335,6,2016-05-09
6117666160,2016-05-09 07:00:00,77.16341463414633,53,105,410,7,2016-05-09
6117666160,2016-05-09 08:00:00,83.35609756097561,70,104,410,8,2016-05-09
6117666160,2016-05-09 09:00:00,89.74707259953162,75,108,427,9,2016-05-09
6117666160,2016-05-09 10:00:00,88.08131868131868,67,106,455,10,2016-05-09
6117666160,2016-05-09 11:00:00,88.39583333333333,75,100,432,11,2016-05-09
6117666160,2016-05-09 12:00:00,94.13002364066193,66,113,423,12,2016-05-09
6775888955,2016-04-13 02:00:00,76.86065573770492,63,106,122,2,2016-04-13
6775888955,2016-04-13 03:00:00,66.07430340557275,56,90,323,3,2016-04-13
6775888955,2016-04-13 04:00:00,69.55270655270655,58,135,351,4,2016-04-13
6775888955,2016-04-13 05:00:00,66.63323782234957,57,82,349,5,2016-04-13
6775888955,2016-04-13 06:00:00,65.24927536231884,55,102,345,6,2016-04-13
6775888955,2016-04-13 07:00:00,77.66230366492147,59,119,382,7,2016-04-13
6775888955,2016-04-13 08:00:00,96.15789473684211,64,130,380,8,2016-04-13
6775888955,2016-04-13 09:00:00,77.39889196675901,67,90,361,9,2016-04-13
6775888955,2016-04-13 10:00:00,85.49397590361446,73,101,83,10,2016-04-13
6775888955,2016-04-13 16:00:00,70.0,70,70,8,16,2016-04-13
6775888955,2016-04-13 18:00:00,70.0,70,70,2,18,2016-04-13
6775888955,2016-04-13 19:00:00,100.3587786259542,89,116,131,19,2016-04-13
6775888955,2016-04-13 20:00:00,96.675,83,132,400,20,2016-04-13
6775888955,2016-04-13 21:00:00,88.88642659279779,79,104,361,21,2016-04-13
6775888955,2016-04-13 22:00:00,99.87055837563452,82,124,394,22,2016-04-13
6775888955,2016-04-13 23:00:00,93.59366754617415,72,116,379,23,2016-04-13
6775888955,2016-04-14 00:00:00,76.4367816091954,69,89,348,0,2016-04-14
6775888955,2016-04-14 01:00:00,75.0632530120482,67,96,332,1,2016-04-14
6775888955,2016-04-14 02:00:00,73.18181818181819,62,102,352,2,2016-04-14
6775888955,2016-04-14 03:00:00,69.27696793002916,59,92,343,3,2016-04-14
6775888955,2016-04-14 04:00:00,69.25,60,90,344,4,2016-04-14
6775888955,2016-04-14 05:00:00,65.54335260115607,58,75,346,5,2016-04-14
6775888955,2016-04-14 06:00:00,65.29411764705883,57,98,357,6,2016-04-14
6775888955,2016-04-14 07:00:00,75.17941952506597,57,121,379,7,2016-04-14
6775888955,2016-04-14 08:00:00,86.05568445475637,61,134,431,8,2016-04-14
6775888955,2016-04-14 09:00:00,72.54068241469817,61,105,381,9,2016-04-14
6775888955,2016-04-14 10:00:00,75.90180878552971,62,119,387,10,2016-04-14
6775888955,2016-04-14 11:00:00,71.68713450292398,60,87,342,11,2016-04-14
6775888955,2016-04-14 12:00:00,93.34362934362935,67,118,259,12,2016-04-14
6775888955,2016-04-14 20:00:00,111.30817610062893,70,126,318,20,2016-04-14
6775888955,2016-04-14 21:00:00,93.8883495145631,77,126,412,21,2016-04-14
6775888955,2016-04-14 22:00:00,86.76407506702412,69,108,373,22,2016-04-14
6775888955,2016-04-14 23:00:00,88.2886075949367,78,120,395,23,2016-04-14
6775888955,2016-04-15 00:00:00,81.5625,73,97,352,0,2016-04-15
6775888955,2016-04-15 01:00:00,82.43354430379746,67,94,316,1,2016-04-15
6775888955,2016-04-15 02:00:00,76.91784702549575,68,87,353,2,2016-04-15
6775888955,2016-04-15 03:00:00,73.27089337175792,66,91,347,3,2016-04-15
6775888955,2016-04-15 04:00:00,73.35446685878962,66,92,347,4,2016-04-15
6775888955,2016-04-15 05:00:00,72.81481481481481,66,80,351,5,2016-04-15
6775888955,2016-04-15 06:00:00,72.52173913043478,62,100,345,6,2016-04-15
6775888955,2016-04-15 07:00:00,96.24479166666667,69,122,384,7,2016-04-15
6775888955,2016-04-15 08:00:00,94.61559139784946,69,126,372,8,2016-04-15
6775888955,2016-04-15 09:00:00,79.51836734693877,68,116,245,9,2016-04-15
6775888955,2016-04-15 12:00:00,79.29629629629629,70,103,27,12,2016-04-15
6775888955,2016-04-15 13:00:00,75.0,70,80,8,13,2016-04-15
6775888955,2016-04-15 14:00:00,70.0,70,70,2,14,2016-04-15
6775888955,2016-04-15 16:00:00,94.66666666666667,70,107,6,16,2016-04-15
6775888955,2016-04-16 18:00:00,108.18575063613231,91,126,393,18,2016-04-16
6775888955,2016-04-16 19:00:00,110.24468085106383,93,143,188,19,2016-04-16
6775888955,2016-04-16 20:00:00,113.0,113,113,4,20,2016-04-16
6775888955,2016-04-16 21:00:00,70.0,70,70,2,21,2016-04-16
6775888955,2016-04-16 23:00:00,70.0,70,70,2,23,2016-04-16
6775888955,2016-04-17 01:00:00,70.0,70,70,4,1,2016-04-17
6775888955,2016-04-17 06:00:00,70.0,70,70,2,6,2016-04-17
6775888955,2016-04-17 07:00:00,70.0,70,70,2,7,2016-04-17
6775888955,2016-04-17 08:00:00,103.7279792746114,89,118,386,8,2016-04-17
6775888955,2016-04-17 09:00:00,98.82666666666667,90,108,75,9,2016-04-17
6775888955,2016-04-18 09:00:00,85.22222222222223,76,114,54,9,2016-04-18
6775888955,2016-04-18 10:00:00,81.82555282555282,66,118,407,10,2016-04-18
6775888955,2016-04-18 11:00:00,106.89678899082568,72,132,436,11,2016-04-18
6775888955,2016-04-18 12:00:00,104.09429824561404,85,130,456,12,2016-04-18
6775888955,2016-04-18 13:00:00,99.15778251599147,80,122,469,13,2016-04-18
6775888955,2016-04-18 14:00:00,95.5734126984127,81,116,504,14,2016-04-18
6775888955,2016-04-18 15:00:00,100.02926829268293,83,117,205,15,2016-04-18
6775888955,2016-04-18 16:00:00,78.66666666666667,70,83,6,16,2016-04-18
6775888955,2016-04-18 20:00:00,83.0,83,83,6,20,2016-04-18
6775888955,2016-04-18 22:00:00,159.66666666666666,151,177,6,22,2016-04-18
6775888955,2016-04-19 00:00:00,116.875,70,177,16,0,2016-04-19
6775888955,2016-04-19 01:00:00,70.0,70,70,4,1,2016-04-19
6775888955,2016-04-19 06:00:00,72.66666666666667,66,76,6,6,2016-04-19
6775888955,2016-04-20 06:00:00,118.0220588235294,108,134,136,6,2016-04-20
6775888955,2016-04-20 07:00:00,103.20476190476191,70,140,420,7,2016-04-20
6775888955,2016-04-20 08:00:00,99.16243654822335,73,137,394,8,2016-04-20
6775888955,2016-04-20 09:00:00,106.73478260869565,74,140,230,9,2016-04-20
6775888955,2016-04-20 10:00:00,108.765625,85,121,192,10,2016-04-20
6775888955,2016-04-20 11:00:00,110.94272076372314,84,128,419,11,2016-04-20
6775888955,2016-04-20 12:00:00,102.37823834196891,81,124,386,12,2016-04-20
6775888955,2016-04-20 13:00:00,104.40291262135922,81,126,412,13,2016-04-20
6775888955,2016-04-20 14:00:00,99.87637969094922,86,123,453,14,2016-04-20
6775888955,2016-04-20 15:00:00,109.96305418719211,89,155,406,15,2016-04-20
6775888955,2016-04-20 16:00:00,110.18937644341801,85,130,433,16,2016-04-20
6775888955,2016-04-20 17:00:00,103.13978494623656,72,117,372,17,2016-04-20
6775888955,2016-04-20 18:00:00,108.46323529411765,89,126,136,18,2016-04-20
6775888955,2016-04-22 07:00:00,110.8695652173913,103,123,23,7,2016-04-22
6775888955,2016-04-22 08:00:00,89.4384858044164,66,116,317,8,2016-04-22
6775888955,2016-04-24 11:00:00,111.58666666666667,98,121,150,11,2016-04-24
6775888955,2016-04-24 12:00:00,113.0,113,113,4,12,2016-04-24
6775888955,2016-04-24 16:00:00,84.33333333333333,70,113,6,16,2016-04-24
6775888955,2016-04-24 17:00:00,70.0,70,70,4,17,2016-04-24
6775888955,2016-04-24 18:00:00,109.95081967213115,94,140,183,18,2016-04-24
6775888955,2016-04-25 09:00:00,118.70921985815603,107,131,141,9,2016-04-25
6775888955,2016-04-25 10:00:00,93.79506172839505,73,124,405,10,2016-04-25
6775888955,2016-04-25 11:00:00,88.82151029748283,71,117,437,11,2016-04-25
6775888955,2016-04-25 12:00:00,96.63654223968565,70,124,509,12,2016-04-25
6775888955,2016-04-25 13:00:00,94.32330827067669,70,127,266,13,2016-04-25
6775888955,2016-04-25 15:00:00,70.0,70,70,2,15,2016-04-25
6775888955,2016-04-25 18:00:00,70.0,70,70,2,18,2016-04-25
6775888955,2016-04-25 21:00:00,64.46511627906976,58,70,43,21,2016-04-25
6775888955,2016-04-26 05:00:00,116.51136363636364,94,143,264,5,2016-04-26
6775888955,2016-04-26 06:00:00,117.55254237288136,87,143,295,6,2016-04-26
6775888955,2016-04-26 07:00:00,87.0,87,87,2,7,2016-04-26
6775888955,2016-04-26 08:00:00,103.30263157894737,75,131,380,8,2016-04-26
6775888955,2016-04-26 09:00:00,92.24324324324324,72,124,74,9,2016-04-26
6775888955,2016-04-26 10:00:00,71.1,70,74,20,10,2016-04-26
6775888955,2016-04-26 11:00:00,64.5945945945946,60,75,74,11,2016-04-26
6775888955,2016-04-26 12:00:00,72.29,56,92,300,12,2016-04-26
6775888955,2016-04-26 13:00:00,65.36206896551724,61,70,58,13,2016-04-26
6775888955,2016-04-26 17:00:00,66.0,66,66,2,17,2016-04-26
6775888955,2016-04-26 18:00:00,114.98666666666666,66,133,75,18,2016-04-26
6775888955,2016-04-26 19:00:00,115.99065420560747,107,134,107,19,2016-04-26
6775888955,2016-04-28 02:00:00,70.0,70,70,2,2,2016-04-28
6775888955,2016-04-28 07:00:00,70.0,70,70,4,7,2016-04-28
6775888955,2016-04-28 08:00:00,70.0,70,70,2,8,2016-04-28
6775888955,2016-04-28 13:00:00,113.21428571428571,70,134,42,13,2016-04-28
6775888955,2016-04-28 14:00:00,106.31836734693877,75,133,245,14,2016-04-28
6775888955,2016-04-28 16:00:00,70.0,70,70,8,16,2016-04-28
6775888955,2016-04-28 18:00:00,70.0,70,70,4,18,2016-04-28
6775888955,2016-04-28 20:00:00,76.0,76,76,2,20,2016-04-28
6775888955,2016-04-29 06:00:00,89.0,89,89,2,6,2016-04-29
6775888955,2016-04-29 08:00:00,70.0,70,70,2,8,2016-04-29
6775888955,2016-04-29 14:00:00,71.2,71,72,5,14,2016-04-29
6775888955,2016-04-29 16:00:00,88.0,70,109,10,16,2016-04-29
6775888955,2016-04-30 06:00:00,70.0,70,70,2,6,2016-04-30
6775888955,2016-04-30 09:00:00,70.0,70,70,10,9,2016-04-30
6775888955,2016-04-30 16:00:00,70.0,70,70,8,16,2016-04-30
6775888955,2016-04-30 19:00:00,110.6829268292683,70,125,246,19,2016-04-30
6775888955,2016-04-30 20:00:00,91.8966565349544,84,106,329,20,2016-04-30
6775888955,2016-04-30 21:00:00,100.08436724565757,89,117,403,21,2016-04-30
6775888955,2016-04-30 22:00:00,91.01291989664082,68,117,387,22,2016-04-30
6775888955,2016-04-30 23:00:00,93.01173708920187,82,115,426,23,2016-04-30
6775888955,2016-05-01 00:00:00,99.70048309178743,78,126,207,0,2016-05-01
6775888955,2016-05-01 01:00:00,78.0,70,94,12,1,2016-05-01
6775888955,2016-05-01 09:00:00,70.0,70,70,4,9,2016-05-01
6775888955,2016-05-01 10:00:00,70.0,70,70,2,10,2016-05-01
6775888955,2016-05-01 12:00:00,105.72644376899696,70,125,329,12,2016-05-01
6775888955,2016-05-01 13:00:00,119.31896551724138,112,129,116,13,2016-05-01
6775888955,2016-05-01 16:00:00,105.27586206896552,70,129,174,16,2016-05-01
6775888955,2016-05-01 17:00:00,113.31535269709543,89,127,241,17,2016-05-01
6775888955,2016-05-06 18:00:00,99.74242424242425,71,132,396,18,2016-05-06
6775888955,2016-05-06 19:00:00,99.24857142857142,85,121,350,19,2016-05-06
6775888955,2016-05-06 20:00:00,105.2935064935065,84,135,385,20,2016-05-06
6775888955,2016-05-06 21:00:00,100.2425,80,129,400,21,2016-05-06
6775888955,2016-05-06 22:00:00,95.7625,80,114,400,22,2016-05-06
6775888955,2016-05-06 23:00:00,93.14035087719299,73,128,399,23,2016-05-06
6775888955,2016-05-07 00:00:00,111.06024096385542,100,118,83,0,2016-05-07
6775888955,2016-05-07 07:00:00,101.94634146341464,70,117,205,7,2016-05-07
6775888955,2016-05-07 08:00:00,97.13625866050808,83,118,433,8,2016-05-07
6775888955,2016-05-07 09:00:00,83.70670391061452,74,92,358,9,2016-05-07
6775888955,2016-05-07 10:00:00,84.25,76,94,48,10,2016-05-07
6962181067,2016-04-12 00:00:00,72.9746835443038,66,88,316,0,2016-04-12
6962181067,2016-04-12 01:00:00,71.08064516129032,67,96,310,1,2016-04-12
6962181067,2016-04-12 02:00:00,70.05177993527508,60,78,309,2,2016-04-12
6962181067,2016-04-12 03:00:00,67.90789473684211,64,82,304,3,2016-04-12
6962181067,2016-04-12 04:00:00,64.00325732899023,60,70,307,4,2016-04-12
6962181067,2016-04-12 05:00:00,66.56466876971609,60,85,317,5,2016-04-12
6962181067,2016-04-12 06:00:00,68.02121212121212,61,86,330,6,2016-04-12
6962181067,2016-04-12 07:00:00,77.72463768115942,65,98,414,7,2016-04-12
6962181067,2016-04-12 08:00:00,74.09189189189189,59,96,370,8,2016-04-12
6962181067,2016-04-12 09:00:00,106.40207156308851,65,134,1062,9,2016-04-12
6962181067,2016-04-12 10:00:00,118.879848628193,80,176,1057,10,2016-04-12
6962181067,2016-04-12 11:00:00,81.99492385786802,70,102,394,11,2016-04-12
6962181067,2016-04-12 12:00:00,75.18684210526315,68,91,380,12,2016-04-12
6962181067,2016-04-12 13:00:00,75.47293447293447,67,97,351,13,2016-04-12
6962181067,2016-04-12 14:00:00,75.64,68,89,350,14,2016-04-12
6962181067,2016-04-12 15:00:00,76.11764705882354,67,98,340,15,2016-04-12
6962181067,2016-04-12 16:00:00,78.15831134564644,65,110,379,16,2016-04-12
6962181067,2016-04-12 17:00:00,83.96992481203007,65,106,399,17,2016-04-12
6962181067,2016-04-12 18:00:00,91.82835820895522,73,111,402,18,2016-04-12
6962181067,2016-04-12 19:00:00,94.68778280542986,47,122,442,19,2016-04-12
6962181067,2016-04-12 20:00:00,100.0,100,100,3,20,2016-04-12
6962181067,2016-04-12 22:00:00,74.6734693877551,64,115,294,22,2016-04-12
6962181067,2016-04-12 23:00:00,80.04371584699453,71,99,366,23,2016-04-12
6962181067,2016-04-13 00:00:00,77.41533546325878,72,94,313,0,2016-04-13
6962181067,2016-04-13 01:00:00,79.30461538461539,73,106,325,1,2016-04-13
6962181067,2016-04-13 02:00:00,82.6993670886076,74,95,316,2,2016-04-13
6962181067,2016-04-13 03:00:00,84.38291139240506,76,95,316,3,2016-04-13
6962181067,2016-04-13 04:00:00,77.53636363636363,70,101,330,4,2016-04-13
6962181067,2016-04-13 05:00:00,74.33434650455926,69,86,329,5,2016-04-13
6962181067,2016-04-13 06:00:00,72.1859756097561,67,90,328,6,2016-04-13
6962181067,2016-04-13 07:00:00,73.00931677018633,67,97,322,7,2016-04-13
6962181067,2016-04-13 08:00:00,78.01388888888889,67,100,360,8,2016-04-13
6962181067,2016-04-13 09:00:00,78.15160349854227,72,98,343,9,2016-04-13
6962181067,2016-04-13 10:00:00,73.56586826347305,67,87,334,10,2016-04-13
6962181067,2016-04-13 11:00:00,71.978125,68,97,320,11,2016-04-13
6962181067,2016-04-13 12:00:00,81.25935828877006,73,96,374,12,2016-04-13
6962181067,2016-04-13 13:00:00,92.0,77,116,107,13,2016-04-13
6962181067,2016-04-13 14:00:00,81.68131868131869,70,133,182,14,2016-04-13
6962181067,2016-04-13 15:00:00,90.6926406926407,73,112,462,15,2016-04-13
6962181067,2016-04-13 16:00:00,82.8688524590164,73,98,427,16,2016-04-13
6962181067,2016-04-13 17:00:00,92.87577639751552,65,120,483,17,2016-04-13
6962181067,2016-04-13 18:00:00,92.28165938864629,71,149,458,18,2016-04-13
6962181067,2016-04-13 19:00:00,77.88046647230321,68,93,343,19,2016-04-13
6962181067,2016-04-13 20:00:00,83.91962174940899,59,106,423,20,2016-04-13
6962181067,2016-04-13 21:00:00,76.52445652173913,69,94,368,21,2016-04-13
6962181067,2016-04-13 22:00:00,81.48711340206185,70,103,388,22,2016-04-13
6962181067,2016-04-13 23:00:00,68.4095238095238,61,84,315,23,2016-04-13
6962181067,2016-04-14 00:00:00,66.01980198019803,63,73,303,0,2016-04-14
6962181067,2016-04-14 01:00:00,69.49375,64,88,320,1,2016-04-14
6962181067,2016-04-14 02:00:00,68.5945945945946,64,83,296,2,2016-04-14
6962181067,2016-04-14 03:00:00,66.17821782178218,62,83,303,3,2016-04-14
6962181067,2016-04-14 04:00:00,65.984375,63,81,320,4,2016-04-14
6962181067,2016-04-14 05:00:00,66.25,60,101,332,5,2016-04-14
6962181067,2016-04-14 06:00:00,67.63057324840764,63,93,314,6,2016-04-14
6962181067,2016-04-14 07:00:00,66.578125,61,90,320,7,2016-04-14
6962181067,2016-04-14 08:00:00,74.22739726027397,62,100,365,8,2016-04-14
6962181067,2016-04-14 09:00:00,75.69773299748111,61,104,397,9,2016-04-14
6962181067,2016-04-14 10:00:00,73.62459546925567,66,87,309,10,2016-04-14
6962181067,2016-04-14 11:00:00,71.68627450980392,62,91,357,11,2016-04-14
6962181067,2016-04-14 12:00:00,77.04166666666667,63,98,384,12,2016-04-14
6962181067,2016-04-14 13:00:00,71.70056497175142,64,86,354,13,2016-04-14
6962181067,2016-04-14 14:00:00,69.00581395348837,60,87,344,14,2016-04-14
6962181067,2016-04-14 15:00:00,71.13903743315508,60,93,374,15,2016-04-14
6962181067,2016-04-14 16:00:00,63.37891737891738,55,76,351,16,2016-04-14
6962181067,2016-04-14 17:00:00,68.51851851851852,58,131,216,17,2016-04-14
6962181067,2016-04-14 18:00:00,69.75504322766571,60,84,347,18,2016-04-14
6962181067,2016-04-14 19:00:00,70.50279329608938,65,80,358,19,2016-04-14
6962181067,2016-04-14 20:00:00,74.13066666666667,63,95,375,20,2016-04-14
6962181067,2016-04-14 21:00:00,69.7768361581921,62,83,354,21,2016-04-14
6962181067,2016-04-14 22:00:00,74.77747252747253,63,109,364,22,2016-04-14
6962181067,2016-04-14 23:00:00,66.25,62,76,332,23,2016-04-14
6962181067,2016-04-15 00:00:00,65.54029850746268,59,91,335,0,2016-04-15
6962181067,2016-04-15 01:00:00,62.875838926174495,59,68,298,1,2016-04-15
6962181067,2016-04-15 02:00:00,62.461783439490446,59,74,314,2,2016-04-15
6962181067,2016-04-15 03:00:00,60.938311688311686,57,74,308,3,2016-04-15
6962181067,2016-04-15 04:00:00,61.44407894736842,57,67,304,4,2016-04-15
6962181067,2016-04-15 05:00:00,60.352739726027394,57,86,292,5,2016-04-15
6962181067,2016-04-15 06:00:00,62.68535825545171,54,93,321,6,2016-04-15
6962181067,2016-04-15 07:00:00,86.45701357466064,67,113,442,7,2016-04-15
6962181067,2016-04-15 08:00:00,84.56572769953051,62,107,426,8,2016-04-15
6962181067,2016-04-15 09:00:00,92.59243697478992,66,115,476,9,2016-04-15
6962181067,2016-04-15 10:00:00,69.35752688172043,57,79,372,10,2016-04-15
6962181067,2016-04-15 11:00:00,81.27394209354121,60,107,449,11,2016-04-15
6962181067,2016-04-15 12:00:00,78.60574412532637,68,101,383,12,2016-04-15
6962181067,2016-04-15 13:00:00,71.84943181818181,60,84,352,13,2016-04-15
6962181067,2016-04-15 14:00:00,72.29945054945055,62,91,364,14,2016-04-15
6962181067,2016-04-15 15:00:00,67.9570200573066,57,81,349,15,2016-04-15
6962181067,2016-04-15 16:00:00,67.26031746031747,62,73,315,16,2016-04-15
6962181067,2016-04-15 17:00:00,69.52439024390245,63,88,328,17,2016-04-15
6962181067,2016-04-15 18:00:00,80.64483627204031,62,105,397,18,2016-04-15
6962181067,2016-04-15 19:00:00,71.75783475783476,62,89,351,19,2016-04-15
6962181067,2016-04-15 20:00:00,74.86842105263158,68,89,190,20,2016-04-15
6962181067,2016-04-15 21:00:00,75.23809523809524,71,88,336,21,2016-04-15
6962181067,2016-04-15 22:00:00,73.60567823343848,65,83,317,22,2016-04-15
6962181067,2016-04-15 23:00:00,72.26190476190476,67,95,336,23,2016-04-15
6962181067,2016-04-16 00:00:00,68.9390243902439,63,81,328,0,2016-04-16
6962181067,2016-04-16 01:00:00,66.50662251655629,59,82,302,1,2016-04-16
6962181067,2016-04-16 02:00:00,62.32394366197183,59,67,284,2,2016-04-16
6962181067,2016-04-16 03:00:00,62.77597402597402,59,69,308,3,2016-04-16
6962181067,2016-04-16 04:00:00,60.79233226837061,55,69,313,4,2016-04-16
6962181067,2016-04-16 05:00:00,61.23202614379085,56,73,306,5,2016-04-16
6962181067,2016-04-16 06:00:00,61.006711409395976,57,67,298,6,2016-04-16
6962181067,2016-04-16 07:00:00,67.53703703703704,59,91,324,7,2016-04-16
6962181067,2016-04-16 08:00:00,89.21767241379311,72,114,464,8,2016-04-16
6962181067,2016-04-16 09:00:00,113.38603425559947,87,142,1518,9,2016-04-16
6962181067,2016-04-16 10:00:00,96.31827515400411,72,126,487,10,2016-04-16
6962181067,2016-04-16 11:00:00,88.86167800453515,69,107,441,11,2016-04-16
6962181067,2016-04-16 12:00:00,81.82901554404145,69,108,386,12,2016-04-16
6962181067,2016-04-16 13:00:00,76.74084507042254,62,100,355,13,2016-04-16
6962181067,2016-04-16 14:00:00,74.91061452513966,68,89,358,14,2016-04-16
6962181067,2016-04-16 15:00:00,83.14975845410628,69,105,414,15,2016-04-16
6962181067,2016-04-16 16:00:00,80.4517766497462,71,95,394,16,2016-04-16
6962181067,2016-04-16 17:00:00,81.0498753117207,69,113,401,17,2016-04-16
6962181067,2016-04-16 18:00:00,82.555,67,97,400,18,2016-04-16
6962181067,2016-04-16 19:00:00,92.33411214953271,69,134,428,19,2016-04-16
6962181067,2016-04-16 20:00:00,76.67132867132867,66,102,286,20,2016-04-16
6962181067,2016-04-16 21:00:00,70.28448275862068,63,81,348,21,2016-04-16
6962181067,2016-04-16 22:00:00,68.64480874316939,63,86,366,22,2016-04-16
6962181067,2016-04-16 23:00:00,67.55795148247978,60,93,371,23,2016-04-16
6962181067,2016-04-17 00:00:00,63.564625850340136,60,72,294,0,2016-04-17
6962181067,2016-04-17 01:00:00,63.705298013245034,59,68,302,1,2016-04-17
6962181067,2016-04-17 02:00:00,64.54966887417218,59,81,302,2,2016-04-17
6962181067,2016-04-17 03:00:00,66.02884615384616,61,81,312,3,2016-04-17
6962181067,2016-04-17 04:00:00,64.43464052287581,59,89,306,4,2016-04-17
6962181067,2016-04-17 05:00:00,63.85034013605442,58,79,294,5,2016-04-17
6962181067,2016-04-17 06:00:00,64.34129692832765,61,83,293,6,2016-04-17
6962181067,2016-04-17 07:00:00,72.45180722891567,58,96,332,7,2016-04-17
6962181067,2016-04-17 08:00:00,84.11899313501144,61,116,437,8,2016-04-17
6962181067,2016-04-17 09:00:00,83.9068493150685,69,139,365,9,2016-04-17
6962181067,2016-04-17 10:00:00,80.54441913439635,61,110,439,10,2016-04-17
6962181067,2016-04-17 11:00:00,76.82380952380953,60,110,420,11,2016-04-17
6962181067,2016-04-17 12:00:00,84.50862068965517,63,104,464,12,2016-04-17
6962181067,2016-04-17 13:00:00,76.90361445783132,65,107,415,13,2016-04-17
6962181067,2016-04-17 14:00:00,75.1264367816092,63,89,348,14,2016-04-17
6962181067,2016-04-17 15:00:00,91.65918367346939,68,122,490,15,2016-04-17
6962181067,2016-04-17 16:00:00,91.74285714285715,69,113,455,16,2016-04-17
6962181067,2016-04-17 17:00:00,84.10421286031043,64,104,451,17,2016-04-17
6962181067,2016-04-17 18:00:00,83.28947368421052,62,112,456,18,2016-04-17
6962181067,2016-04-17 19:00:00,85.18933333333334,66,132,375,19,2016-04-17
6962181067,2016-04-17 21:00:00,73.74074074074075,59,118,54,21,2016-04-17
6962181067,2016-04-17 22:00:00,66.84225352112676,60,80,355,22,2016-04-17
6962181067,2016-04-17 23:00:00,64.40849673202614,59,75,306,23,2016-04-17
6962181067,2016-04-18 00:00:00,65.29893238434164,60,75,281,0,2016-04-18
6962181067,2016-04-18 01:00:00,63.131832797427656,59,72,311,1,2016-04-18
6962181067,2016-04-18 02:00:00,63.724919093851135,59,68,309,2,2016-04-18
6962181067,2016-04-18 03:00:00,63.965408805031444,58,92,318,3,2016-04-18
6962181067,2016-04-18 04:00:00,59.303225806451614,55,63,310,4,2016-04-18
6962181067,2016-04-18 05:00:00,61.490625,55,75,320,5,2016-04-18
6962181067,2016-04-18 06:00:00,61.17307692307692,55,75,312,6,2016-04-18
6962181067,2016-04-18 07:00:00,81.2004716981132,63,108,424,7,2016-04-18
6962181067,2016-04-18 08:00:00,80.61940298507463,62,109,402,8,2016-04-18
6962181067,2016-04-18 09:00:00,72.15934065934066,59,111,364,9,2016-04-18
6962181067,2016-04-18 10:00:00,72.37270341207349,60,113,381,10,2016-04-18
6962181067,2016-04-18 11:00:00,105.84317718940937,72,128,491,11,2016-04-18
6962181067,2016-04-18 12:00:00,92.4566037735849,62,119,795,12,2016-04-18
6962181067,2016-04-18 13:00:00,77.93239436619719,66,96,355,13,2016-04-18
6962181067,2016-04-18 14:00:00,68.58255451713396,61,75,321,14,2016-04-18
6962181067,2016-04-18 15:00:00,78.30690537084399,60,111,391,15,2016-04-18
6962181067,2016-04-18 16:00:00,87.20137299771167,68,106,437,16,2016-04-18
6962181067,2016-04-18 17:00:00,84.70676691729324,68,105,399,17,2016-04-18
6962181067,2016-04-18 18:00:00,79.47630922693267,62,103,401,18,2016-04-18
6962181067,2016-04-18 19:00:00,83.71008403361344,70,110,238,19,2016-04-18
6962181067,2016-04-18 22:00:00,85.27631578947368,67,134,76,22,2016-04-18
6962181067,2016-04-18 23:00:00,63.30275229357798,57,76,327,23,2016-04-18
6962181067,2016-04-19 00:00:00,62.48494983277592,59,76,299,0,2016-04-19
6962181067,2016-04-19 01:00:00,61.20748299319728,58,64,294,1,2016-04-19
6962181067,2016-04-19 02:00:00,63.800632911392405,59,84,316,2,2016-04-19
6962181067,2016-04-19 03:00:00,63.017361111111114,59,75,288,3,2016-04-19
6962181067,2016-04-19 04:00:00,65.31189710610933,58,77,311,4,2016-04-19
6962181067,2016-04-19 05:00:00,60.937106918238996,58,80,318,5,2016-04-19
6962181067,2016-04-19 06:00:00,64.3944099378882,59,76,322,6,2016-04-19
6962181067,2016-04-19 07:00:00,66.68167202572347,62,84,311,7,2016-04-19
6962181067,2016-04-19 08:00:00,86.04634146341463,62,117,410,8,2016-04-19
6962181067,2016-04-19 09:00:00,92.38815789473684,64,135,456,9,2016-04-19
6962181067,2016-04-19 10:00:00,105.84848484848484,75,130,429,10,2016-04-19
6962181067,2016-04-19 11:00:00,77.28795811518324,63,97,382,11,2016-04-19
6962181067,2016-04-19 12:00:00,74.33137829912023,67,83,341,12,2016-04-19
6962181067,2016-04-19 13:00:00,76.87064676616916,62,107,402,13,2016-04-19
6962181067,2016-04-19 14:00:00,77.8015873015873,67,97,378,14,2016-04-19
6962181067,2016-04-19 15:00:00,89.5456570155902,70,112,449,15,2016-04-19
6962181067,2016-04-19 16:00:00,92.45687645687646,64,127,429,16,2016-04-19
6962181067,2016-04-19 17:00:00,91.61743341404359,67,122,413,17,2016-04-19
6962181067,2016-04-19 18:00:00,75.8361204013378,64,117,299,18,2016-04-19
6962181067,2016-04-19 19:00:00,79.84478371501272,67,99,393,19,2016-04-19
6962181067,2016-04-19 20:00:00,74.81770833333333,63,87,384,20,2016-04-19
6962181067,2016-04-19 21:00:00,73.11607142857143,65,87,336,21,2016-04-19
6962181067,2016-04-19 22:00:00,76.30882352941177,70,86,340,22,2016-04-19
6962181067,2016-04-19 23:00:00,69.42628205128206,60,84,312,23,2016-04-19
6962181067,2016-04-20 00:00:00,64.43382352941177,61,71,272,0,2016-04-20
6962181067,2016-04-20 01:00:00,65.64263322884013,59,74,319,1,2016-04-20
6962181067,2016-04-20 02:00:00,61.74074074074074,58,66,297,2,2016-04-20
6962181067,2016-04-20 03:00:00,62.015325670498086,59,74,261,3,2016-04-20
6962181067,2016-04-20 04:00:00,63.35338345864662,58,75,266,4,2016-04-20
6962181067,2016-04-20 05:00:00,61.62323943661972,56,68,284,5,2016-04-20
6962181067,2016-04-20 06:00:00,66.53538461538461,61,81,325,6,2016-04-20
6962181067,2016-04-20 07:00:00,81.0702947845805,68,99,441,7,2016-04-20
6962181067,2016-04-20 08:00:00,82.63063063063063,62,117,444,8,2016-04-20
6962181067,2016-04-20 09:00:00,101.71153846153847,72,124,468,9,2016-04-20
6962181067,2016-04-20 10:00:00,94.679203539823,66,137,452,10,2016-04-20
6962181067,2016-04-20 11:00:00,82.0485651214128,66,101,453,11,2016-04-20
6962181067,2016-04-20 12:00:00,86.93705035971223,69,99,556,12,2016-04-20
6962181067,2016-04-20 13:00:00,68.07980049875312,62,79,401,13,2016-04-20
6962181067,2016-04-20 14:00:00,66.055,53,90,400,14,2016-04-20
6962181067,2016-04-20 15:00:00,76.68893528183716,50,95,479,15,2016-04-20
6962181067,2016-04-20 16:00:00,65.87738419618529,58,73,367,16,2016-04-20
6962181067,2016-04-20 17:00:00,74.52054794520548,55,121,219,17,2016-04-20
6962181067,2016-04-20 18:00:00,80.8896551724138,65,115,435,18,2016-04-20
6962181067,2016-04-20 19:00:00,73.9612188365651,62,104,361,19,2016-04-20
6962181067,2016-04-20 20:00:00,83.34422110552764,62,121,398,20,2016-04-20
6962181067,2016-04-20 21:00:00,63.075581395348834,54,80,344,21,2016-04-20
6962181067,2016-04-20 22:00:00,63.09649122807018,53,79,342,22,2016-04-20
6962181067,2016-04-20 23:00:00,62.9,57,80,300,23,2016-04-20
6962181067,2016-04-21 00:00:00,65.91935483870968,63,73,248,0,2016-04-21
6962181067,2016-04-21 01:00:00,67.00803212851406,64,69,249,1,2016-04-21
6962181067,2016-04-21 02:00:00,63.702508960573475,60,80,279,2,2016-04-21
6962181067,2016-04-21 03:00:00,65.48039215686275,55,98,306,3,2016-04-21
6962181067,2016-04-21 04:00:00,57.81350482315113,49,84,311,4,2016-04-21
6962181067,2016-04-21 05:00:00,59.95070422535211,55,67,284,5,2016-04-21
6962181067,2016-04-21 06:00:00,62.033557046979865,57,77,298,6,2016-04-21
6962181067,2016-04-21 07:00:00,83.65116279069767,65,107,473,7,2016-04-21
6962181067,2016-04-21 08:00:00,79.81647058823529,64,101,425,8,2016-04-21
6962181067,2016-04-21 09:00:00,91.43702290076335,60,115,524,9,2016-04-21
6962181067,2016-04-21 10:00:00,108.2316384180791,73,156,531,10,2016-04-21
6962181067,2016-04-21 11:00:00,85.14685314685315,65,102,429,11,2016-04-21
6962181067,2016-04-21 12:00:00,128.86858475894246,78,173,1286,12,2016-04-21
6962181067,2016-04-21 13:00:00,88.29972752043597,68,107,367,13,2016-04-21
6962181067,2016-04-21 14:00:00,74.22702702702702,62,88,370,14,2016-04-21
6962181067,2016-04-21 15:00:00,67.44474393530997,58,82,371,15,2016-04-21
6962181067,2016-04-21 16:00:00,83.31603773584905,58,118,424,16,2016-04-21
6962181067,2016-04-21 17:00:00,71.53239436619718,57,100,355,17,2016-04-21
6962181067,2016-04-21 18:00:00,76.31604938271605,60,99,405,18,2016-04-21
6962181067,2016-04-21 19:00:00,68.14647887323943,59,77,355,19,2016-04-21
6962181067,2016-04-21 20:00:00,65.43,58,81,100,20,2016-04-21
6962181067,2016-04-21 21:00:00,71.58108108108108,64,79,74,21,2016-04-21
6962181067,2016-04-21 22:00:00,68.48725212464589,62,81,353,22,2016-04-21
6962181067,2016-04-21 23:00:00,64.61515151515151,57,89,330,23,2016-04-21
6962181067,2016-04-22 00:00:00,61.76897689768977,59,67,303,0,2016-04-22
6962181067,2016-04-22 01:00:00,62.83673469387755,59,69,294,1,2016-04-22
6962181067,2016-04-22 02:00:00,62.30249110320285,58,69,281,2,2016-04-22
6962181067,2016-04-22 03:00:00,60.669934640522875,56,68,306,3,2016-04-22
6962181067,2016-04-22 04:00:00,60.07717041800643,55,65,311,4,2016-04-22
6962181067,2016-04-22 05:00:00,63.02875399361022,56,75,313,5,2016-04-22
6962181067,2016-04-22 06:00:00,64.66772151898734,58,82,316,6,2016-04-22
6962181067,2016-04-22 07:00:00,87.08126410835214,69,107,443,7,2016-04-22
6962181067,2016-04-22 08:00:00,77.60406091370558,64,98,394,8,2016-04-22
6962181067,2016-04-22 09:00:00,100.1713747645951,64,129,531,9,2016-04-22
6962181067,2016-04-22 10:00:00,79.93956043956044,67,121,364,10,2016-04-22
6962181067,2016-04-22 11:00:00,80.27839643652561,62,111,449,11,2016-04-22
6962181067,2016-04-22 12:00:00,120.79827915869981,64,169,1046,12,2016-04-22
6962181067,2016-04-22 13:00:00,76.02005730659026,64,92,349,13,2016-04-22
6962181067,2016-04-22 14:00:00,73.43410852713178,65,93,387,14,2016-04-22
6962181067,2016-04-22 15:00:00,67.99513381995133,56,90,411,15,2016-04-22
6962181067,2016-04-22 16:00:00,77.48430493273543,60,107,446,16,2016-04-22
6962181067,2016-04-22 17:00:00,75.13716814159292,63,102,452,17,2016-04-22
6962181067,2016-04-22 18:00:00,79.04639175257732,66,99,388,18,2016-04-22
6962181067,2016-04-22 19:00:00,74.66402116402116,60,102,378,19,2016-04-22
6962181067,2016-04-22 20:00:00,76.75384615384615,70,84,65,20,2016-04-22
6962181067,2016-04-22 21:00:00,67.42774566473989,57,124,173,21,2016-04-22
6962181067,2016-04-22 22:00:00,68.42339832869081,62,82,359,22,2016-04-22
6962181067,2016-04-22 23:00:00,64.41503267973856,60,75,306,23,2016-04-22
6962181067,2016-04-23 00:00:00,61.138047138047135,57,65,297,0,2016-04-23
6962181067,2016-04-23 01:00:00,63.268,62,66,250,1,2016-04-23
6962181067,2016-04-23 02:00:00,63.39442231075697,55,67,251,2,2016-04-23
6962181067,2016-04-23 03:00:00,58.60357142857143,53,63,280,3,2016-04-23
6962181067,2016-04-23 04:00:00,58.468152866242036,52,74,314,4,2016-04-23
6962181067,2016-04-23 05:00:00,59.53105590062112,53,67,322,5,2016-04-23
6962181067,2016-04-23 06:00:00,60.64375,55,85,320,6,2016-04-23
6962181067,2016-04-23 07:00:00,62.06687898089172,55,84,314,7,2016-04-23
6962181067,2016-04-23 08:00:00,83.24881516587678,61,111,422,8,2016-04-23
6962181067,2016-04-23 09:00:00,122.1401189689359,85,152,1513,9,2016-04-23
6962181067,2016-04-23 10:00:00,96.49785407725322,75,125,233,10,2016-04-23
6962181067,2016-04-23 11:00:00,76.5130890052356,66,101,382,11,2016-04-23
6962181067,2016-04-23 12:00:00,78.27751196172248,62,103,418,12,2016-04-23
6962181067,2016-04-23 13:00:00,77.81796690307328,67,102,423,13,2016-04-23
6962181067,2016-04-23 14:00:00,87.8322440087146,68,112,459,14,2016-04-23
6962181067,2016-04-23 15:00:00,86.42954545454545,70,106,440,15,2016-04-23
6962181067,2016-04-23 16:00:00,92.2004132231405,70,114,484,16,2016-04-23
6962181067,2016-04-23 17:00:00,102.8619957537155,75,118,471,17,2016-04-23
6962181067,2016-04-23 18:00:00,86.77027027027027,74,117,370,18,2016-04-23
6962181067,2016-04-23 19:00:00,89.8677130044843,71,111,446,19,2016-04-23
6962181067,2016-04-23 20:00:00,79.41981132075472,67,109,424,20,2016-04-23
6962181067,2016-04-23 21:00:00,76.48735632183909,63,97,435,21,2016-04-23
6962181067,2016-04-23 22:00:00,69.976,64,85,375,22,2016-04-23
6962181067,2016-04-23 23:00:00,82.07981220657277,60,105,213,23,2016-04-23
6962181067,2016-04-24 00:00:00,58.1656050955414,51,66,314,0,2016-04-24
6962181067,2016-04-24 01:00:00,57.721875,53,78,320,1,2016-04-24
6962181067,2016-04-24 02:00:00,59.73076923076923,55,71,312,2,2016-04-24
6962181067,2016-04-24 03:00:00,60.182410423452765,52,81,307,3,2016-04-24
6962181067,2016-04-24 04:00:00,56.848101265822784,49,81,316,4,2016-04-24
6962181067,2016-04-24 05:00:00,58.784982935153586,53,66,293,5,2016-04-24
6962181067,2016-04-24 06:00:00,59.64353312302839,55,65,317,6,2016-04-24
6962181067,2016-04-24 07:00:00,59.969969969969966,55,67,333,7,2016-04-24
6962181067,2016-04-24 08:00:00,60.654970760233915,50,77,342,8,2016-04-24
6962181067,2016-04-24 09:00:00,74.57560975609756,59,100,410,9,2016-04-24
6962181067,2016-04-24 10:00:00,83.24824355971897,65,114,427,10,2016-04-24
6962181067,2016-04-24 11:00:00,82.3575,69,109,400,11,2016-04-24
6962181067,2016-04-24 12:00:00,81.1217183770883,64,104,419,12,2016-04-24
6962181067,2016-04-24 13:00:00,72.62872628726288,63,95,369,13,2016-04-24
6962181067,2016-04-24 14:00:00,69.79100529100529,61,88,378,14,2016-04-24
6962181067,2016-04-24 15:00:00,63.25935828877005,54,75,374,15,2016-04-24
6962181067,2016-04-24 16:00:00,76.94055201698514,61,104,471,16,2016-04-24
6962181067,2016-04-24 17:00:00,79.08490566037736,65,105,424,17,2016-04-24
6962181067,2016-04-24 18:00:00,75.57110609480813,60,93,443,18,2016-04-24
6962181067,2016-04-24 19:00:00,71.56737588652483,62,89,423,19,2016-04-24
6962181067,2016-04-24 20:00:00,70.10941475826972,53,92,393,20,2016-04-24
6962181067,2016-04-24 21:00:00,65.68652849740933,56,101,386,21,2016-04-24
6962181067,2016-04-24 22:00:00,64.80916030534351,56,95,131,22,2016-04-24
6962181067,2016-04-24 23:00:00,62.665689149560116,57,77,341,23,2016-04-24
6962181067,2016-04-25 00:00:00,61.00677966101695,57,67,295,0,2016-04-25
6962181067,2016-04-25 01:00:00,62.73101265822785,57,83,316,1,2016-04-25
6962181067,2016-04-25 02:00:00,60.42546583850932,55,77,322,2,2016-04-25
6962181067,2016-04-25 03:00:00,59.896907216494846,54,73,291,3,2016-04-25
6962181067,2016-04-25 04:00:00,59.18556701030928,53,85,291,4,2016-04-25
6962181067,2016-04-25 05:00:00,57.74920634920635,51,81,315,5,2016-04-25
6962181067,2016-04-25 06:00:00,58.0059880239521,53,81,334,6,2016-04-25
6962181067,2016-04-25 07:00:00,83.99065420560747,59,107,428,7,2016-04-25
6962181067,2016-04-25 08:00:00,85.87320574162679,67,114,418,8,2016-04-25
6962181067,2016-04-25 09:00:00,83.24249422632795,62,115,433,9,2016-04-25
6962181067,2016-04-25 10:00:00,99.4245939675174,64,128,431,10,2016-04-25
6962181067,2016-04-25 11:00:00,73.77023498694517,62,97,383,11,2016-04-25
6962181067,2016-04-25 12:00:00,91.84702549575071,69,142,706,12,2016-04-25
6962181067,2016-04-25 13:00:00,72.65242165242165,60,87,351,13,2016-04-25
6962181067,2016-04-25 14:00:00,71.39698492462311,61,95,398,14,2016-04-25
6962181067,2016-04-25 15:00:00,72.4765625,59,119,384,15,2016-04-25
6962181067,2016-04-25 16:00:00,80.47874720357942,63,107,447,16,2016-04-25
6962181067,2016-04-25 17:00:00,86.38125,62,119,480,17,2016-04-25
6962181067,2016-04-25 18:00:00,69.82573726541555,56,89,373,18,2016-04-25
6962181067,2016-04-25 19:00:00,74.0,65,94,309,19,2016-04-25
6962181067,2016-04-25 20:00:00,68.171581769437,59,87,373,20,2016-04-25
6962181067,2016-04-25 21:00:00,69.3732590529248,62,78,359,21,2016-04-25
6962181067,2016-04-25 22:00:00,65.26149425287356,56,92,348,22,2016-04-25
6962181067,2016-04-25 23:00:00,59.47402597402598,55,78,308,23,2016-04-25
6962181067,2016-04-26 00:00:00,60.8140350877193,57,70,285,0,2016-04-26
6962181067,2016-04-26 01:00:00,59.965870307167236,55,69,293,1,2016-04-26
6962181067,2016-04-26 02:00:00,57.18248175182482,54,62,274,2,2016-04-26
6962181067,2016-04-26 03:00:00,56.56333333333333,52,61,300,3,2016-04-26
6962181067,2016-04-26 04:00:00,57.95065789473684,51,86,304,4,2016-04-26
6962181067,2016-04-26 05:00:00,58.9113475177305,52,76,282,5,2016-04-26
6962181067,2016-04-26 06:00:00,65.84615384615384,51,98,338,6,2016-04-26
6962181067,2016-04-26 07:00:00,80.12735849056604,64,106,424,7,2016-04-26
6962181067,2016-04-26 08:00:00,78.6201923076923,66,100,416,8,2016-04-26
6962181067,2016-04-26 09:00:00,81.90384615384616,65,109,416,9,2016-04-26
6962181067,2016-04-26 10:00:00,80.31764705882352,63,103,425,10,2016-04-26
6962181067,2016-04-26 11:00:00,84.5181598062954,63,114,413,11,2016-04-26
6962181067,2016-04-26 12:00:00,109.38245614035088,69,140,1425,12,2016-04-26
6962181067,2016-04-26 13:00:00,79.99459459459459,65,108,370,13,2016-04-26
6962181067,2016-04-26 14:00:00,70.71866295264624,60,84,359,14,2016-04-26
6962181067,2016-04-26 15:00:00,68.67237163814181,58,91,409,15,2016-04-26
6962181067,2016-04-26 16:00:00,69.51842105263158,57,94,380,16,2016-04-26
6962181067,2016-04-26 17:00:00,71.76165803108809,58,95,386,17,2016-04-26
6962181067,2016-04-26 18:00:00,75.5580808080808,66,97,396,18,2016-04-26
6962181067,2016-04-26 19:00:00,73.60099750623442,62,92,401,19,2016-04-26
6962181067,2016-04-26 20:00:00,69.7410071942446,58,98,278,20,2016-04-26
6962181067,2016-04-26 22:00:00,71.36,63,94,25,22,2016-04-26
6962181067,2016-04-26 23:00:00,62.25157232704402,57,77,318,23,2016-04-26
6962181067,2016-04-27 00:00:00,65.41554054054055,57,72,296,0,2016-04-27
6962181067,2016-04-27 01:00:00,65.13183279742765,61,87,311,1,2016-04-27
6962181067,2016-04-27 02:00:00,60.371517027863774,55,75,323,2,2016-04-27
6962181067,2016-04-27 03:00:00,59.65615141955836,55,73,317,3,2016-04-27
6962181067,2016-04-27 04:00:00,61.61022364217252,58,70,313,4,2016-04-27
6962181067,2016-04-27 05:00:00,59.99076923076923,56,72,325,5,2016-04-27
6962181067,2016-04-27 06:00:00,63.285714285714285,57,92,308,6,2016-04-27
6962181067,2016-04-27 07:00:00,80.84222737819026,63,98,431,7,2016-04-27
6962181067,2016-04-27 08:00:00,77.90654205607477,61,104,428,8,2016-04-27
6962181067,2016-04-27 09:00:00,74.1,62,97,400,9,2016-04-27
6962181067,2016-04-27 10:00:00,75.6452380952381,63,99,420,10,2016-04-27
6962181067,2016-04-27 11:00:00,92.62192393736018,69,106,447,11,2016-04-27
6962181067,2016-04-27 12:00:00,78.07161125319693,64,115,391,12,2016-04-27
6962181067,2016-04-27 13:00:00,68.3550135501355,60,77,369,13,2016-04-27
6962181067,2016-04-27 14:00:00,67.77929155313352,54,90,367,14,2016-04-27
6962181067,2016-04-27 15:00:00,66.37700534759358,59,72,374,15,2016-04-27
6962181067,2016-04-27 16:00:00,79.22045454545454,56,109,440,16,2016-04-27
6962181067,2016-04-27 17:00:00,77.6127562642369,53,108,439,17,2016-04-27
6962181067,2016-04-27 18:00:00,87.75060532687651,67,116,413,18,2016-04-27
6962181067,2016-04-27 19:00:00,82.8488120950324,64,114,463,19,2016-04-27
6962181067,2016-04-27 20:00:00,89.92607003891051,62,142,257,20,2016-04-27
6962181067,2016-04-27 21:00:00,77.44186046511628,58,136,43,21,2016-04-27
6962181067,2016-04-27 22:00:00,59.69914040114613,53,85,349,22,2016-04-27
6962181067,2016-04-27 23:00:00,64.2911051212938,54,85,371,23,2016-04-27
6962181067,2016-04-28 00:00:00,59.61724137931034,56,74,290,0,2016-04-28
6962181067,2016-04-28 01:00:00,60.22027972027972,57,66,286,1,2016-04-28
6962181067,2016-04-28 02:00:00,63.296052631578945,58,89,304,2,2016-04-28
6962181067,2016-04-28 03:00:00,62.67218543046358,59,70,302,3,2016-04-28
6962181067,2016-04-28 04:00:00,62.801261829652994,58,78,317,4,2016-04-28
6962181067,2016-04-28 05:00:00,62.65016501650165,58,77,303,5,2016-04-28
6962181067,2016-04-28 06:00:00,62.29738562091503,56,70,306,6,2016-04-28
6962181067,2016-04-28 07:00:00,61.91975308641975,54,77,324,7,2016-04-28
6962181067,2016-04-28 08:00:00,80.10829493087557,56,102,434,8,2016-04-28
6962181067,2016-04-28 09:00:00,80.93501048218029,63,101,477,9,2016-04-28
6962181067,2016-04-28 10:00:00,82.4519906323185,66,106,427,10,2016-04-28
6962181067,2016-04-28 11:00:00,86.40950226244344,68,115,442,11,2016-04-28
6962181067,2016-04-28 12:00:00,119.86874487284659,69,166,1219,12,2016-04-28
6962181067,2016-04-28 13:00:00,111.02037845705968,67,174,687,13,2016-04-28
6962181067,2016-04-28 14:00:00,76.26525198938992,61,95,377,14,2016-04-28
6962181067,2016-04-28 15:00:00,78.16666666666667,60,109,426,15,2016-04-28
6962181067,2016-04-28 16:00:00,70.09571788413098,60,96,397,16,2016-04-28
6962181067,2016-04-28 17:00:00,85.0109409190372,61,108,457,17,2016-04-28
6962181067,2016-04-28 18:00:00,75.85049019607843,59,111,408,18,2016-04-28
6962181067,2016-04-28 19:00:00,76.62647058823529,63,122,340,19,2016-04-28
6962181067,2016-04-28 20:00:00,72.1055900621118,61,99,161,20,2016-04-28
6962181067,2016-04-28 23:00:00,63.807377049180324,56,76,244,23,2016-04-28
6962181067,2016-04-29 00:00:00,60.622895622895626,57,66,297,0,2016-04-29
6962181067,2016-04-29 01:00:00,64.28178694158076,60,81,291,1,2016-04-29
6962181067,2016-04-29 02:00:00,65.68620689655172,61,73,290,2,2016-04-29
6962181067,2016-04-29 03:00:00,68.68650793650794,63,71,252,3,2016-04-29
6962181067,2016-04-29 04:00:00,64.66666666666667,58,69,282,4,2016-04-29
6962181067,2016-04-29 05:00:00,62.607594936708864,56,72,316,5,2016-04-29
6962181067,2016-04-29 06:00:00,67.53372434017595,58,101,341,6,2016-04-29
6962181067,2016-04-29 07:00:00,82.22062350119904,63,104,417,7,2016-04-29
6962181067,2016-04-29 08:00:00,80.54691075514874,56,112,437,8,2016-04-29
6962181067,2016-04-29 09:00:00,94.58333333333333,69,129,480,9,2016-04-29
6962181067,2016-04-29 10:00:00,108.32914046121593,89,127,477,10,2016-04-29
6962181067,2016-04-29 11:00:00,86.24418604651163,69,113,430,11,2016-04-29
6962181067,2016-04-29 12:00:00,103.29237770193402,59,141,879,12,2016-04-29
6962181067,2016-04-29 13:00:00,78.5618556701031,67,103,388,13,2016-04-29
6962181067,2016-04-29 14:00:00,73.61408450704225,60,93,355,14,2016-04-29
6962181067,2016-04-29 15:00:00,79.10148514851485,63,109,404,15,2016-04-29
6962181067,2016-04-29 16:00:00,81.68345323741008,67,104,417,16,2016-04-29
6962181067,2016-04-29 17:00:00,84.29227053140097,66,116,414,17,2016-04-29
6962181067,2016-04-29 18:00:00,88.92583732057416,69,116,418,18,2016-04-29
6962181067,2016-04-29 19:00:00,82.24935732647815,66,111,389,19,2016-04-29
6962181067,2016-04-29 20:00:00,75.10386473429952,63,102,414,20,2016-04-29
6962181067,2016-04-29 21:00:00,70.99145299145299,63,86,351,21,2016-04-29
6962181067,2016-04-29 22:00:00,83.63636363636364,70,125,11,22,2016-04-29
6962181067,2016-04-29 23:00:00,70.27350427350427,64,92,351,23,2016-04-29
6962181067,2016-04-30 00:00:00,69.44477611940299,63,80,335,0,2016-04-30
6962181067,2016-04-30 01:00:00,66.26073619631902,59,81,326,1,2016-04-30
6962181067,2016-04-30 02:00:00,62.26837060702876,58,67,313,2,2016-04-30
6962181067,2016-04-30 03:00:00,60.885245901639344,55,77,305,3,2016-04-30
6962181067,2016-04-30 04:00:00,62.67313915857605,58,72,309,4,2016-04-30
6962181067,2016-04-30 05:00:00,62.86274509803921,59,68,306,5,2016-04-30
6962181067,2016-04-30 06:00:00,63.869565217391305,59,75,299,6,2016-04-30
6962181067,2016-04-30 07:00:00,63.80258899676375,58,83,309,7,2016-04-30
6962181067,2016-04-30 08:00:00,67.4092219020173,56,93,347,8,2016-04-30
6962181067,2016-04-30 09:00:00,75.97405660377359,62,103,424,9,2016-04-30
6962181067,2016-04-30 10:00:00,114.0843949044586,62,141,1256,10,2016-04-30
6962181067,2016-04-30 11:00:00,89.35505617977527,71,109,445,11,2016-04-30
6962181067,2016-04-30 12:00:00,86.03432494279176,70,106,437,12,2016-04-30
6962181067,2016-04-30 13:00:00,90.69789227166277,71,117,427,13,2016-04-30
6962181067,2016-04-30 14:00:00,81.3435294117647,65,110,425,14,2016-04-30
6962181067,2016-04-30 15:00:00,75.88311688311688,62,107,385,15,2016-04-30
6962181067,2016-04-30 16:00:00,64.22443181818181,53,75,352,16,2016-04-30
6962181067,2016-04-30 17:00:00,75.42,54,105,400,17,2016-04-30
6962181067,2016-04-30 18:00:00,82.86374695863746,65,103,411,18,2016-04-30
6962181067,2016-04-30 19:00:00,73.80856423173803,57,97,397,19,2016-04-30
6962181067,2016-04-30 20:00:00,89.65625,68,122,288,20,2016-04-30
6962181067,2016-05-01 00:00:00,66.26605504587155,56,127,109,0,2016-05-01
6962181067,2016-05-01 01:00:00,61.166666666666664,56,73,294,1,2016-05-01
6962181067,2016-05-01 02:00:00,60.72843450479233,56,69,313,2,2016-05-01
6962181067,2016-05-01 03:00:00,71.08833922261483,60,90,283,3,2016-05-01
6962181067,2016-05-01 04:00:00,65.28616352201257,61,69,318,4,2016-05-01
6962181067,2016-05-01 05:00:00,69.17105263157895,58,92,304,5,2016-05-01
6962181067,2016-05-01 06:00:00,66.01208459214502,59,89,331,6,2016-05-01
6962181067,2016-05-01 07:00:00,67.17857142857143,61,83,336,7,2016-05-01
6962181067,2016-05-01 08:00:00,81.95238095238095,65,112,420,8,2016-05-01
6962181067,2016-05-01 09:00:00,83.42239185750635,65,109,393,9,2016-05-01
6962181067,2016-05-01 10:00:00,85.83956043956044,67,108,455,10,2016-05-01
6962181067,2016-05-01 11:00:00,71.73857868020305,58,94,394,11,2016-05-01
6962181067,2016-05-01 12:00:00,75.91315789473684,64,86,380,12,2016-05-01
6962181067,2016-05-01 13:00:00,77.25984251968504,66,93,381,13,2016-05-01
6962181067,2016-05-01 14:00:00,73.97142857142858,64,93,385,14,2016-05-01
6962181067,2016-05-01 15:00:00,70.46969696969697,60,93,396,15,2016-05-01
6962181067,2016-05-01 16:00:00,69.75,61,79,360,16,2016-05-01
6962181067,2016-05-01 17:00:00,80.95696202531646,66,99,395,17,2016-05-01
6962181067,2016-05-01 18:00:00,81.08450704225352,62,105,426,18,2016-05-01
6962181067,2016-05-01 19:00:00,78.49627791563276,62,108,403,19,2016-05-01
6962181067,2016-05-01 20:00:00,70.00282485875707,63,76,354,20,2016-05-01
6962181067,2016-05-01 21:00:00,71.128,65,82,250,21,2016-05-01
6962181067,2016-05-01 22:00:00,69.06349206349206,61,120,126,22,2016-05-01
6962181067,2016-05-01 23:00:00,65.8344827586207,60,71,290,23,2016-05-01
6962181067,2016-05-02 00:00:00,65.54368932038835,61,70,309,0,2016-05-02
6962181067,2016-05-02 01:00:00,66.17350157728707,60,80,317,1,2016-05-02
6962181067,2016-05-02 02:00:00,65.56089743589743,61,83,312,2,2016-05-02
6962181067,2016-05-02 03:00:00,65.36990595611286,58,76,319,3,2016-05-02
6962181067,2016-05-02 04:00:00,64.96794871794872,60,90,312,4,2016-05-02
6962181067,2016-05-02 05:00:00,63.99346405228758,59,78,306,5,2016-05-02
6962181067,2016-05-02 06:00:00,69.90751445086705,61,99,346,6,2016-05-02
6962181067,2016-05-02 07:00:00,84.67157894736842,66,108,475,7,2016-05-02
6962181067,2016-05-02 08:00:00,81.03597122302158,65,104,417,8,2016-05-02
6962181067,2016-05-02 09:00:00,86.73305954825462,65,118,487,9,2016-05-02
6962181067,2016-05-02 10:00:00,75.55308641975309,63,102,405,10,2016-05-02
6962181067,2016-05-02 11:00:00,80.26252983293556,64,102,419,11,2016-05-02
6962181067,2016-05-02 12:00:00,106.56027554535017,71,140,871,12,2016-05-02
6962181067,2016-05-02 13:00:00,77.27083333333333,68,88,336,13,2016-05-02
6962181067,2016-05-02 14:00:00,75.1978021978022,61,100,364,14,2016-05-02
6962181067,2016-05-02 15:00:00,78.00262467191601,67,98,381,15,2016-05-02
6962181067,2016-05-02 16:00:00,82.25176470588235,56,112,425,16,2016-05-02
6962181067,2016-05-02 17:00:00,82.2984054669704,64,100,439,17,2016-05-02
6962181067,2016-05-02 18:00:00,88.38352941176471,70,115,425,18,2016-05-02
6962181067,2016-05-02 19:00:00,101.14882506527415,69,132,383,19,2016-05-02
6962181067,2016-05-02 20:00:00,76.8586956521739,62,117,368,20,2016-05-02
6962181067,2016-05-02 21:00:00,75.7010582010582,61,91,378,21,2016-05-02
6962181067,2016-05-02 22:00:00,72.53462603878117,61,92,361,22,2016-05-02
6962181067,2016-05-02 23:00:00,68.70523415977961,62,81,363,23,2016-05-02
6962181067,2016-05-03 00:00:00,64.53716216216216,61,70,296,0,2016-05-03
6962181067,2016-05-03 01:00:00,67.05263157894737,63,85,304,1,2016-05-03
6962181067,2016-05-03 02:00:00,66.52447552447552,63,69,286,2,2016-05-03
6962181067,2016-05-03 03:00:00,63.0503355704698,56,80,298,3,2016-05-03
6962181067,2016-05-03 04:00:00,65.53353658536585,59,95,328,4,2016-05-03
6962181067,2016-05-03 05:00:00,61.869281045751634,58,66,306,5,2016-05-03
6962181067,2016-05-03 06:00:00,64.2515923566879,57,84,314,6,2016-05-03
6962181067,2016-05-03 07:00:00,84.92444444444445,65,105,450,7,2016-05-03
6962181067,2016-05-03 08:00:00,86.72961373390558,64,113,466,8,2016-05-03
6962181067,2016-05-03 09:00:00,69.13573407202216,59,110,361,9,2016-05-03
6962181067,2016-05-03 10:00:00,79.06413301662708,53,157,421,10,2016-05-03
6962181067,2016-05-03 11:00:00,93.62138084632517,61,152,449,11,2016-05-03
6962181067,2016-05-03 12:00:00,92.46679316888046,75,109,527,12,2016-05-03
6962181067,2016-05-03 13:00:00,84.50786516853933,61,122,445,13,2016-05-03
6962181067,2016-05-03 14:00:00,72.59620596205961,60,102,369,14,2016-05-03
6962181067,2016-05-03 15:00:00,85.68160377358491,64,109,424,15,2016-05-03
6962181067,2016-05-03 16:00:00,74.20673076923077,62,109,416,16,2016-05-03
6962181067,2016-05-03 17:00:00,72.64879356568365,61,82,373,17,2016-05-03
6962181067,2016-05-03 18:00:00,77.02625298329356,61,110,419,18,2016-05-03
6962181067,2016-05-03 19:00:00,71.83379501385042,61,92,361,19,2016-05-03
6962181067,2016-05-03 20:00:00,72.01785714285714,62,92,392,20,2016-05-03
6962181067,2016-05-03 21:00:00,66.1120218579235,57,80,366,21,2016-05-03
6962181067,2016-05-03 22:00:00,68.21666666666667,63,106,60,22,2016-05-03
6962181067,2016-05-03 23:00:00,65.49693251533742,60,82,326,23,2016-05-03
6962181067,2016-05-04 00:00:00,65.79276315789474,62,79,304,0,2016-05-04
6962181067,2016-05-04 01:00:00,66.27476038338658,59,90,313,1,2016-05-04
6962181067,2016-05-04 02:00:00,66.49517684887459,63,78,311,2,2016-05-04
6962181067,2016-05-04 03:00:00,61.90584415584416,55,88,308,3,2016-05-04
6962181067,2016-05-04 04:00:00,62.45454545454545,58,83,308,4,2016-05-04
6962181067,2016-05-04 05:00:00,61.15596330275229,56,80,327,5,2016-05-04
6962181067,2016-05-04 06:00:00,65.14626865671642,57,104,335,6,2016-05-04
6962181067,2016-05-04 07:00:00,81.69196428571429,63,105,448,7,2016-05-04
6962181067,2016-05-04 08:00:00,79.68099547511312,58,101,442,8,2016-05-04
6962181067,2016-05-04 09:00:00,103.71136653895275,61,151,783,9,2016-05-04
6962181067,2016-05-04 10:00:00,118.30635838150289,77,174,692,10,2016-05-04
6962181067,2016-05-04 11:00:00,89.71291866028709,67,118,418,11,2016-05-04
6962181067,2016-05-04 12:00:00,79.35858585858585,66,105,396,12,2016-05-04
6962181067,2016-05-04 13:00:00,67.15714285714286,61,78,350,13,2016-05-04
6962181067,2016-05-04 14:00:00,69.81481481481481,63,85,378,14,2016-05-04
6962181067,2016-05-04 15:00:00,70.53435114503817,58,89,393,15,2016-05-04
6962181067,2016-05-04 16:00:00,67.91538461538461,59,93,390,16,2016-05-04
6962181067,2016-05-04 17:00:00,85.21875,63,99,416,17,2016-05-04
6962181067,2016-05-04 18:00:00,81.61904761904762,67,109,378,18,2016-05-04
6962181067,2016-05-04 19:00:00,88.31806615776081,68,134,393,19,2016-05-04
6962181067,2016-05-04 20:00:00,80.36092715231788,62,104,302,20,2016-05-04
6962181067,2016-05-04 21:00:00,71.51351351351352,65,111,74,21,2016-05-04
6962181067,2016-05-04 22:00:00,69.81471389645776,58,83,367,22,2016-05-04
6962181067,2016-05-04 23:00:00,67.20348837209302,61,88,344,23,2016-05-04
6962181067,2016-05-05 00:00:00,65.82835820895522,61,74,268,0,2016-05-05
6962181067,2016-05-05 01:00:00,68.55714285714286,63,96,280,1,2016-05-05
6962181067,2016-05-05 02:00:00,67.0,65,73,250,2,2016-05-05
6962181067,2016-05-05 03:00:00,64.03859649122808,59,67,285,3,2016-05-05
6962181067,2016-05-05 04:00:00,64.87878787878788,58,76,297,4,2016-05-05
6962181067,2016-05-05 05:00:00,61.00955414012739,56,83,314,5,2016-05-05
6962181067,2016-05-05 06:00:00,64.36764705882354,58,86,340,6,2016-05-05
6962181067,2016-05-05 07:00:00,63.32915360501568,58,75,319,7,2016-05-05
6962181067,2016-05-05 08:00:00,86.82471910112359,66,111,445,8,2016-05-05
6962181067,2016-05-05 09:00:00,89.53318077803203,67,114,437,9,2016-05-05
6962181067,2016-05-05 10:00:00,80.44392523364486,63,95,428,10,2016-05-05
6962181067,2016-05-05 11:00:00,79.36214953271028,62,105,428,11,2016-05-05
6962181067,2016-05-05 12:00:00,84.13129102844638,64,108,457,12,2016-05-05
6962181067,2016-05-05 13:00:00,65.96829971181556,58,76,347,13,2016-05-05
6962181067,2016-05-05 14:00:00,68.49468085106383,54,85,376,14,2016-05-05
6962181067,2016-05-05 15:00:00,73.94162436548223,59,101,394,15,2016-05-05
6962181067,2016-05-05 16:00:00,79.76241900647948,61,107,463,16,2016-05-05
6962181067,2016-05-05 17:00:00,81.18863636363636,60,128,440,17,2016-05-05
6962181067,2016-05-05 18:00:00,84.46731234866829,64,119,413,18,2016-05-05
6962181067,2016-05-05 19:00:00,104.32914046121593,70,128,477,19,2016-05-05
6962181067,2016-05-05 20:00:00,84.45911949685535,64,103,159,20,2016-05-05
6962181067,2016-05-05 23:00:00,65.06944444444444,60,93,144,23,2016-05-05
6962181067,2016-05-06 00:00:00,64.93354430379746,60,71,316,0,2016-05-06
6962181067,2016-05-06 01:00:00,63.88235294117647,60,72,306,1,2016-05-06
6962181067,2016-05-06 02:00:00,63.198019801980195,58,69,303,2,2016-05-06
6962181067,2016-05-06 03:00:00,58.12933753943218,52,90,317,3,2016-05-06
6962181067,2016-05-06 04:00:00,60.34591194968554,55,76,318,4,2016-05-06
6962181067,2016-05-06 05:00:00,59.9203821656051,53,80,314,5,2016-05-06
6962181067,2016-05-06 06:00:00,61.62847222222222,56,65,288,6,2016-05-06
6962181067,2016-05-06 07:00:00,78.85645933014354,59,111,418,7,2016-05-06
6962181067,2016-05-06 08:00:00,85.22559652928416,66,114,461,8,2016-05-06
6962181067,2016-05-06 09:00:00,77.64720194647202,61,101,411,9,2016-05-06
6962181067,2016-05-06 10:00:00,72.09943181818181,66,79,352,10,2016-05-06
6962181067,2016-05-06 11:00:00,68.4253164556962,61,78,395,11,2016-05-06
6962181067,2016-05-06 12:00:00,73.78743961352657,61,96,414,12,2016-05-06
6962181067,2016-05-06 13:00:00,76.18673218673219,63,97,407,13,2016-05-06
6962181067,2016-05-06 14:00:00,72.85567010309278,64,86,388,14,2016-05-06
6962181067,2016-05-06 15:00:00,70.26495726495726,60,79,351,15,2016-05-06
6962181067,2016-05-06 16:00:00,71.83120204603581,58,101,391,16,2016-05-06
6962181067,2016-05-06 17:00:00,74.17574257425743,56,106,404,17,2016-05-06
6962181067,2016-05-06 18:00:00,79.85241730279898,59,107,393,18,2016-05-06
6962181067,2016-05-06 19:00:00,67.90641711229947,58,78,374,19,2016-05-06
6962181067,2016-05-06 20:00:00,79.02417582417583,58,103,455,20,2016-05-06
6962181067,2016-05-06 21:00:00,77.5,61,96,428,21,2016-05-06
6962181067,2016-05-06 22:00:00,84.4659090909091,70,104,440,22,2016-05-06
6962181067,2016-05-06 23:00:00,71.49738219895288,65,85,382,23,2016-05-06
6962181067,2016-05-07 00:00:00,71.53672316384181,64,87,354,0,2016-05-07
6962181067,2016-05-07 01:00:00,75.43817204301075,65,88,372,1,2016-05-07
6962181067,2016-05-07 02:00:00,77.96694214876032,69,96,363,2,2016-05-07
6962181067,2016-05-07 03:00:00,66.44771241830065,60,97,306,3,2016-05-07
6962181067,2016-05-07 04:00:00,65.49226006191951,59,93,323,4,2016-05-07
6962181067,2016-05-07 05:00:00,65.04823151125402,59,85,311,5,2016-05-07
6962181067,2016-05-07 06:00:00,66.85840707964601,59,92,339,6,2016-05-07
6962181067,2016-05-07 07:00:00,63.585669781931465,57,87,321,7,2016-05-07
6962181067,2016-05-07 08:00:00,67.32352941176471,58,84,340,8,2016-05-07
6962181067,2016-05-07 09:00:00,87.82038834951456,71,118,412,9,2016-05-07
6962181067,2016-05-07 10:00:00,81.25888324873097,63,99,394,10,2016-05-07
6962181067,2016-05-07 11:00:00,83.53275109170306,66,108,458,11,2016-05-07
6962181067,2016-05-07 12:00:00,72.37468982630273,58,101,403,12,2016-05-07
6962181067,2016-05-07 13:00:00,74.35831381733021,63,98,427,13,2016-05-07
6962181067,2016-05-07 14:00:00,84.4875,67,125,240,14,2016-05-07
6962181067,2016-05-07 15:00:00,70.0,70,70,4,15,2016-05-07
6962181067,2016-05-07 16:00:00,84.83552631578948,64,105,304,16,2016-05-07
6962181067,2016-05-07 17:00:00,81.52380952380952,72,98,420,17,2016-05-07
6962181067,2016-05-07 18:00:00,88.9796437659033,74,107,393,18,2016-05-07
6962181067,2016-05-07 19:00:00,89.04356846473028,72,109,482,19,2016-05-07
6962181067,2016-05-07 20:00:00,83.24601366742597,66,97,439,20,2016-05-07
6962181067,2016-05-07 21:00:00,74.15584415584415,63,103,385,21,2016-05-07
6962181067,2016-05-07 22:00:00,75.50510204081633,65,99,392,22,2016-05-07
6962181067,2016-05-07 23:00:00,76.70914127423822,68,100,361,23,2016-05-07
6962181067,2016-05-08 00:00:00,76.46666666666667,70,89,315,0,2016-05-08
6962181067,2016-05-08 01:00:00,72.51746031746032,68,90,315,1,2016-05-08
6962181067,2016-05-08 02:00:00,71.18589743589743,64,85,312,2,2016-05-08
6962181067,2016-05-08 03:00:00,68.39383561643835,64,74,292,3,2016-05-08
6962181067,2016-05-08 04:00:00,67.95498392282958,61,93,311,4,2016-05-08
6962181067,2016-05-08 05:00:00,63.08571428571429,59,72,315,5,2016-05-08
6962181067,2016-05-08 06:00:00,63.69255663430421,58,83,309,6,2016-05-08
6962181067,2016-05-08 07:00:00,63.12883435582822,56,73,326,7,2016-05-08
6962181067,2016-05-08 08:00:00,65.90654205607477,60,75,321,8,2016-05-08
6962181067,2016-05-08 09:00:00,69.69970845481049,60,90,343,9,2016-05-08
6962181067,2016-05-08 10:00:00,81.67245657568238,54,113,403,10,2016-05-08
6962181067,2016-05-08 11:00:00,83.13475177304964,68,104,423,11,2016-05-08
6962181067,2016-05-08 12:00:00,82.41388174807199,72,97,389,12,2016-05-08
6962181067,2016-05-08 13:00:00,78.35532994923858,62,95,394,13,2016-05-08
6962181067,2016-05-08 14:00:00,82.29441624365482,67,94,394,14,2016-05-08
6962181067,2016-05-08 15:00:00,76.82820512820513,67,110,390,15,2016-05-08
6962181067,2016-05-08 16:00:00,91.33170731707317,65,116,410,16,2016-05-08
6962181067,2016-05-08 17:00:00,79.33854166666667,67,98,384,17,2016-05-08
6962181067,2016-05-08 18:00:00,67.25541125541126,61,79,231,18,2016-05-08
6962181067,2016-05-08 21:00:00,86.41666666666667,75,112,12,21,2016-05-08
6962181067,2016-05-08 22:00:00,76.8832807570978,72,93,317,22,2016-05-08
6962181067,2016-05-08 23:00:00,75.7082066869301,70,83,329,23,2016-05-08
6962181067,2016-05-09 00:00:00,71.33110367892976,67,78,299,0,2016-05-09
6962181067,2016-05-09 01:00:00,68.30491803278689,62,77,305,1,2016-05-09
6962181067,2016-05-09 02:00:00,64.875,61,76,304,2,2016-05-09
6962181067,2016-05-09 03:00:00,63.19417475728155,59,88,309,3,2016-05-09
6962181067,2016-05-09 04:00:00,65.93354430379746,58,78,316,4,2016-05-09
6962181067,2016-05-09 05:00:00,64.87748344370861,61,81,302,5,2016-05-09
6962181067,2016-05-09 06:00:00,66.70032573289902,60,86,307,6,2016-05-09
6962181067,2016-05-09 07:00:00,67.95820895522388,60,95,335,7,2016-05-09
6962181067,2016-05-09 08:00:00,83.5045871559633,64,111,436,8,2016-05-09
6962181067,2016-05-09 09:00:00,91.57601713062098,70,127,467,9,2016-05-09
6962181067,2016-05-09 10:00:00,105.93975903614458,75,125,415,10,2016-05-09
6962181067,2016-05-09 11:00:00,85.61971830985915,64,107,426,11,2016-05-09
6962181067,2016-05-09 12:00:00,79.61818181818182,61,104,385,12,2016-05-09
6962181067,2016-05-09 13:00:00,74.50429799426934,65,89,349,13,2016-05-09
6962181067,2016-05-09 14:00:00,76.51790633608816,60,89,363,14,2016-05-09
6962181067,2016-05-09 15:00:00,71.97032640949556,65,84,337,15,2016-05-09
6962181067,2016-05-09 16:00:00,70.77994428969359,64,90,359,16,2016-05-09
6962181067,2016-05-09 17:00:00,93.90843373493976,68,121,415,17,2016-05-09
6962181067,2016-05-09 18:00:00,73.29080118694363,66,88,337,18,2016-05-09
6962181067,2016-05-09 19:00:00,97.10046728971963,67,123,428,19,2016-05-09
6962181067,2016-05-09 20:00:00,72.08682634730539,64,181,334,20,2016-05-09
6962181067,2016-05-09 21:00:00,69.38810198300283,56,87,353,21,2016-05-09
6962181067,2016-05-09 22:00:00,70.85866666666666,62,91,375,22,2016-05-09
6962181067,2016-05-09 23:00:00,66.35806451612903,63,76,310,23,2016-05-09
6962181067,2016-05-10 00:00:00,67.63333333333334,64,83,300,0,2016-05-10
6962181067,2016-05-10 01:00:00,67.77852348993288,64,72,298,1,2016-05-10
6962181067,2016-05-10 02:00:00,66.92150170648465,59,80,293,2,2016-05-10
6962181067,2016-05-10 03:00:00,65.37460317460318,59,86,315,3,2016-05-10
6962181067,2016-05-10 04:00:00,64.03975535168196,59,85,327,4,2016-05-10
6962181067,2016-05-10 05:00:00,63.69716088328076,58,82,317,5,2016-05-10
6962181067,2016-05-10 06:00:00,65.15060240963855,57,85,332,6,2016-05-10
6962181067,2016-05-10 07:00:00,115.15235173824131,67,184,978,7,2016-05-10
6962181067,2016-05-10 08:00:00,90.28391959798995,66,109,398,8,2016-05-10
6962181067,2016-05-10 09:00:00,99.5361216730038,77,136,526,9,2016-05-10
6962181067,2016-05-10 10:00:00,119.38563327032136,89,158,529,10,2016-05-10
6962181067,2016-05-10 11:00:00,92.53791469194313,69,163,422,11,2016-05-10
6962181067,2016-05-10 12:00:00,75.17914438502673,63,89,374,12,2016-05-10
6962181067,2016-05-10 13:00:00,71.43175487465182,65,80,359,13,2016-05-10
6962181067,2016-05-10 14:00:00,72.14246575342466,63,85,365,14,2016-05-10
6962181067,2016-05-10 15:00:00,70.89340101522842,62,92,394,15,2016-05-10
6962181067,2016-05-10 16:00:00,86.71101871101871,69,106,481,16,2016-05-10
6962181067,2016-05-10 17:00:00,84.29525862068965,62,127,464,17,2016-05-10
6962181067,2016-05-10 18:00:00,86.12771084337349,67,108,415,18,2016-05-10
6962181067,2016-05-10 19:00:00,84.21637426900585,63,126,342,19,2016-05-10
6962181067,2016-05-10 21:00:00,65.8659217877095,60,86,179,21,2016-05-10
6962181067,2016-05-10 22:00:00,67.21802325581395,57,82,344,22,2016-05-10
6962181067,2016-05-10 23:00:00,65.37579617834395,59,78,314,23,2016-05-10
6962181067,2016-05-11 00:00:00,63.16206896551724,59,69,290,0,2016-05-11
6962181067,2016-05-11 01:00:00,63.30448717948718,58,69,312,1,2016-05-11
6962181067,2016-05-11 02:00:00,63.37337662337662,57,74,308,2,2016-05-11
6962181067,2016-05-11 03:00:00,64.07817589576547,59,77,307,3,2016-05-11
6962181067,2016-05-11 04:00:00,65.35,60,78,320,4,2016-05-11
6962181067,2016-05-11 05:00:00,63.66875,57,95,320,5,2016-05-11
6962181067,2016-05-11 06:00:00,62.26706231454006,55,78,337,6,2016-05-11
6962181067,2016-05-11 07:00:00,65.98546511627907,59,82,344,7,2016-05-11
6962181067,2016-05-11 08:00:00,87.78301886792453,61,115,424,8,2016-05-11
6962181067,2016-05-11 09:00:00,117.005631536605,69,145,1243,9,2016-05-11
6962181067,2016-05-11 10:00:00,86.04947916666667,71,106,384,10,2016-05-11
6962181067,2016-05-11 11:00:00,84.8078947368421,71,108,380,11,2016-05-11
6962181067,2016-05-11 12:00:00,79.37984496124031,61,98,387,12,2016-05-11
6962181067,2016-05-11 13:00:00,71.72622478386167,64,82,347,13,2016-05-11
6962181067,2016-05-11 14:00:00,73.27485380116958,65,80,342,14,2016-05-11
6962181067,2016-05-11 15:00:00,75.47969543147208,65,94,394,15,2016-05-11
6962181067,2016-05-11 16:00:00,81.28361858190709,63,106,409,16,2016-05-11
6962181067,2016-05-11 17:00:00,73.1432584269663,63,87,356,17,2016-05-11
6962181067,2016-05-11 18:00:00,71.95,53,86,240,18,2016-05-11
6962181067,2016-05-11 19:00:00,81.25,71,114,172,19,2016-05-11
6962181067,2016-05-11 20:00:00,77.23869346733669,68,91,398,20,2016-05-11
6962181067,2016-05-11 21:00:00,77.30827067669173,69,88,399,21,2016-05-11
6962181067,2016-05-11 22:00:00,72.11936339522546,62,85,377,22,2016-05-11
6962181067,2016-05-11 23:00:00,69.21913580246914,64,85,324,23,2016-05-11
6962181067,2016-05-12 00:00:00,68.12,63,82,300,0,2016-05-12
6962181067,2016-05-12 01:00:00,67.17549668874172,62,92,302,1,2016-05-12
6962181067,2016-05-12 02:00:00,69.28013029315962,66,78,307,2,2016-05-12
6962181067,2016-05-12 03:00:00,67.78846153846153,63,85,312,3,2016-05-12
6962181067,2016-05-12 04:00:00,64.76623376623377,60,78,308,4,2016-05-12
6962181067,2016-05-12 05:00:00,65.69811320754717,61,77,265,5,2016-05-12
6962181067,2016-05-12 06:00:00,66.49679487179488,62,78,312,6,2016-05-12
6962181067,2016-05-12 07:00:00,64.73700305810398,60,77,327,7,2016-05-12
6962181067,2016-05-12 08:00:00,84.8337531486146,62,117,397,8,2016-05-12
6962181067,2016-05-12 09:00:00,87.635103926097,71,116,433,9,2016-05-12
6962181067,2016-05-12 10:00:00,91.64102564102564,74,112,468,10,2016-05-12
6962181067,2016-05-12 11:00:00,89.91581632653062,72,116,392,11,2016-05-12
7007744171,2016-04-12 05:00:00,101.0,101,101,2,5,2016-04-12
7007744171,2016-04-12 06:00:00,100.86466165413533,70,125,266,6,2016-04-12
7007744171,2016-04-12 07:00:00,105.93723849372385,79,128,478,7,2016-04-12
7007744171,2016-04-12 08:00:00,105.70479704797047,82,131,542,8,2016-04-12
7007744171,2016-04-12 09:00:00,95.3407960199005,79,112,402,9,2016-04-12
7007744171,2016-04-12 10:00:00,97.55803571428571,77,114,448,10,2016-04-12
7007744171,2016-04-12 11:00:00,103.5778364116095,93,116,379,11,2016-04-12
7007744171,2016-04-12 12:00:00,90.50833333333334,78,118,360,12,2016-04-12
7007744171,2016-04-12 13:00:00,89.98092643051771,79,113,367,13,2016-04-12
7007744171,2016-04-12 14:00:00,86.53866666666667,74,97,375,14,2016-04-12
7007744171,2016-04-12 15:00:00,94.87660668380462,82,113,389,15,2016-04-12
7007744171,2016-04-12 16:00:00,102.00688073394495,79,151,436,16,2016-04-12
7007744171,2016-04-12 17:00:00,93.48522167487685,79,124,406,17,2016-04-12
7007744171,2016-04-12 18:00:00,89.11538461538461,78,107,312,18,2016-04-12
7007744171,2016-04-12 19:00:00,85.93491124260355,73,100,338,19,2016-04-12
7007744171,2016-04-12 20:00:00,74.0,74,74,2,20,2016-04-12
7007744171,2016-04-12 21:00:00,70.0,70,70,4,21,2016-04-12
7007744171,2016-04-13 05:00:00,76.0,76,76,4,5,2016-04-13
7007744171,2016-04-13 06:00:00,99.70897832817337,70,115,323,6,2016-04-13
7007744171,2016-04-13 07:00:00,91.07379134860051,75,117,393,7,2016-04-13
7007744171,2016-04-13 08:00:00,121.34892086330935,82,144,556,8,2016-04-13
7007744171,2016-04-13 09:00:00,107.76645435244161,88,144,471,9,2016-04-13
7007744171,2016-04-13 10:00:00,85.85911602209944,70,104,362,10,2016-04-13
7007744171,2016-04-13 11:00:00,93.40972222222223,74,114,432,11,2016-04-13
7007744171,2016-04-13 12:00:00,86.16897506925208,70,109,361,12,2016-04-13
7007744171,2016-04-13 13:00:00,87.6711956521739,72,109,368,13,2016-04-13
7007744171,2016-04-13 14:00:00,86.4178674351585,79,103,347,14,2016-04-13
7007744171,2016-04-13 15:00:00,84.1620253164557,70,100,395,15,2016-04-13
7007744171,2016-04-13 16:00:00,90.37129840546697,71,114,439,16,2016-04-13
7007744171,2016-04-13 17:00:00,93.16138328530259,82,122,347,17,2016-04-13
7007744171,2016-04-13 18:00:00,86.58376963350786,75,112,382,18,2016-04-13
7007744171,2016-04-13 19:00:00,86.31976744186046,77,108,344,19,2016-04-13
7007744171,2016-04-13 20:00:00,80.59036144578313,70,90,332,20,2016-04-13
7007744171,2016-04-13 21:00:00,74.95,70,86,80,21,2016-04-13
7007744171,2016-04-14 06:00:00,97.78333333333333,83,129,360,6,2016-04-14
7007744171,2016-04-14 07:00:00,82.55905511811024,66,116,381,7,2016-04-14
7007744171,2016-04-14 08:00:00,108.590099009901,67,131,505,8,2016-04-14
7007744171,2016-04-14 09:00:00,95.28282828282828,77,118,396,9,2016-04-14
7007744171,2016-04-14 10:00:00,80.34153846153846,72,94,325,10,2016-04-14
7007744171,2016-04-14 11:00:00,90.02820512820513,69,111,390,11,2016-04-14
7007744171,2016-04-14 12:00:00,93.07336956521739,78,118,368,12,2016-04-14
7007744171,2016-04-14 13:00:00,88.78125,54,111,352,13,2016-04-14
7007744171,2016-04-14 14:00:00,84.38304093567251,75,131,342,14,2016-04-14
7007744171,2016-04-14 15:00:00,99.32682926829268,82,129,410,15,2016-04-14
7007744171,2016-04-14 16:00:00,91.68571428571428,78,107,385,16,2016-04-14
7007744171,2016-04-14 17:00:00,85.1432584269663,77,108,356,17,2016-04-14
7007744171,2016-04-14 18:00:00,97.14549653579677,75,132,433,18,2016-04-14
7007744171,2016-04-14 19:00:00,102.45518867924528,90,114,424,19,2016-04-14
7007744171,2016-04-14 20:00:00,85.11048158640227,65,119,353,20,2016-04-14
7007744171,2016-04-14 21:00:00,77.83663366336634,68,87,202,21,2016-04-14
7007744171,2016-04-15 06:00:00,97.61423220973782,81,126,267,6,2016-04-15
7007744171,2016-04-15 07:00:00,87.6919315403423,73,121,409,7,2016-04-15
7007744171,2016-04-15 08:00:00,89.8951048951049,64,111,429,8,2016-04-15
7007744171,2016-04-15 09:00:00,77.85326086956522,65,99,368,9,2016-04-15
7007744171,2016-04-15 10:00:00,79.9695550351288,60,108,427,10,2016-04-15
7007744171,2016-04-15 11:00:00,84.83937823834196,72,128,386,11,2016-04-15
7007744171,2016-04-15 12:00:00,87.89182058047493,71,118,379,12,2016-04-15
7007744171,2016-04-15 13:00:00,87.53954802259886,69,107,354,13,2016-04-15
7007744171,2016-04-15 14:00:00,83.72058823529412,70,92,136,14,2016-04-15
7007744171,2016-04-15 15:00:00,83.1846590909091,74,97,352,15,2016-04-15
7007744171,2016-04-15 16:00:00,79.5126050420168,70,110,357,16,2016-04-15
7007744171,2016-04-15 17:00:00,81.575,73,103,320,17,2016-04-15
7007744171,2016-04-15 18:00:00,76.6923076923077,72,84,65,18,2016-04-15
7007744171,2016-04-16 06:00:00,89.16,85,93,25,6,2016-04-16
7007744171,2016-04-16 07:00:00,87.71313672922253,66,118,373,7,2016-04-16
7007744171,2016-04-16 08:00:00,77.27225130890052,68,105,382,8,2016-04-16
7007744171,2016-04-16 09:00:00,79.67866323907455,62,96,389,9,2016-04-16
7007744171,2016-04-16 10:00:00,74.31930693069307,64,103,404,10,2016-04-16
7007744171,2016-04-16 11:00:00,78.325,67,113,360,11,2016-04-16
7007744171,2016-04-16 12:00:00,74.03305785123968,67,86,363,12,2016-04-16
7007744171,2016-04-16 13:00:00,77.51274787535411,65,100,353,13,2016-04-16
7007744171,2016-04-16 14:00:00,68.89117647058823,62,76,340,14,2016-04-16
7007744171,2016-04-16 15:00:00,72.13262599469496,61,104,377,15,2016-04-16
7007744171,2016-04-16 16:00:00,83.67961165048544,65,114,412,16,2016-04-16
7007744171,2016-04-16 17:00:00,93.33838383838383,75,129,396,17,2016-04-16
7007744171,2016-04-16 18:00:00,89.21975308641976,74,111,405,18,2016-04-16
7007744171,2016-04-16 19:00:00,84.53727506426735,70,102,389,19,2016-04-16
7007744171,2016-04-16 20:00:00,78.34444444444445,66,98,360,20,2016-04-16
7007744171,2016-04-16 21:00:00,76.0801282051282,66,93,312,21,2016-04-16
7007744171,2016-04-17 06:00:00,91.30534351145039,70,108,131,6,2016-04-17
7007744171,2016-04-17 07:00:00,94.03476482617587,70,127,489,7,2016-04-17
7007744171,2016-04-17 08:00:00,95.19832402234637,70,112,358,8,2016-04-17
7007744171,2016-04-17 09:00:00,98.77701149425287,70,115,435,9,2016-04-17
7007744171,2016-04-17 10:00:00,87.6383495145631,67,121,412,10,2016-04-17
7007744171,2016-04-17 11:00:00,81.1064935064935,67,108,385,11,2016-04-17
7007744171,2016-04-17 12:00:00,77.8328530259366,68,104,347,12,2016-04-17
7007744171,2016-04-17 13:00:00,82.0,74,106,369,13,2016-04-17
7007744171,2016-04-17 14:00:00,71.0945558739255,63,84,349,14,2016-04-17
7007744171,2016-04-17 15:00:00,84.65202702702703,71,117,296,15,2016-04-17
7007744171,2016-04-17 16:00:00,90.0439024390244,74,107,410,16,2016-04-17
7007744171,2016-04-17 17:00:00,86.04935064935064,72,112,385,17,2016-04-17
7007744171,2016-04-17 18:00:00,85.3515625,67,120,384,18,2016-04-17
7007744171,2016-04-17 19:00:00,81.62702702702703,65,108,370,19,2016-04-17
7007744171,2016-04-17 20:00:00,76.82329317269077,70,97,249,20,2016-04-17
7007744171,2016-04-18 06:00:00,94.77181208053692,78,115,298,6,2016-04-18
7007744171,2016-04-18 07:00:00,86.4088669950739,70,116,406,7,2016-04-18
7007744171,2016-04-18 08:00:00,110.27619047619048,95,116,420,8,2016-04-18
7007744171,2016-04-18 09:00:00,102.02714932126698,85,124,442,9,2016-04-18
7007744171,2016-04-18 10:00:00,106.48627450980392,86,139,510,10,2016-04-18
7007744171,2016-04-18 11:00:00,90.21111111111111,73,105,360,11,2016-04-18
7007744171,2016-04-18 12:00:00,82.72,69,111,350,12,2016-04-18
7007744171,2016-04-18 13:00:00,81.6711956521739,69,107,368,13,2016-04-18
7007744171,2016-04-18 14:00:00,88.06179775280899,65,101,356,14,2016-04-18
7007744171,2016-04-18 15:00:00,95.57107843137256,78,108,408,15,2016-04-18
7007744171,2016-04-18 16:00:00,93.82629107981221,76,114,426,16,2016-04-18
7007744171,2016-04-18 17:00:00,93.84636118598382,78,116,371,17,2016-04-18
7007744171,2016-04-18 18:00:00,87.79829545454545,80,96,352,18,2016-04-18
7007744171,2016-04-18 19:00:00,90.26737967914438,80,128,374,19,2016-04-18
7007744171,2016-04-18 20:00:00,89.96393442622951,85,99,305,20,2016-04-18
7007744171,2016-04-18 21:00:00,87.27433628318585,80,102,339,21,2016-04-18
7007744171,2016-04-18 22:00:00,90.46153846153847,84,105,52,22,2016-04-18
7007744171,2016-04-19 06:00:00,101.22905027932961,83,115,179,6,2016-04-19
7007744171,2016-04-19 07:00:00,99.72553191489362,86,130,470,7,2016-04-19
7007744171,2016-04-19 08:00:00,113.72782258064517,89,136,496,8,2016-04-19
7007744171,2016-04-19 09:00:00,99.27529411764706,78,121,425,9,2016-04-19
7007744171,2016-04-19 10:00:00,93.29362880886427,80,133,361,10,2016-04-19
7007744171,2016-04-19 11:00:00,93.5452196382429,80,110,387,11,2016-04-19
7007744171,2016-04-19 12:00:00,86.94428969359332,69,107,359,12,2016-04-19
7007744171,2016-04-19 13:00:00,83.3914373088685,68,103,327,13,2016-04-19
7007744171,2016-04-19 14:00:00,90.16623376623376,72,113,385,14,2016-04-19
7007744171,2016-04-19 15:00:00,90.52356020942409,67,111,382,15,2016-04-19
7007744171,2016-04-19 16:00:00,93.0253807106599,79,114,394,16,2016-04-19
7007744171,2016-04-19 17:00:00,98.0,69,138,409,17,2016-04-19
7007744171,2016-04-19 18:00:00,94.88219178082191,79,112,365,18,2016-04-19
7007744171,2016-04-19 19:00:00,94.38701298701298,73,112,385,19,2016-04-19
7007744171,2016-04-19 20:00:00,80.0056338028169,68,103,355,20,2016-04-19
7007744171,2016-04-19 21:00:00,74.06896551724138,70,84,58,21,2016-04-19
7007744171,2016-04-20 05:00:00,84.0,84,84,6,5,2016-04-20
7007744171,2016-04-20 06:00:00,92.64820846905538,70,108,307,6,2016-04-20
7007744171,2016-04-20 07:00:00,89.37623762376238,78,108,404,7,2016-04-20
7007744171,2016-04-20 08:00:00,132.06262626262625,93,151,495,8,2016-04-20
7007744171,2016-04-20 09:00:00,111.92258064516129,87,138,465,9,2016-04-20
7007744171,2016-04-20 10:00:00,83.36417910447761,76,108,335,10,2016-04-20
7007744171,2016-04-20 11:00:00,90.03007518796993,79,112,399,11,2016-04-20
7007744171,2016-04-20 12:00:00,90.72592592592592,77,119,405,12,2016-04-20
7007744171,2016-04-20 13:00:00,92.51295336787565,70,115,386,13,2016-04-20
7007744171,2016-04-20 14:00:00,92.24473684210527,78,105,380,14,2016-04-20
7007744171,2016-04-20 15:00:00,82.8271954674221,76,106,353,15,2016-04-20
7007744171,2016-04-20 16:00:00,94.75260416666667,80,114,384,16,2016-04-20
7007744171,2016-04-20 17:00:00,97.40862944162437,85,115,394,17,2016-04-20
7007744171,2016-04-20 18:00:00,98.64390243902439,81,111,410,18,2016-04-20
7007744171,2016-04-20 19:00:00,96.44341801385681,77,121,433,19,2016-04-20
7007744171,2016-04-20 20:00:00,90.29141104294479,70,115,326,20,2016-04-20
7007744171,2016-04-20 21:00:00,70.0,70,70,4,21,2016-04-20
7007744171,2016-04-21 06:00:00,98.46525679758308,70,118,331,6,2016-04-21
7007744171,2016-04-21 07:00:00,94.81592039800995,77,118,402,7,2016-04-21
7007744171,2016-04-21 08:00:00,109.82988505747126,78,136,435,8,2016-04-21
7007744171,2016-04-21 09:00:00,106.99556541019956,87,124,451,9,2016-04-21
7007744171,2016-04-21 10:00:00,92.49226804123711,78,116,388,10,2016-04-21
7007744171,2016-04-21 11:00:00,86.3917808219178,75,100,365,11,2016-04-21
7007744171,2016-04-21 12:00:00,86.22666666666667,72,119,375,12,2016-04-21
7007744171,2016-04-21 13:00:00,99.53349282296651,87,121,418,13,2016-04-21
7007744171,2016-04-21 14:00:00,94.04132231404958,70,118,363,14,2016-04-21
7007744171,2016-04-21 15:00:00,88.608,79,104,375,15,2016-04-21
7007744171,2016-04-21 16:00:00,92.86889460154242,77,131,389,16,2016-04-21
7007744171,2016-04-21 17:00:00,84.06896551724138,71,103,348,17,2016-04-21
7007744171,2016-04-21 18:00:00,85.89250814332247,70,102,307,18,2016-04-21
7007744171,2016-04-21 19:00:00,85.93406593406593,74,115,364,19,2016-04-21
7007744171,2016-04-21 20:00:00,75.36079545454545,67,91,352,20,2016-04-21
7007744171,2016-04-21 21:00:00,73.56687898089172,64,91,157,21,2016-04-21
7007744171,2016-04-22 06:00:00,89.48876404494382,70,102,178,6,2016-04-22
7007744171,2016-04-22 07:00:00,81.92151898734177,70,115,395,7,2016-04-22
7007744171,2016-04-22 08:00:00,115.06849315068493,75,135,511,8,2016-04-22
7007744171,2016-04-22 09:00:00,97.35678391959799,70,134,398,9,2016-04-22
7007744171,2016-04-22 10:00:00,80.20648967551622,68,92,339,10,2016-04-22
7007744171,2016-04-22 11:00:00,88.06486486486486,76,107,370,11,2016-04-22
7007744171,2016-04-22 12:00:00,85.07387862796834,71,98,379,12,2016-04-22
7007744171,2016-04-22 13:00:00,92.47492625368731,87,102,339,13,2016-04-22
7007744171,2016-04-22 14:00:00,93.2289156626506,86,100,166,14,2016-04-22
7007744171,2016-04-22 15:00:00,85.40356083086053,69,112,337,15,2016-04-22
7007744171,2016-04-22 16:00:00,106.86538461538461,89,140,468,16,2016-04-22
7007744171,2016-04-22 17:00:00,103.25379609544468,78,128,461,17,2016-04-22
7007744171,2016-04-22 18:00:00,82.24734042553192,68,106,376,18,2016-04-22
7007744171,2016-04-22 19:00:00,112.3076923076923,72,156,494,19,2016-04-22
7007744171,2016-04-22 20:00:00,89.49723756906077,64,121,362,20,2016-04-22
7007744171,2016-04-22 21:00:00,68.48809523809524,57,80,252,21,2016-04-22
7007744171,2016-04-23 06:00:00,88.58974358974359,72,107,273,6,2016-04-23
7007744171,2016-04-23 07:00:00,91.95959595959596,75,118,396,7,2016-04-23
7007744171,2016-04-23 08:00:00,100.55604395604395,66,135,455,8,2016-04-23
7007744171,2016-04-23 09:00:00,82.6178861788618,73,108,246,9,2016-04-23
7007744171,2016-04-23 10:00:00,81.83589743589744,69,110,390,10,2016-04-23
7007744171,2016-04-23 11:00:00,100.22718052738337,72,117,493,11,2016-04-23
7007744171,2016-04-23 12:00:00,91.35135135135135,74,113,407,12,2016-04-23
7007744171,2016-04-23 13:00:00,101.3913043478261,82,119,368,13,2016-04-23
7007744171,2016-04-23 17:00:00,90.0,70,100,6,17,2016-04-23
7007744171,2016-04-24 06:00:00,95.8170731707317,84,122,164,6,2016-04-24
7007744171,2016-04-24 07:00:00,87.29722921914357,73,103,397,7,2016-04-24
7007744171,2016-04-24 08:00:00,90.83990719257541,66,111,431,8,2016-04-24
7007744171,2016-04-24 09:00:00,98.09628008752735,78,118,457,9,2016-04-24
7007744171,2016-04-24 10:00:00,99.16166281755196,70,116,433,10,2016-04-24
7007744171,2016-04-24 11:00:00,86.37209302325581,70,110,387,11,2016-04-24
7007744171,2016-04-24 12:00:00,97.5093896713615,77,118,426,12,2016-04-24
7007744171,2016-04-24 13:00:00,100.27232142857143,84,120,448,13,2016-04-24
7007744171,2016-04-24 14:00:00,97.11244019138756,85,110,418,14,2016-04-24
7007744171,2016-04-24 15:00:00,95.63915094339623,83,110,424,15,2016-04-24
7007744171,2016-04-24 16:00:00,101.66887417218543,89,121,151,16,2016-04-24
7007744171,2016-04-24 17:00:00,121.0,121,121,2,17,2016-04-24
7007744171,2016-04-25 06:00:00,95.26959247648902,60,113,319,6,2016-04-25
7007744171,2016-04-25 07:00:00,106.03991596638656,83,130,476,7,2016-04-25
7007744171,2016-04-25 08:00:00,111.42885375494072,94,137,506,8,2016-04-25
7007744171,2016-04-25 09:00:00,106.07188160676533,83,133,473,9,2016-04-25
7007744171,2016-04-25 10:00:00,105.23779193205945,89,124,471,10,2016-04-25
7007744171,2016-04-25 11:00:00,86.80113636363636,76,108,352,11,2016-04-25
7007744171,2016-04-25 12:00:00,97.49677419354839,78,116,465,12,2016-04-25
7007744171,2016-04-25 13:00:00,97.06852248394004,70,123,467,13,2016-04-25
7007744171,2016-04-25 14:00:00,85.84615384615384,70,108,377,14,2016-04-25
7007744171,2016-04-25 15:00:00,88.19896640826873,68,105,387,15,2016-04-25
7007744171,2016-04-25 16:00:00,75.87222222222222,64,97,360,16,2016-04-25
7007744171,2016-04-25 17:00:00,82.49024390243902,68,114,410,17,2016-04-25
7007744171,2016-04-25 18:00:00,92.34192037470726,79,114,427,18,2016-04-25
7007744171,2016-04-25 19:00:00,82.11111111111111,73,99,369,19,2016-04-25
7007744171,2016-04-25 20:00:00,91.5119760479042,72,111,334,20,2016-04-25
7007744171,2016-04-26 05:00:00,76.5,70,83,4,5,2016-04-26
7007744171,2016-04-26 06:00:00,97.66865671641791,70,131,335,6,2016-04-26
7007744171,2016-04-26 07:00:00,92.13397129186603,75,119,418,7,2016-04-26
7007744171,2016-04-26 08:00:00,78.37413394919169,68,103,433,8,2016-04-26
7007744171,2016-04-26 09:00:00,93.89978213507625,65,137,459,9,2016-04-26
7007744171,2016-04-26 10:00:00,100.20038535645472,74,143,519,10,2016-04-26
7007744171,2016-04-26 11:00:00,98.43711340206185,77,130,485,11,2016-04-26
7007744171,2016-04-26 12:00:00,107.51171875,77,140,512,12,2016-04-26
7007744171,2016-04-26 13:00:00,86.39904988123516,75,109,421,13,2016-04-26
7007744171,2016-04-26 14:00:00,79.25661375661376,69,99,378,14,2016-04-26
7007744171,2016-04-26 15:00:00,90.0794701986755,70,120,453,15,2016-04-26
7007744171,2016-04-26 16:00:00,97.65555555555555,77,116,360,16,2016-04-26
7007744171,2016-04-26 17:00:00,91.54702970297029,75,112,404,17,2016-04-26
7007744171,2016-04-26 18:00:00,89.70023980815348,70,117,417,18,2016-04-26
7007744171,2016-04-26 19:00:00,82.54022988505747,74,102,348,19,2016-04-26
7007744171,2016-04-26 20:00:00,79.43582089552238,71,92,335,20,2016-04-26
7007744171,2016-04-26 21:00:00,77.92997198879551,63,92,357,21,2016-04-26
7007744171,2016-04-26 22:00:00,91.41523341523342,73,116,407,22,2016-04-26
7007744171,2016-04-26 23:00:00,69.60714285714286,63,81,84,23,2016-04-26
7007744171,2016-04-27 06:00:00,94.15290519877676,77,122,327,6,2016-04-27
7007744171,2016-04-27 07:00:00,88.82638888888889,71,109,432,7,2016-04-27
7007744171,2016-04-27 08:00:00,113.23168316831683,77,137,505,8,2016-04-27
7007744171,2016-04-27 09:00:00,102.98765432098766,82,129,405,9,2016-04-27
7007744171,2016-04-27 10:00:00,84.13841807909604,71,106,354,10,2016-04-27
7007744171,2016-04-27 11:00:00,85.75128205128205,72,111,390,11,2016-04-27
7007744171,2016-04-27 12:00:00,95.40796019900498,74,117,402,12,2016-04-27
7007744171,2016-04-27 13:00:00,96.58612440191388,76,121,418,13,2016-04-27
7007744171,2016-04-27 14:00:00,89.3717277486911,78,111,382,14,2016-04-27
7007744171,2016-04-27 15:00:00,102.30310262529832,83,130,419,15,2016-04-27
7007744171,2016-04-27 16:00:00,93.22418136020151,77,122,397,16,2016-04-27
7007744171,2016-04-27 17:00:00,103.36363636363636,85,130,440,17,2016-04-27
7007744171,2016-04-27 18:00:00,95.63578274760384,84,114,313,18,2016-04-27
7007744171,2016-04-27 19:00:00,87.44761904761904,76,113,315,19,2016-04-27
7007744171,2016-04-27 20:00:00,81.62213740458016,72,101,262,20,2016-04-27
7007744171,2016-04-28 06:00:00,94.49375,70,142,320,6,2016-04-28
7007744171,2016-04-28 07:00:00,90.99308755760369,70,133,434,7,2016-04-28
7007744171,2016-04-28 08:00:00,92.35407725321889,64,117,466,8,2016-04-28
7007744171,2016-04-28 09:00:00,103.006,93,118,500,9,2016-04-28
7007744171,2016-04-28 10:00:00,111.2011385199241,89,152,527,10,2016-04-28
7007744171,2016-04-28 11:00:00,101.90928725701944,74,125,463,11,2016-04-28
7007744171,2016-04-28 12:00:00,96.52466367713005,80,113,223,12,2016-04-28
7007744171,2016-04-28 13:00:00,100.49859154929578,87,119,355,13,2016-04-28
7007744171,2016-04-28 14:00:00,85.75515463917526,69,118,388,14,2016-04-28
7007744171,2016-04-28 15:00:00,76.62933333333334,66,93,375,15,2016-04-28
7007744171,2016-04-28 16:00:00,75.52956989247312,62,115,372,16,2016-04-28
7007744171,2016-04-28 17:00:00,79.60830860534125,69,99,337,17,2016-04-28
7007744171,2016-04-28 18:00:00,81.27540106951872,67,105,374,18,2016-04-28
7007744171,2016-04-28 19:00:00,83.06,67,115,450,19,2016-04-28
7007744171,2016-04-28 20:00:00,78.57462686567165,60,132,402,20,2016-04-28
7007744171,2016-04-28 21:00:00,64.46604938271605,58,76,324,21,2016-04-28
7007744171,2016-04-29 06:00:00,89.85039370078741,67,108,254,6,2016-04-29
7007744171,2016-04-29 07:00:00,101.77696078431373,79,116,408,7,2016-04-29
7007744171,2016-04-29 08:00:00,109.39310344827587,92,123,435,8,2016-04-29
7007744171,2016-04-29 09:00:00,92.1990407673861,69,120,417,9,2016-04-29
7007744171,2016-04-29 10:00:00,84.31062670299727,70,145,367,10,2016-04-29
7007744171,2016-04-29 11:00:00,80.95952380952382,63,120,420,11,2016-04-29
7007744171,2016-04-29 12:00:00,90.155,71,111,400,12,2016-04-29
7007744171,2016-04-29 13:00:00,86.9079283887468,74,111,391,13,2016-04-29
7007744171,2016-04-29 14:00:00,97.2064128256513,84,125,499,14,2016-04-29
7007744171,2016-04-29 15:00:00,92.74807197943444,79,114,389,15,2016-04-29
7007744171,2016-04-29 16:00:00,94.9501312335958,79,117,381,16,2016-04-29
7007744171,2016-04-29 17:00:00,105.06639004149378,78,142,482,17,2016-04-29
7007744171,2016-04-29 18:00:00,94.16666666666667,66,132,462,18,2016-04-29
7007744171,2016-04-29 19:00:00,100.10288065843622,75,137,486,19,2016-04-29
7007744171,2016-04-29 20:00:00,87.2014742014742,71,111,407,20,2016-04-29
7007744171,2016-04-29 21:00:00,87.86834733893558,71,108,357,21,2016-04-29
7007744171,2016-04-30 07:00:00,89.92857142857143,82,103,112,7,2016-04-30
7007744171,2016-04-30 08:00:00,89.22195704057279,68,110,419,8,2016-04-30
7007744171,2016-04-30 09:00:00,100.73809523809524,73,124,378,9,2016-04-30
7007744171,2016-04-30 10:00:00,78.39841688654353,62,114,379,10,2016-04-30
7007744171,2016-04-30 11:00:00,74.633423180593,63,96,371,11,2016-04-30
7007744171,2016-04-30 12:00:00,76.39071038251366,66,97,366,12,2016-04-30
7007744171,2016-04-30 13:00:00,86.81972789115646,67,120,294,13,2016-04-30
7007744171,2016-04-30 14:00:00,80.57062146892656,70,102,354,14,2016-04-30
7007744171,2016-04-30 15:00:00,74.30144927536232,64,99,345,15,2016-04-30
7007744171,2016-04-30 16:00:00,76.65406976744185,67,98,344,16,2016-04-30
7007744171,2016-04-30 17:00:00,87.18518518518519,68,110,351,17,2016-04-30
7007744171,2016-04-30 18:00:00,75.4016620498615,61,113,361,18,2016-04-30
7007744171,2016-04-30 19:00:00,74.21676300578035,62,92,346,19,2016-04-30
7007744171,2016-04-30 20:00:00,72.05,64,88,360,20,2016-04-30
7007744171,2016-04-30 21:00:00,74.16666666666667,64,101,342,21,2016-04-30
7007744171,2016-04-30 22:00:00,77.37373737373737,70,92,99,22,2016-04-30
7007744171,2016-04-30 23:00:00,70.0,70,70,4,23,2016-04-30
7007744171,2016-05-01 06:00:00,70.0,70,70,2,6,2016-05-01
7007744171,2016-05-01 07:00:00,86.95219123505976,57,104,251,7,2016-05-01
7007744171,2016-05-01 08:00:00,81.84498480243161,64,109,329,8,2016-05-01
7007744171,2016-05-01 09:00:00,85.80253164556962,66,120,395,9,2016-05-01
7007744171,2016-05-01 10:00:00,73.55053191489361,59,99,376,10,2016-05-01
7007744171,2016-05-01 11:00:00,68.03625377643505,59,89,331,11,2016-05-01
7007744171,2016-05-01 12:00:00,76.84943181818181,60,106,352,12,2016-05-01
7007744171,2016-05-01 13:00:00,110.85649202733485,96,128,439,13,2016-05-01
7007744171,2016-05-01 14:00:00,84.58900523560209,68,100,382,14,2016-05-01
7007744171,2016-05-01 15:00:00,84.45843828715365,69,110,397,15,2016-05-01
7007744171,2016-05-01 16:00:00,93.20142180094787,74,112,422,16,2016-05-01
7007744171,2016-05-01 17:00:00,82.14285714285714,70,106,336,17,2016-05-01
7007744171,2016-05-01 18:00:00,84.0210843373494,70,92,332,18,2016-05-01
7007744171,2016-05-01 19:00:00,83.83387622149837,74,102,307,19,2016-05-01
7007744171,2016-05-01 21:00:00,107.0,107,107,4,21,2016-05-01
7007744171,2016-05-02 06:00:00,92.05014749262537,70,112,339,6,2016-05-02
7007744171,2016-05-02 07:00:00,80.52061855670104,69,102,388,7,2016-05-02
7007744171,2016-05-02 08:00:00,112.71489361702127,82,134,470,8,2016-05-02
7007744171,2016-05-02 09:00:00,106.28676470588235,86,123,408,9,2016-05-02
7007744171,2016-05-02 10:00:00,105.8936170212766,79,147,470,10,2016-05-02
7007744171,2016-05-02 11:00:00,87.58445040214477,68,106,373,11,2016-05-02
7007744171,2016-05-02 12:00:00,82.04065040650407,71,98,369,12,2016-05-02
7007744171,2016-05-02 13:00:00,73.80112044817928,63,95,357,13,2016-05-02
7007744171,2016-05-02 14:00:00,80.49584487534626,64,98,361,14,2016-05-02
7007744171,2016-05-02 15:00:00,80.75211267605634,71,99,355,15,2016-05-02
7007744171,2016-05-02 16:00:00,75.54,64,92,350,16,2016-05-02
7007744171,2016-05-02 17:00:00,85.46475195822454,69,104,383,17,2016-05-02
7007744171,2016-05-02 18:00:00,74.13467048710602,64,93,349,18,2016-05-02
7007744171,2016-05-02 19:00:00,69.41666666666667,58,96,372,19,2016-05-02
7007744171,2016-05-02 20:00:00,68.15902140672783,60,79,327,20,2016-05-02
7007744171,2016-05-02 21:00:00,81.4,70,94,90,21,2016-05-02
7007744171,2016-05-03 06:00:00,100.61278195488721,79,121,266,6,2016-05-03
7007744171,2016-05-03 07:00:00,107.52183406113537,79,138,458,7,2016-05-03
7007744171,2016-05-03 08:00:00,107.84708737864078,85,130,412,8,2016-05-03
7007744171,2016-05-03 09:00:00,94.49019607843137,72,122,408,9,2016-05-03
7007744171,2016-05-03 10:00:00,83.83286908077994,72,102,359,10,2016-05-03
7007744171,2016-05-03 11:00:00,92.89810426540285,72,112,422,11,2016-05-03
7007744171,2016-05-03 12:00:00,94.125,72,116,408,12,2016-05-03
7007744171,2016-05-03 13:00:00,103.91121495327103,83,138,428,13,2016-05-03
7007744171,2016-05-03 14:00:00,86.45384615384616,65,122,390,14,2016-05-03
7007744171,2016-05-03 15:00:00,86.5241935483871,70,106,372,15,2016-05-03
7007744171,2016-05-03 16:00:00,84.2984693877551,66,109,392,16,2016-05-03
7007744171,2016-05-03 17:00:00,94.72251308900523,72,112,382,17,2016-05-03
7007744171,2016-05-03 18:00:00,89.475,75,106,320,18,2016-05-03
7007744171,2016-05-03 19:00:00,81.21428571428571,70,108,350,19,2016-05-03
7007744171,2016-05-03 20:00:00,95.44327176781003,73,131,379,20,2016-05-03
7007744171,2016-05-03 21:00:00,82.8703071672355,68,106,293,21,2016-05-03
7007744171,2016-05-05 06:00:00,94.94982078853046,70,113,279,6,2016-05-05
7007744171,2016-05-05 07:00:00,103.24619289340102,76,130,394,7,2016-05-05
7007744171,2016-05-05 08:00:00,107.2903981264637,81,125,427,8,2016-05-05
7007744171,2016-05-05 09:00:00,109.63452914798206,85,133,446,9,2016-05-05
7007744171,2016-05-05 10:00:00,103.67375886524823,75,125,423,10,2016-05-05
7007744171,2016-05-05 11:00:00,90.09428571428572,78,102,350,11,2016-05-05
7007744171,2016-05-05 12:00:00,94.68681318681318,73,113,182,12,2016-05-05
7007744171,2016-05-05 13:00:00,101.8984771573604,70,121,197,13,2016-05-05
7007744171,2016-05-05 14:00:00,97.41902313624679,82,118,389,14,2016-05-05
7007744171,2016-05-05 15:00:00,96.13915094339623,83,122,424,15,2016-05-05
7007744171,2016-05-05 16:00:00,93.94484412470024,78,113,417,16,2016-05-05
7007744171,2016-05-05 17:00:00,88.7012658227848,76,110,395,17,2016-05-05
7007744171,2016-05-05 18:00:00,90.10831234256926,79,115,397,18,2016-05-05
7007744171,2016-05-05 19:00:00,86.97142857142858,75,110,105,19,2016-05-05
7007744171,2016-05-06 05:00:00,96.52631578947368,89,110,19,5,2016-05-06
7007744171,2016-05-06 06:00:00,116.42996742671009,88,166,614,6,2016-05-06
7007744171,2016-05-06 07:00:00,97.21581196581197,70,121,468,7,2016-05-06
7007744171,2016-05-06 08:00:00,103.94082840236686,80,135,338,8,2016-05-06
7007744171,2016-05-06 09:00:00,94.4431554524362,77,120,431,9,2016-05-06
7007744171,2016-05-06 10:00:00,77.72155688622755,69,96,334,10,2016-05-06
7007744171,2016-05-06 11:00:00,82.82077922077922,67,109,385,11,2016-05-06
7007744171,2016-05-06 12:00:00,82.11167512690355,69,102,394,12,2016-05-06
7007744171,2016-05-06 13:00:00,87.78061224489795,72,112,392,13,2016-05-06
7007744171,2016-05-06 14:00:00,76.05555555555556,67,99,342,14,2016-05-06
7007744171,2016-05-06 15:00:00,79.72397094430993,66,107,413,15,2016-05-06
7007744171,2016-05-06 16:00:00,72.99140401146131,63,96,349,16,2016-05-06
7007744171,2016-05-06 17:00:00,73.84770114942529,62,97,348,17,2016-05-06
7007744171,2016-05-06 18:00:00,80.01408450704226,62,102,355,18,2016-05-06
7007744171,2016-05-06 19:00:00,81.84939759036145,68,130,332,19,2016-05-06
7007744171,2016-05-06 20:00:00,75.10928961748634,64,97,366,20,2016-05-06
8792009665,2016-04-12 00:00:00,70.0,70,70,2,0,2016-04-12
8792009665,2016-04-12 01:00:00,70.0,70,70,2,1,2016-04-12
8792009665,2016-04-12 02:00:00,65.06611570247934,59,128,242,2,2016-04-12
8792009665,2016-04-12 03:00:00,58.889240506329116,54,64,316,3,2016-04-12
8792009665,2016-04-12 04:00:00,60.66774193548387,56,107,310,4,2016-04-12
8792009665,2016-04-12 05:00:00,59.204268292682926,52,81,328,5,2016-04-12
8792009665,2016-04-12 06:00:00,58.403076923076924,54,92,325,6,2016-04-12
8792009665,2016-04-12 07:00:00,58.32448377581121,48,81,339,7,2016-04-12
8792009665,2016-04-12 08:00:00,58.97337278106509,51,106,338,8,2016-04-12
8792009665,2016-04-12 09:00:00,57.969969969969966,53,118,333,9,2016-04-12
8792009665,2016-04-12 10:00:00,71.12631578947368,54,102,380,10,2016-04-12
8792009665,2016-04-12 11:00:00,66.01923076923077,59,88,364,11,2016-04-12
8792009665,2016-04-12 12:00:00,83.78100263852242,59,123,379,12,2016-04-12
8792009665,2016-04-12 13:00:00,78.69820971867007,71,92,391,13,2016-04-12
8792009665,2016-04-12 14:00:00,75.86350974930362,71,84,359,14,2016-04-12
8792009665,2016-04-12 15:00:00,77.53994490358127,64,111,363,15,2016-04-12
8792009665,2016-04-12 16:00:00,69.95402298850574,58,100,348,16,2016-04-12
8792009665,2016-04-12 17:00:00,71.17307692307692,70,84,156,17,2016-04-12
8792009665,2016-04-12 18:00:00,86.7246835443038,62,135,316,18,2016-04-12
8792009665,2016-04-12 19:00:00,81.77225672877847,60,117,483,19,2016-04-12
8792009665,2016-04-12 20:00:00,67.0,56,89,378,20,2016-04-12
8792009665,2016-04-12 21:00:00,62.18055555555556,53,98,360,21,2016-04-12
8792009665,2016-04-12 22:00:00,66.54907161803713,57,91,377,22,2016-04-12
8792009665,2016-04-12 23:00:00,70.21105527638191,54,97,398,23,2016-04-12
8792009665,2016-04-13 00:00:00,70.43256997455471,56,108,393,0,2016-04-13
8792009665,2016-04-13 01:00:00,66.6340206185567,59,98,194,1,2016-04-13
8792009665,2016-04-13 02:00:00,65.42045454545455,60,74,264,2,2016-04-13
8792009665,2016-04-13 03:00:00,65.48929663608563,53,76,327,3,2016-04-13
8792009665,2016-04-13 04:00:00,63.11076923076923,54,76,325,4,2016-04-13
8792009665,2016-04-13 05:00:00,63.135802469135804,56,91,162,5,2016-04-13
8792009665,2016-04-13 06:00:00,59.411764705882355,53,104,323,6,2016-04-13
8792009665,2016-04-13 07:00:00,57.97982708933718,50,99,347,7,2016-04-13
8792009665,2016-04-13 08:00:00,54.96165191740413,45,86,339,8,2016-04-13
8792009665,2016-04-13 09:00:00,57.04761904761905,51,78,336,9,2016-04-13
8792009665,2016-04-13 10:00:00,63.08215297450425,43,96,353,10,2016-04-13
8792009665,2016-04-13 11:00:00,70.88059701492537,58,105,402,11,2016-04-13
8792009665,2016-04-13 12:00:00,74.056,62,86,375,12,2016-04-13
8792009665,2016-04-13 13:00:00,77.22278481012658,65,119,395,13,2016-04-13
8792009665,2016-04-13 14:00:00,67.48041775456919,59,80,383,14,2016-04-13
8792009665,2016-04-13 15:00:00,68.26666666666667,60,111,390,15,2016-04-13
8792009665,2016-04-13 16:00:00,62.07713498622589,56,75,363,16,2016-04-13
8792009665,2016-04-13 17:00:00,68.7937062937063,59,97,286,17,2016-04-13
8792009665,2016-04-13 18:00:00,81.28030303030303,64,101,132,18,2016-04-13
8792009665,2016-04-13 19:00:00,84.63594470046083,71,121,434,19,2016-04-13
8792009665,2016-04-13 20:00:00,78.36734693877551,68,104,392,20,2016-04-13
8792009665,2016-04-13 21:00:00,73.01587301587301,63,82,378,21,2016-04-13
8792009665,2016-04-13 22:00:00,71.91927083333333,65,105,384,22,2016-04-13
8792009665,2016-04-13 23:00:00,73.05177111716621,64,87,367,23,2016-04-13
8792009665,2016-04-14 00:00:00,81.21197007481297,59,124,401,0,2016-04-14
8792009665,2016-04-14 01:00:00,74.92329545454545,62,110,352,1,2016-04-14
8792009665,2016-04-14 02:00:00,63.06927710843374,54,82,332,2,2016-04-14
8792009665,2016-04-14 03:00:00,63.69155844155844,57,79,308,3,2016-04-14
8792009665,2016-04-14 04:00:00,61.738351254480285,54,85,279,4,2016-04-14
8792009665,2016-04-14 05:00:00,55.75073313782991,47,73,341,5,2016-04-14
8792009665,2016-04-14 06:00:00,60.14,51,106,300,6,2016-04-14
8792009665,2016-04-14 07:00:00,59.26979472140763,52,86,341,7,2016-04-14
8792009665,2016-04-14 08:00:00,55.83673469387755,49,75,343,8,2016-04-14
8792009665,2016-04-14 09:00:00,58.35423197492163,51,105,319,9,2016-04-14
8792009665,2016-04-14 10:00:00,57.32448377581121,46,78,339,10,2016-04-14
8792009665,2016-04-14 11:00:00,74.43170731707318,58,100,410,11,2016-04-14
8792009665,2016-04-14 12:00:00,75.95538057742782,65,101,381,12,2016-04-14
8792009665,2016-04-14 13:00:00,76.34688346883469,64,87,369,13,2016-04-14
8792009665,2016-04-14 14:00:00,74.17647058823529,58,83,391,14,2016-04-14
8792009665,2016-04-14 15:00:00,70.88888888888889,57,93,387,15,2016-04-14
8792009665,2016-04-14 16:00:00,70.41666666666667,64,83,360,16,2016-04-14
8792009665,2016-04-14 17:00:00,80.41176470588235,66,119,221,17,2016-04-14
8792009665,2016-04-14 18:00:00,81.40086206896552,63,110,232,18,2016-04-14
8792009665,2016-04-14 21:00:00,72.69076305220884,61,105,249,21,2016-04-14
8792009665,2016-04-14 22:00:00,71.9014423076923,62,89,416,22,2016-04-14
8792009665,2016-04-14 23:00:00,77.46153846153847,67,96,390,23,2016-04-14
8792009665,2016-04-15 00:00:00,76.10969387755102,60,116,392,0,2016-04-15
8792009665,2016-04-15 01:00:00,64.36096256684492,56,83,374,1,2016-04-15
8792009665,2016-04-15 02:00:00,68.49863760217984,59,98,367,2,2016-04-15
8792009665,2016-04-15 03:00:00,66.00335570469798,61,83,298,3,2016-04-15
8792009665,2016-04-15 04:00:00,64.653125,56,88,320,4,2016-04-15
8792009665,2016-04-15 05:00:00,65.13920454545455,50,81,352,5,2016-04-15
8792009665,2016-04-15 06:00:00,66.77439024390245,57,96,328,6,2016-04-15
8792009665,2016-04-15 07:00:00,62.76142131979695,54,98,197,7,2016-04-15
8792009665,2016-04-15 08:00:00,60.86970684039088,56,98,307,8,2016-04-15
8792009665,2016-04-15 09:00:00,63.409893992932865,49,103,283,9,2016-04-15
8792009665,2016-04-15 10:00:00,71.59345794392523,66,102,214,10,2016-04-15
8792009665,2016-04-15 11:00:00,72.20809248554913,65,97,173,11,2016-04-15
8792009665,2016-04-20 01:00:00,72.83333333333333,57,117,18,1,2016-04-20
8792009665,2016-04-20 02:00:00,57.942424242424245,54,107,330,2,2016-04-20
8792009665,2016-04-20 03:00:00,57.182724252491695,54,61,301,3,2016-04-20
8792009665,2016-04-20 04:00:00,57.401162790697676,48,82,344,4,2016-04-20
8792009665,2016-04-20 05:00:00,55.79032258064516,53,72,310,5,2016-04-20
8792009665,2016-04-20 06:00:00,57.12738853503185,49,68,314,6,2016-04-20
8792009665,2016-04-20 07:00:00,52.848942598187314,44,66,331,7,2016-04-20
8792009665,2016-04-20 08:00:00,60.41580756013746,55,63,291,8,2016-04-20
8792009665,2016-04-20 09:00:00,56.42901234567901,44,96,324,9,2016-04-20
8792009665,2016-04-20 10:00:00,63.07949790794979,52,87,239,10,2016-04-20
8792009665,2016-04-20 11:00:00,68.67397260273972,54,93,365,11,2016-04-20
8792009665,2016-04-20 12:00:00,78.1321243523316,61,114,386,12,2016-04-20
8792009665,2016-04-20 13:00:00,71.72560975609755,61,82,328,13,2016-04-20
8792009665,2016-04-20 14:00:00,74.94586894586895,66,92,351,14,2016-04-20
8792009665,2016-04-20 15:00:00,72.6969696969697,64,84,363,15,2016-04-20
8792009665,2016-04-20 16:00:00,71.59947643979058,62,102,382,16,2016-04-20
8792009665,2016-04-20 17:00:00,96.72236503856041,70,120,389,17,2016-04-20
8792009665,2016-04-20 18:00:00,78.24678663239075,68,97,389,18,2016-04-20
8792009665,2016-04-20 19:00:00,79.60659898477158,70,112,394,19,2016-04-20
8792009665,2016-04-20 20:00:00,84.90625,68,112,448,20,2016-04-20
8792009665,2016-04-20 21:00:00,76.62745098039215,59,102,408,21,2016-04-20
8792009665,2016-04-20 22:00:00,65.90452261306532,54,94,398,22,2016-04-20
8792009665,2016-04-20 23:00:00,71.19337016574586,55,86,362,23,2016-04-20
8792009665,2016-04-21 00:00:00,80.9888888888889,66,108,180,0,2016-04-21
8792009665,2016-04-21 10:00:00,70.0,70,70,2,10,2016-04-21
8792009665,2016-04-21 13:00:00,75.0,75,75,2,13,2016-04-21
8792009665,2016-04-22 00:00:00,70.82758620689656,46,123,29,0,2016-04-22
8792009665,2016-04-22 01:00:00,76.88524590163935,68,123,366,1,2016-04-22
8792009665,2016-04-22 02:00:00,67.55839416058394,64,98,274,2,2016-04-22
8792009665,2016-04-22 03:00:00,65.70748299319727,59,79,294,3,2016-04-22
8792009665,2016-04-22 04:00:00,65.5583596214511,63,68,317,4,2016-04-22
8792009665,2016-04-22 05:00:00,59.32692307692308,49,93,312,5,2016-04-22
8792009665,2016-04-22 06:00:00,60.090614886731395,55,78,309,6,2016-04-22
8792009665,2016-04-22 07:00:00,57.111111111111114,45,80,333,7,2016-04-22
8792009665,2016-04-22 08:00:00,62.09705882352941,44,107,340,8,2016-04-22
8792009665,2016-04-22 09:00:00,63.22693266832918,54,108,401,9,2016-04-22
8792009665,2016-04-22 10:00:00,65.32647814910025,56,81,389,10,2016-04-22
8792009665,2016-04-22 11:00:00,68.24711316397229,56,116,433,11,2016-04-22
8792009665,2016-04-22 12:00:00,66.47680412371135,55,113,388,12,2016-04-22
8792009665,2016-04-22 13:00:00,68.7550505050505,59,85,396,13,2016-04-22
8792009665,2016-04-22 14:00:00,67.06027397260274,53,75,365,14,2016-04-22
8792009665,2016-04-22 15:00:00,68.88059701492537,56,100,402,15,2016-04-22
8792009665,2016-04-22 16:00:00,86.85301837270342,61,115,381,16,2016-04-22
8792009665,2016-04-22 17:00:00,89.76674364896074,68,113,433,17,2016-04-22
8792009665,2016-04-22 18:00:00,88.13197969543147,63,131,394,18,2016-04-22
8792009665,2016-04-22 19:00:00,90.3768472906404,65,114,406,19,2016-04-22
8792009665,2016-04-22 20:00:00,82.58418367346938,61,114,392,20,2016-04-22
8792009665,2016-04-22 21:00:00,60.33038348082596,54,73,339,21,2016-04-22
8792009665,2016-04-22 22:00:00,59.566757493188014,53,75,367,22,2016-04-22
8792009665,2016-04-22 23:00:00,61.390243902439025,54,72,369,23,2016-04-22
8792009665,2016-04-23 00:00:00,72.87598944591029,57,117,379,0,2016-04-23
8792009665,2016-04-23 01:00:00,76.58423913043478,61,119,368,1,2016-04-23
8792009665,2016-04-23 02:00:00,66.57142857142857,58,89,336,2,2016-04-23
8792009665,2016-04-23 03:00:00,61.56891495601173,56,74,341,3,2016-04-23
8792009665,2016-04-23 04:00:00,64.97923875432527,56,78,289,4,2016-04-23
8792009665,2016-04-23 05:00:00,66.99395770392749,51,81,331,5,2016-04-23
8792009665,2016-04-23 06:00:00,68.96142433234421,60,90,337,6,2016-04-23
8792009665,2016-04-23 07:00:00,61.34540389972145,48,93,359,7,2016-04-23
8792009665,2016-04-23 08:00:00,61.08408408408408,52,90,333,8,2016-04-23
8792009665,2016-04-23 09:00:00,75.36061381074168,55,115,391,9,2016-04-23
8792009665,2016-04-23 10:00:00,92.48868778280543,77,130,221,10,2016-04-23
8792009665,2016-04-23 11:00:00,86.90736842105264,68,112,475,11,2016-04-23
8792009665,2016-04-23 12:00:00,79.18274111675127,68,103,394,12,2016-04-23
8792009665,2016-04-23 13:00:00,106.78571428571429,81,141,476,13,2016-04-23
8792009665,2016-04-23 14:00:00,88.3731343283582,70,118,402,14,2016-04-23
8792009665,2016-04-23 15:00:00,86.71186440677967,69,123,413,15,2016-04-23
8792009665,2016-04-23 16:00:00,87.37316561844864,66,124,477,16,2016-04-23
8792009665,2016-04-23 17:00:00,89.12709832134293,75,112,417,17,2016-04-23
8792009665,2016-04-23 18:00:00,90.18735362997658,74,115,427,18,2016-04-23
8792009665,2016-04-23 19:00:00,78.56267409470752,70,91,359,19,2016-04-23
8792009665,2016-04-23 20:00:00,77.16389548693587,62,104,421,20,2016-04-23
8792009665,2016-04-23 21:00:00,70.65974025974026,61,103,385,21,2016-04-23
8792009665,2016-04-23 22:00:00,66.7237851662404,58,82,391,22,2016-04-23
8792009665,2016-04-23 23:00:00,70.27613941018767,60,84,373,23,2016-04-23
8792009665,2016-04-24 00:00:00,66.96712328767123,57,87,365,0,2016-04-24
8792009665,2016-04-24 01:00:00,86.78896103896103,55,120,308,1,2016-04-24
8792009665,2016-04-26 09:00:00,66.53456221198157,55,112,217,9,2016-04-26
8792009665,2016-04-26 10:00:00,61.63025210084034,55,73,357,10,2016-04-26
8792009665,2016-04-26 11:00:00,62.94492753623189,54,105,345,11,2016-04-26
8792009665,2016-04-26 12:00:00,69.74074074074075,56,110,216,12,2016-04-26
8792009665,2016-04-26 13:00:00,69.78571428571429,59,84,364,13,2016-04-26
8792009665,2016-04-26 14:00:00,70.4366576819407,57,91,371,14,2016-04-26
8792009665,2016-04-26 15:00:00,66.73961218836565,59,83,361,15,2016-04-26
8792009665,2016-04-26 16:00:00,64.97422680412372,55,83,388,16,2016-04-26
8792009665,2016-04-26 17:00:00,76.58588235294117,56,101,425,17,2016-04-26
8792009665,2016-04-26 18:00:00,86.0,67,114,413,18,2016-04-26
8792009665,2016-04-26 19:00:00,78.59663865546219,70,101,357,19,2016-04-26
8792009665,2016-04-26 20:00:00,70.72,59,100,375,20,2016-04-26
8792009665,2016-04-26 21:00:00,66.33416458852868,58,90,401,21,2016-04-26
8792009665,2016-04-26 22:00:00,67.19946808510639,61,77,376,22,2016-04-26
8792009665,2016-04-26 23:00:00,65.31675392670157,58,97,382,23,2016-04-26
8792009665,2016-04-27 00:00:00,82.66748768472907,61,127,406,0,2016-04-27
8792009665,2016-04-27 01:00:00,73.4707520891365,57,120,359,1,2016-04-27
8792009665,2016-04-27 02:00:00,63.72352941176471,59,70,340,2,2016-04-27
8792009665,2016-04-27 03:00:00,62.22186495176849,55,84,311,3,2016-04-27
8792009665,2016-04-27 04:00:00,53.976401179941,43,63,339,4,2016-04-27
8792009665,2016-04-27 05:00:00,55.69005847953216,44,75,342,5,2016-04-27
8792009665,2016-04-27 06:00:00,57.351351351351354,53,75,333,6,2016-04-27
8792009665,2016-04-27 07:00:00,55.4985835694051,45,82,353,7,2016-04-27
8792009665,2016-04-27 08:00:00,53.982698961937714,46,58,289,8,2016-04-27
8792009665,2016-04-27 09:00:00,69.29292929292929,51,125,396,9,2016-04-27
8792009665,2016-04-27 10:00:00,62.05865921787709,55,77,358,10,2016-04-27
8792009665,2016-04-27 11:00:00,68.01785714285714,55,107,392,11,2016-04-27
8792009665,2016-04-27 12:00:00,69.9438775510204,60,83,392,12,2016-04-27
8792009665,2016-04-27 13:00:00,70.50253807106598,59,124,394,13,2016-04-27
8792009665,2016-04-27 14:00:00,69.17150395778364,61,81,379,14,2016-04-27
8792009665,2016-04-27 15:00:00,68.76764705882353,59,83,340,15,2016-04-27
8792009665,2016-04-27 16:00:00,77.1044776119403,67,98,268,16,2016-04-27
8792009665,2016-04-27 17:00:00,97.95364238410596,70,132,151,17,2016-04-27
8792009665,2016-04-27 18:00:00,87.0130548302872,66,104,383,18,2016-04-27
8792009665,2016-04-27 19:00:00,75.73130193905817,62,103,361,19,2016-04-27
8792009665,2016-04-27 20:00:00,71.17721518987342,56,97,395,20,2016-04-27
8792009665,2016-04-27 21:00:00,71.90281329923273,62,97,391,21,2016-04-27
8792009665,2016-04-27 22:00:00,72.16576086956522,65,81,368,22,2016-04-27
8792009665,2016-04-27 23:00:00,70.10109289617486,63,92,366,23,2016-04-27
8792009665,2016-04-28 00:00:00,73.43116883116883,61,107,385,0,2016-04-28
8792009665,2016-04-28 01:00:00,67.4030226700252,55,104,397,1,2016-04-28
8792009665,2016-04-28 02:00:00,68.9023746701847,53,121,379,2,2016-04-28
8792009665,2016-04-28 03:00:00,56.616129032258065,53,59,310,3,2016-04-28
8792009665,2016-04-28 04:00:00,52.559006211180126,46,60,322,4,2016-04-28
8792009665,2016-04-28 05:00:00,53.611275964391695,44,66,337,5,2016-04-28
8792009665,2016-04-28 06:00:00,59.649517684887456,52,81,311,6,2016-04-28
8792009665,2016-04-28 07:00:00,60.87966804979253,51,70,241,7,2016-04-28
8792009665,2016-04-28 08:00:00,56.72560975609756,50,104,328,8,2016-04-28
8792009665,2016-04-28 09:00:00,70.3547557840617,47,122,389,9,2016-04-28
8792009665,2016-04-28 10:00:00,80.59688195991092,62,114,449,10,2016-04-28
8792009665,2016-04-28 11:00:00,74.50872817955113,61,114,401,11,2016-04-28
8792009665,2016-04-28 12:00:00,74.01808785529715,63,87,387,12,2016-04-28
8792009665,2016-04-28 13:00:00,85.66832917705736,68,126,401,13,2016-04-28
8792009665,2016-04-28 14:00:00,91.2275,70,125,400,14,2016-04-28
8792009665,2016-04-28 15:00:00,87.66883116883118,63,110,462,15,2016-04-28
8792009665,2016-04-28 16:00:00,88.57668711656441,74,111,489,16,2016-04-28
8792009665,2016-04-28 17:00:00,94.34453781512605,68,134,476,17,2016-04-28
8792009665,2016-04-28 18:00:00,94.71645021645021,74,112,462,18,2016-04-28
8792009665,2016-04-28 19:00:00,97.17361111111111,72,120,432,19,2016-04-28
8792009665,2016-04-28 20:00:00,89.40094339622641,74,129,424,20,2016-04-28
8792009665,2016-04-28 21:00:00,74.92820512820512,62,85,390,21,2016-04-28
8792009665,2016-04-28 22:00:00,71.20918367346938,61,80,392,22,2016-04-28
8792009665,2016-04-28 23:00:00,75.75121951219512,65,114,410,23,2016-04-28
8792009665,2016-04-29 00:00:00,81.76036866359448,62,117,434,0,2016-04-29
8792009665,2016-04-29 01:00:00,81.43152454780362,63,114,387,1,2016-04-29
8792009665,2016-04-29 02:00:00,70.93162393162393,57,120,351,2,2016-04-29
8792009665,2016-04-29 03:00:00,62.121580547112465,59,65,329,3,2016-04-29
8792009665,2016-04-29 04:00:00,58.60422960725076,50,74,331,4,2016-04-29
8792009665,2016-04-29 05:00:00,64.33232628398791,56,87,331,5,2016-04-29
8792009665,2016-04-29 06:00:00,66.62691131498471,52,74,327,6,2016-04-29
8792009665,2016-04-29 07:00:00,60.645714285714284,48,76,350,7,2016-04-29
8792009665,2016-04-29 08:00:00,63.61363636363637,54,71,308,8,2016-04-29
8792009665,2016-04-29 09:00:00,81.1514423076923,59,98,416,9,2016-04-29
8792009665,2016-04-29 10:00:00,93.83572895277207,72,158,487,10,2016-04-29
8792009665,2016-04-29 11:00:00,83.05339805825243,60,133,412,11,2016-04-29
8792009665,2016-04-29 12:00:00,67.28092783505154,56,101,388,12,2016-04-29
8792009665,2016-04-29 13:00:00,69.00804289544236,57,108,373,13,2016-04-29
8792009665,2016-04-29 14:00:00,100.1868787276342,79,133,503,14,2016-04-29
8792009665,2016-04-29 15:00:00,94.12931034482759,75,120,464,15,2016-04-29
8792009665,2016-04-29 16:00:00,95.45362903225806,73,118,496,16,2016-04-29
8792009665,2016-04-29 17:00:00,91.7364185110664,72,112,497,17,2016-04-29
8792009665,2016-04-29 18:00:00,89.54401805869074,60,111,443,18,2016-04-29
8792009665,2016-04-29 19:00:00,88.81379310344828,74,118,435,19,2016-04-29
8792009665,2016-04-29 20:00:00,93.21961620469084,74,120,469,20,2016-04-29
8792009665,2016-04-29 21:00:00,79.47,65,106,300,21,2016-04-29
8792009665,2016-04-29 23:00:00,87.59210526315789,74,100,76,23,2016-04-29
8792009665,2016-04-30 00:00:00,75.70054945054945,63,112,364,0,2016-04-30
8792009665,2016-04-30 01:00:00,75.46223564954683,66,94,331,1,2016-04-30
8792009665,2016-04-30 02:00:00,72.01027397260275,63,105,292,2,2016-04-30
8792009665,2016-04-30 03:00:00,63.50840336134454,56,97,238,3,2016-04-30
8792009665,2016-04-30 04:00:00,65.93065693430657,59,71,274,4,2016-04-30
8792009665,2016-04-30 05:00:00,65.86075949367088,60,72,316,5,2016-04-30
8792009665,2016-04-30 06:00:00,65.82153846153847,57,86,325,6,2016-04-30
8792009665,2016-04-30 07:00:00,60.61878453038674,48,106,362,7,2016-04-30
8792009665,2016-04-30 08:00:00,67.88141025641026,49,94,312,8,2016-04-30
8792009665,2016-04-30 09:00:00,89.94292803970224,59,132,403,9,2016-04-30
8792009665,2016-04-30 10:00:00,89.33975903614459,78,122,415,10,2016-04-30
8792009665,2016-04-30 11:00:00,85.09547738693468,72,107,398,11,2016-04-30
8792009665,2016-04-30 12:00:00,85.0953488372093,65,113,430,12,2016-04-30
8792009665,2016-04-30 13:00:00,88.14084507042253,64,111,426,13,2016-04-30
8792009665,2016-04-30 14:00:00,85.83140877598153,70,107,433,14,2016-04-30
8792009665,2016-04-30 15:00:00,96.55357142857143,79,127,392,15,2016-04-30
8792009665,2016-04-30 16:00:00,89.175,78,115,400,16,2016-04-30
8792009665,2016-04-30 17:00:00,93.23770491803279,84,116,366,17,2016-04-30
8792009665,2016-04-30 18:00:00,97.19088937093275,69,127,461,18,2016-04-30
8792009665,2016-04-30 19:00:00,96.76433121019109,73,130,471,19,2016-04-30
8792009665,2016-04-30 20:00:00,82.4186046511628,65,103,430,20,2016-04-30
8792009665,2016-04-30 21:00:00,83.25355450236967,69,115,422,21,2016-04-30
8792009665,2016-04-30 22:00:00,73.44623655913979,64,100,372,22,2016-04-30
8792009665,2016-04-30 23:00:00,73.24421593830334,58,96,389,23,2016-04-30
8792009665,2016-05-01 00:00:00,71.6281690140845,60,99,355,0,2016-05-01
8792009665,2016-05-01 01:00:00,63.21180555555556,60,72,288,1,2016-05-01
8792009665,2016-05-01 02:00:00,64.6066066066066,54,79,333,2,2016-05-01
8792009665,2016-05-01 03:00:00,62.73501577287066,58,69,317,3,2016-05-01
8792009665,2016-05-01 04:00:00,64.57142857142857,52,86,294,4,2016-05-01
8792009665,2016-05-01 05:00:00,62.77203647416413,54,70,329,5,2016-05-01
8792009665,2016-05-01 06:00:00,64.50773993808049,50,93,323,6,2016-05-01
8792009665,2016-05-01 07:00:00,57.74447949526814,50,76,317,7,2016-05-01
8792009665,2016-05-01 08:00:00,57.561764705882354,50,112,340,8,2016-05-01
8792009665,2016-05-01 09:00:00,55.19461077844311,43,90,334,9,2016-05-01
8792009665,2016-05-01 10:00:00,67.15441176470588,58,99,408,10,2016-05-01
8792009665,2016-05-01 11:00:00,76.62347188264059,58,123,409,11,2016-05-01
8792009665,2016-05-01 12:00:00,73.11023622047244,60,84,381,12,2016-05-01
8792009665,2016-05-01 13:00:00,73.00523560209425,60,117,382,13,2016-05-01
8792009665,2016-05-01 14:00:00,78.92170818505338,49,110,281,14,2016-05-01
8792009665,2016-05-01 15:00:00,69.83042394014963,61,103,401,15,2016-05-01
8792009665,2016-05-01 16:00:00,64.91959798994975,56,87,398,16,2016-05-01
8792009665,2016-05-01 17:00:00,62.530150753768844,54,103,398,17,2016-05-01
8792009665,2016-05-01 18:00:00,80.32418952618454,55,100,401,18,2016-05-01
8792009665,2016-05-01 19:00:00,75.76041666666667,66,101,384,19,2016-05-01
8792009665,2016-05-01 20:00:00,70.62694300518135,60,99,386,20,2016-05-01
8792009665,2016-05-01 21:00:00,66.07774798927613,56,87,373,21,2016-05-01
8792009665,2016-05-01 22:00:00,66.38190954773869,58,81,398,22,2016-05-01
8792009665,2016-05-01 23:00:00,71.06005221932115,61,106,383,23,2016-05-01
8792009665,2016-05-02 00:00:00,77.72330097087378,59,119,412,0,2016-05-02
8792009665,2016-05-02 01:00:00,70.3567415730337,57,107,356,1,2016-05-02
8792009665,2016-05-02 02:00:00,68.61797752808988,58,119,356,2,2016-05-02
8792009665,2016-05-02 03:00:00,61.26258992805755,57,68,278,3,2016-05-02
8792009665,2016-05-02 04:00:00,62.559485530546624,53,76,311,4,2016-05-02
8792009665,2016-05-02 05:00:00,63.11875,58,74,320,5,2016-05-02
8792009665,2016-05-02 06:00:00,55.13256484149856,45,74,347,6,2016-05-02
8792009665,2016-05-02 07:00:00,58.51851851851852,49,74,324,7,2016-05-02
8792009665,2016-05-02 08:00:00,58.43653250773994,48,89,323,8,2016-05-02
8792009665,2016-05-02 09:00:00,64.58982035928143,52,111,334,9,2016-05-02
8792009665,2016-05-02 10:00:00,62.24431818181818,56,74,352,10,2016-05-02
8792009665,2016-05-02 11:00:00,75.57457212713936,56,129,409,11,2016-05-02
8792009665,2016-05-02 12:00:00,78.87738419618529,70,101,367,12,2016-05-02
8792009665,2016-05-02 13:00:00,73.84931506849315,67,87,365,13,2016-05-02
8792009665,2016-05-02 14:00:00,72.37190082644628,65,84,363,14,2016-05-02
8792009665,2016-05-02 15:00:00,68.38095238095238,58,90,378,15,2016-05-02
8792009665,2016-05-02 16:00:00,71.73993808049535,59,87,323,16,2016-05-02
8792009665,2016-05-02 17:00:00,70.0,70,70,103,17,2016-05-02
8792009665,2016-05-02 18:00:00,65.23410404624278,55,108,346,18,2016-05-02
8792009665,2016-05-02 19:00:00,59.983695652173914,55,67,368,19,2016-05-02
8792009665,2016-05-02 20:00:00,62.46153846153846,53,95,364,20,2016-05-02
8792009665,2016-05-02 21:00:00,59.81111111111111,50,80,360,21,2016-05-02
8792009665,2016-05-02 22:00:00,74.96700507614213,63,91,394,22,2016-05-02
8792009665,2016-05-02 23:00:00,75.4478021978022,62,90,364,23,2016-05-02
8792009665,2016-05-03 00:00:00,76.86065573770492,64,113,366,0,2016-05-03
8792009665,2016-05-03 01:00:00,78.11568123393316,63,106,389,1,2016-05-03
8792009665,2016-05-03 02:00:00,64.19798657718121,57,70,298,2,2016-05-03
8792009665,2016-05-03 03:00:00,68.203007518797,59,84,266,3,2016-05-03
8792009665,2016-05-03 04:00:00,63.5635838150289,50,111,346,4,2016-05-03
8792009665,2016-05-03 05:00:00,65.7760736196319,56,74,326,5,2016-05-03
8792009665,2016-05-03 06:00:00,61.1242774566474,49,97,346,6,2016-05-03
8792009665,2016-05-03 07:00:00,58.93538461538461,45,112,325,7,2016-05-03
8792009665,2016-05-03 08:00:00,59.3187134502924,49,84,342,8,2016-05-03
8792009665,2016-05-03 09:00:00,57.8280701754386,48,98,285,9,2016-05-03
8792009665,2016-05-03 10:00:00,55.89344262295082,47,78,244,10,2016-05-03
8792009665,2016-05-03 11:00:00,80.29611650485437,48,118,412,11,2016-05-03
8792009665,2016-05-03 12:00:00,78.97720797720798,68,96,351,12,2016-05-03
8792009665,2016-05-03 13:00:00,74.57938718662953,64,88,359,13,2016-05-03
8792009665,2016-05-03 14:00:00,76.04815864022663,65,85,353,14,2016-05-03
8792009665,2016-05-03 15:00:00,81.29946524064171,67,117,374,15,2016-05-03
8792009665,2016-05-03 16:00:00,78.78861788617886,65,119,369,16,2016-05-03
8792009665,2016-05-03 17:00:00,88.72055427251732,64,116,433,17,2016-05-03
8792009665,2016-05-03 18:00:00,88.27570093457943,63,111,428,18,2016-05-03
8792009665,2016-05-03 19:00:00,87.7917737789203,79,101,389,19,2016-05-03
8792009665,2016-05-03 20:00:00,79.21989528795811,67,95,382,20,2016-05-03
8792009665,2016-05-03 21:00:00,78.9641873278237,60,103,363,21,2016-05-03
8792009665,2016-05-03 22:00:00,78.77088948787062,68,93,371,22,2016-05-03
8792009665,2016-05-03 23:00:00,77.91029023746702,65,101,379,23,2016-05-03
8792009665,2016-05-04 00:00:00,83.01873536299766,66,114,427,0,2016-05-04
8792009665,2016-05-04 01:00:00,79.45013477088949,66,114,371,1,2016-05-04
8792009665,2016-05-04 02:00:00,74.03012048192771,62,97,332,2,2016-05-04
8792009665,2016-05-04 03:00:00,73.38940809968847,61,96,321,3,2016-05-04
8792009665,2016-05-04 04:00:00,68.71757925072046,52,92,347,4,2016-05-04
8792009665,2016-05-04 05:00:00,76.72100313479623,55,83,319,5,2016-05-04
8792009665,2016-05-04 06:00:00,74.54968944099379,69,93,322,6,2016-05-04
8792009665,2016-05-04 07:00:00,71.14912280701755,55,94,342,7,2016-05-04
8792009665,2016-05-04 08:00:00,72.86094674556213,52,92,338,8,2016-05-04
8792009665,2016-05-04 09:00:00,70.01639344262296,51,112,305,9,2016-05-04
8792009665,2016-05-04 10:00:00,80.3455497382199,64,93,191,10,2016-05-04
8877689391,2016-04-12 06:00:00,81.84415584415585,70,112,77,6,2016-04-12
8877689391,2016-04-12 07:00:00,71.9608695652174,52,107,460,7,2016-04-12
8877689391,2016-04-12 08:00:00,61.086021505376344,47,95,465,8,2016-04-12
8877689391,2016-04-12 09:00:00,62.07654320987654,49,117,405,9,2016-04-12
8877689391,2016-04-12 10:00:00,62.096926713947994,49,115,423,10,2016-04-12
8877689391,2016-04-12 11:00:00,106.90322580645162,49,161,682,11,2016-04-12
8877689391,2016-04-12 12:00:00,144.00313971742543,75,164,1274,12,2016-04-12
8877689391,2016-04-12 13:00:00,70.6288888888889,61,96,450,13,2016-04-12
8877689391,2016-04-12 14:00:00,65.34862385321101,58,73,436,14,2016-04-12
8877689391,2016-04-12 15:00:00,77.52422907488987,57,113,454,15,2016-04-12
8877689391,2016-04-12 16:00:00,76.48470588235294,58,102,425,16,2016-04-12
8877689391,2016-04-12 17:00:00,77.66194331983806,62,103,494,17,2016-04-12
8877689391,2016-04-12 18:00:00,91.73283858998144,58,126,539,18,2016-04-12
8877689391,2016-04-12 19:00:00,72.85161290322581,54,94,465,19,2016-04-12
8877689391,2016-04-12 20:00:00,73.35176991150442,59,93,452,20,2016-04-12
8877689391,2016-04-12 21:00:00,76.0158371040724,64,108,442,21,2016-04-12
8877689391,2016-04-12 22:00:00,73.03857566765579,62,93,337,22,2016-04-12
8877689391,2016-04-13 06:00:00,79.5,69,91,6,6,2016-04-13
8877689391,2016-04-13 07:00:00,72.36382978723404,59,95,470,7,2016-04-13
8877689391,2016-04-13 08:00:00,62.149882903981265,53,101,427,8,2016-04-13
8877689391,2016-04-13 09:00:00,62.082742316784866,52,104,423,9,2016-04-13
8877689391,2016-04-13 10:00:00,64.10698689956332,52,105,458,10,2016-04-13
8877689391,2016-04-13 11:00:00,64.53047404063206,50,98,443,11,2016-04-13
8877689391,2016-04-13 12:00:00,94.8562874251497,54,160,501,12,2016-04-13
8877689391,2016-04-13 13:00:00,60.86206896551724,54,86,435,13,2016-04-13
8877689391,2016-04-13 14:00:00,60.91705069124424,54,80,434,14,2016-04-13
8877689391,2016-04-13 15:00:00,65.03125,53,105,448,15,2016-04-13
8877689391,2016-04-13 16:00:00,73.11933174224343,57,109,419,16,2016-04-13
8877689391,2016-04-13 17:00:00,111.28127939793039,69,143,1063,17,2016-04-13
8877689391,2016-04-13 18:00:00,126.33719433719433,80,160,1554,18,2016-04-13
8877689391,2016-04-13 19:00:00,75.67561521252796,57,124,447,19,2016-04-13
8877689391,2016-04-13 20:00:00,71.51869158878505,57,93,428,20,2016-04-13
8877689391,2016-04-13 21:00:00,69.07565011820331,57,97,423,21,2016-04-13
8877689391,2016-04-13 22:00:00,66.3080808080808,57,79,198,22,2016-04-13
8877689391,2016-04-14 06:00:00,79.4,70,85,50,6,2016-04-14
8877689391,2016-04-14 07:00:00,71.28787878787878,57,98,462,7,2016-04-14
8877689391,2016-04-14 08:00:00,65.41855203619909,53,105,442,8,2016-04-14
8877689391,2016-04-14 09:00:00,64.42669584245077,50,97,457,9,2016-04-14
8877689391,2016-04-14 10:00:00,60.19634703196347,52,93,438,10,2016-04-14
8877689391,2016-04-14 11:00:00,66.3849765258216,52,108,426,11,2016-04-14
8877689391,2016-04-14 12:00:00,69.06060606060606,57,94,363,12,2016-04-14
8877689391,2016-04-14 13:00:00,65.6029776674938,58,81,403,13,2016-04-14
8877689391,2016-04-14 14:00:00,63.723981900452486,52,91,442,14,2016-04-14
8877689391,2016-04-14 15:00:00,74.04366812227074,52,111,458,15,2016-04-14
8877689391,2016-04-14 16:00:00,150.68622656886717,70,169,1227,16,2016-04-14
8877689391,2016-04-14 17:00:00,110.33705772811918,66,169,537,17,2016-04-14
8877689391,2016-04-14 18:00:00,76.38041002277905,62,103,439,18,2016-04-14
8877689391,2016-04-14 19:00:00,80.74301675977654,66,100,358,19,2016-04-14
8877689391,2016-04-14 20:00:00,81.80855397148676,59,107,491,20,2016-04-14
8877689391,2016-04-14 21:00:00,73.31446540880503,57,105,477,21,2016-04-14
8877689391,2016-04-14 22:00:00,74.16743119266054,58,91,436,22,2016-04-14
8877689391,2016-04-14 23:00:00,69.50526315789473,61,83,190,23,2016-04-14
8877689391,2016-04-15 06:00:00,75.91304347826087,65,82,23,6,2016-04-15
8877689391,2016-04-15 07:00:00,72.67351598173516,62,95,438,7,2016-04-15
8877689391,2016-04-15 08:00:00,63.52719665271967,48,97,478,8,2016-04-15
8877689391,2016-04-15 09:00:00,70.25647058823529,56,108,425,9,2016-04-15
8877689391,2016-04-15 10:00:00,66.33920704845815,52,88,454,10,2016-04-15
8877689391,2016-04-15 11:00:00,69.48299319727892,51,99,441,11,2016-04-15
8877689391,2016-04-15 12:00:00,68.93348623853211,55,95,436,12,2016-04-15
8877689391,2016-04-15 13:00:00,70.3542600896861,58,113,446,13,2016-04-15
8877689391,2016-04-15 14:00:00,66.34114583333333,55,97,384,14,2016-04-15
8877689391,2016-04-15 15:00:00,66.38875305623472,56,99,409,15,2016-04-15
8877689391,2016-04-15 16:00:00,68.09326424870466,57,102,386,16,2016-04-15
8877689391,2016-04-15 17:00:00,91.81387478849408,57,139,591,17,2016-04-15
8877689391,2016-04-15 18:00:00,134.83166109253065,102,165,1794,18,2016-04-15
8877689391,2016-04-15 19:00:00,125.49223946784923,70,158,1353,19,2016-04-15
8877689391,2016-04-15 20:00:00,77.62049861495845,65,97,361,20,2016-04-15
8877689391,2016-04-15 21:00:00,80.3440366972477,62,104,436,21,2016-04-15
8877689391,2016-04-15 22:00:00,86.22350230414746,68,105,434,22,2016-04-15
8877689391,2016-04-15 23:00:00,75.72026431718062,61,94,454,23,2016-04-15
8877689391,2016-04-16 00:00:00,73.35190615835778,62,101,341,0,2016-04-16
8877689391,2016-04-16 08:00:00,73.65587044534414,58,92,494,8,2016-04-16
8877689391,2016-04-16 09:00:00,83.90295358649789,64,107,474,9,2016-04-16
8877689391,2016-04-16 10:00:00,76.72291666666666,57,93,480,10,2016-04-16
8877689391,2016-04-16 11:00:00,71.90697674418605,54,100,473,11,2016-04-16
8877689391,2016-04-16 12:00:00,148.07196029776674,57,172,1209,12,2016-04-16
8877689391,2016-04-16 13:00:00,129.01512287334594,67,170,529,13,2016-04-16
8877689391,2016-04-16 14:00:00,85.42247191011236,73,102,445,14,2016-04-16
8877689391,2016-04-16 15:00:00,83.59292035398231,68,104,452,15,2016-04-16
8877689391,2016-04-16 16:00:00,79.6964705882353,66,103,425,16,2016-04-16
8877689391,2016-04-16 17:00:00,79.81428571428572,57,103,490,17,2016-04-16
8877689391,2016-04-16 18:00:00,82.69915254237289,63,128,472,18,2016-04-16
8877689391,2016-04-16 19:00:00,79.61415525114155,68,90,438,19,2016-04-16
8877689391,2016-04-16 20:00:00,77.72911392405064,64,99,395,20,2016-04-16
8877689391,2016-04-16 21:00:00,77.31683168316832,67,101,404,21,2016-04-16
8877689391,2016-04-16 22:00:00,71.91421568627452,62,96,408,22,2016-04-16
8877689391,2016-04-16 23:00:00,85.43027888446215,64,117,502,23,2016-04-16
8877689391,2016-04-17 00:00:00,79.59528907922912,61,114,467,0,2016-04-17
8877689391,2016-04-17 01:00:00,77.24015748031496,57,115,508,1,2016-04-17
8877689391,2016-04-17 02:00:00,76.31632653061224,59,112,490,2,2016-04-17
8877689391,2016-04-17 03:00:00,68.45695364238411,64,81,151,3,2016-04-17
8877689391,2016-04-17 10:00:00,76.3170731707317,67,84,82,10,2016-04-17
8877689391,2016-04-17 11:00:00,72.05109489051095,55,109,411,11,2016-04-17
8877689391,2016-04-17 12:00:00,60.675,51,95,480,12,2016-04-17
8877689391,2016-04-17 13:00:00,63.81038374717833,51,106,443,13,2016-04-17
8877689391,2016-04-17 14:00:00,63.76849642004773,51,82,419,14,2016-04-17
8877689391,2016-04-17 15:00:00,60.236486486486484,53,117,444,15,2016-04-17
8877689391,2016-04-17 16:00:00,67.5805785123967,56,93,484,16,2016-04-17
8877689391,2016-04-17 17:00:00,103.52801724137932,64,154,928,17,2016-04-17
8877689391,2016-04-17 18:00:00,133.31218416619876,78,167,1781,18,2016-04-17
8877689391,2016-04-17 19:00:00,77.74407582938389,64,88,422,19,2016-04-17
8877689391,2016-04-17 20:00:00,69.89247311827957,56,99,465,20,2016-04-17
8877689391,2016-04-17 21:00:00,71.32291666666667,64,84,96,21,2016-04-17
8877689391,2016-04-18 06:00:00,81.45454545454545,71,87,33,6,2016-04-18
8877689391,2016-04-18 07:00:00,68.48165137614679,54,92,436,7,2016-04-18
8877689391,2016-04-18 08:00:00,60.9875,49,97,480,8,2016-04-18
8877689391,2016-04-18 09:00:00,63.32196162046908,49,103,469,9,2016-04-18
8877689391,2016-04-18 10:00:00,59.164351851851855,49,102,432,10,2016-04-18
8877689391,2016-04-18 11:00:00,61.604026845637584,51,101,447,11,2016-04-18
8877689391,2016-04-18 12:00:00,91.30271398747391,64,139,479,12,2016-04-18
8877689391,2016-04-18 13:00:00,69.16404494382023,57,110,445,13,2016-04-18
8877689391,2016-04-18 14:00:00,61.5662100456621,50,99,438,14,2016-04-18
8877689391,2016-04-18 15:00:00,63.797777777777775,53,101,450,15,2016-04-18
8877689391,2016-04-18 16:00:00,65.09345794392523,48,100,428,16,2016-04-18
8877689391,2016-04-18 17:00:00,59.346055979643765,51,80,393,17,2016-04-18
8877689391,2016-04-18 18:00:00,63.32876712328767,52,77,438,18,2016-04-18
8877689391,2016-04-18 19:00:00,69.33188720173536,54,93,461,19,2016-04-18
8877689391,2016-04-18 20:00:00,63.817047817047815,55,84,481,20,2016-04-18
8877689391,2016-04-18 21:00:00,67.44827586206897,56,88,232,21,2016-04-18
8877689391,2016-04-19 06:00:00,81.25974025974025,61,101,154,6,2016-04-19
8877689391,2016-04-19 07:00:00,70.82165605095541,54,106,471,7,2016-04-19
8877689391,2016-04-19 08:00:00,59.310722100656456,51,78,457,8,2016-04-19
8877689391,2016-04-19 09:00:00,67.52212389380531,51,128,452,9,2016-04-19
8877689391,2016-04-19 10:00:00,61.18535469107552,53,96,437,10,2016-04-19
8877689391,2016-04-19 11:00:00,61.27146171693735,49,84,431,11,2016-04-19
8877689391,2016-04-19 12:00:00,97.04208416833667,53,168,499,12,2016-04-19
8877689391,2016-04-19 13:00:00,66.23887587822014,55,103,427,13,2016-04-19
8877689391,2016-04-19 14:00:00,58.5452380952381,52,77,420,14,2016-04-19
8877689391,2016-04-19 15:00:00,64.40855106888361,53,110,421,15,2016-04-19
8877689391,2016-04-19 16:00:00,159.248,79,178,1375,16,2016-04-19
8877689391,2016-04-19 17:00:00,87.6531100478469,67,115,418,17,2016-04-19
8877689391,2016-04-19 18:00:00,76.30526315789474,64,90,380,18,2016-04-19
8877689391,2016-04-19 19:00:00,76.33949191685912,62,91,433,19,2016-04-19
8877689391,2016-04-19 20:00:00,72.72747747747748,64,90,444,20,2016-04-19
8877689391,2016-04-19 21:00:00,72.85274725274725,61,101,455,21,2016-04-19
8877689391,2016-04-19 22:00:00,68.51724137931035,60,83,203,22,2016-04-19
8877689391,2016-04-20 06:00:00,72.64044943820225,60,85,89,6,2016-04-20
8877689391,2016-04-20 07:00:00,74.12443438914028,58,131,442,7,2016-04-20
8877689391,2016-04-20 08:00:00,65.70370370370371,52,97,486,8,2016-04-20
8877689391,2016-04-20 09:00:00,64.56732891832229,55,88,453,9,2016-04-20
8877689391,2016-04-20 10:00:00,64.29186602870813,55,99,418,10,2016-04-20
8877689391,2016-04-20 11:00:00,67.52892561983471,52,103,484,11,2016-04-20
8877689391,2016-04-20 12:00:00,73.01237113402063,52,158,485,12,2016-04-20
8877689391,2016-04-20 13:00:00,63.78815489749431,55,86,439,13,2016-04-20
8877689391,2016-04-20 14:00:00,61.03341288782816,51,92,419,14,2016-04-20
8877689391,2016-04-20 15:00:00,63.759009009009006,53,104,444,15,2016-04-20
8877689391,2016-04-20 16:00:00,69.29515418502203,51,107,454,16,2016-04-20
8877689391,2016-04-20 17:00:00,99.68404423380727,55,160,633,17,2016-04-20
8877689391,2016-04-20 18:00:00,157.68794326241135,64,173,1128,18,2016-04-20
8877689391,2016-04-20 19:00:00,90.36551724137931,74,113,435,19,2016-04-20
8877689391,2016-04-20 20:00:00,81.09669811320755,69,100,424,20,2016-04-20
8877689391,2016-04-20 21:00:00,78.59681093394077,65,101,439,21,2016-04-20
8877689391,2016-04-20 22:00:00,70.82222222222222,61,83,135,22,2016-04-20
8877689391,2016-04-21 06:00:00,80.575,68,98,40,6,2016-04-21
8877689391,2016-04-21 07:00:00,69.57834101382488,55,98,434,7,2016-04-21
8877689391,2016-04-21 08:00:00,62.9070351758794,53,77,398,8,2016-04-21
8877689391,2016-04-21 09:00:00,64.8265306122449,54,96,392,9,2016-04-21
8877689391,2016-04-21 10:00:00,62.30281690140845,53,83,426,10,2016-04-21
8877689391,2016-04-21 11:00:00,68.7248322147651,55,102,447,11,2016-04-21
8877689391,2016-04-21 12:00:00,67.74660633484163,54,89,442,12,2016-04-21
8877689391,2016-04-21 13:00:00,73.73696682464455,61,137,422,13,2016-04-21
8877689391,2016-04-21 14:00:00,67.72842639593908,59,95,394,14,2016-04-21
8877689391,2016-04-21 15:00:00,132.25280898876406,63,166,890,15,2016-04-21
8877689391,2016-04-21 16:00:00,143.15179606025492,75,170,863,16,2016-04-21
8877689391,2016-04-21 17:00:00,86.49163179916317,61,116,478,17,2016-04-21
8877689391,2016-04-21 18:00:00,86.57638888888889,63,117,432,18,2016-04-21
8877689391,2016-04-21 19:00:00,72.63761467889908,62,95,436,19,2016-04-21
8877689391,2016-04-21 20:00:00,69.96190476190476,61,89,420,20,2016-04-21
8877689391,2016-04-21 21:00:00,75.3757225433526,64,98,346,21,2016-04-21
8877689391,2016-04-21 22:00:00,76.5527950310559,64,107,322,22,2016-04-21
8877689391,2016-04-22 06:00:00,78.40714285714286,70,108,140,6,2016-04-22
8877689391,2016-04-22 07:00:00,69.99521531100478,52,112,418,7,2016-04-22
8877689391,2016-04-22 08:00:00,64.46908315565032,51,114,469,8,2016-04-22
8877689391,2016-04-22 09:00:00,64.32535885167464,52,110,418,9,2016-04-22
8877689391,2016-04-22 10:00:00,64.21678321678321,54,100,429,10,2016-04-22
8877689391,2016-04-22 11:00:00,64.2128712871287,53,87,404,11,2016-04-22
8877689391,2016-04-22 12:00:00,62.33256880733945,52,87,436,12,2016-04-22
8877689391,2016-04-22 13:00:00,63.518348623853214,52,103,436,13,2016-04-22
8877689391,2016-04-22 14:00:00,64.43589743589743,51,109,429,14,2016-04-22
8877689391,2016-04-22 15:00:00,65.84175824175824,51,107,455,15,2016-04-22
8877689391,2016-04-22 16:00:00,68.38799076212472,47,115,433,16,2016-04-22
8877689391,2016-04-22 17:00:00,76.85321100917432,59,111,436,17,2016-04-22
8877689391,2016-04-22 18:00:00,140.21583986074847,63,163,1149,18,2016-04-22
8877689391,2016-04-22 19:00:00,117.21028744326777,59,151,661,19,2016-04-22
8877689391,2016-04-22 20:00:00,79.24942791762014,68,96,437,20,2016-04-22
8877689391,2016-04-22 21:00:00,74.6945107398568,63,96,419,21,2016-04-22
8877689391,2016-04-22 22:00:00,69.50632911392405,57,91,316,22,2016-04-22
8877689391,2016-04-23 07:00:00,63.5448275862069,53,114,290,7,2016-04-23
8877689391,2016-04-23 08:00:00,71.65462753950338,54,103,443,8,2016-04-23
8877689391,2016-04-23 09:00:00,74.37831325301205,55,99,415,9,2016-04-23
8877689391,2016-04-23 10:00:00,72.99763593380615,58,89,423,10,2016-04-23
8877689391,2016-04-23 11:00:00,76.96575342465754,58,99,438,11,2016-04-23
8877689391,2016-04-23 12:00:00,122.82986360373295,73,156,1393,12,2016-04-23
8877689391,2016-04-23 13:00:00,130.85691489361702,99,165,1880,13,2016-04-23
8877689391,2016-04-23 14:00:00,104.46071428571429,70,145,560,14,2016-04-23
8877689391,2016-04-23 15:00:00,82.58808933002481,71,108,403,15,2016-04-23
8877689391,2016-04-23 16:00:00,69.49217002237137,56,100,447,16,2016-04-23
8877689391,2016-04-23 17:00:00,70.16166281755196,57,95,433,17,2016-04-23
8877689391,2016-04-23 18:00:00,75.15882352941176,60,108,510,18,2016-04-23
8877689391,2016-04-23 19:00:00,72.47537473233405,55,102,467,19,2016-04-23
8877689391,2016-04-23 20:00:00,71.48373101952278,56,93,461,20,2016-04-23
8877689391,2016-04-23 21:00:00,69.22291666666666,57,95,480,21,2016-04-23
8877689391,2016-04-23 22:00:00,67.62637362637362,60,85,182,22,2016-04-23
8877689391,2016-04-24 07:00:00,69.68181818181819,57,97,110,7,2016-04-24
8877689391,2016-04-24 08:00:00,67.86713286713287,51,100,429,8,2016-04-24
8877689391,2016-04-24 09:00:00,71.51973684210526,56,93,456,9,2016-04-24
8877689391,2016-04-24 10:00:00,66.90744920993228,54,99,443,10,2016-04-24
8877689391,2016-04-24 11:00:00,67.04026845637584,57,81,447,11,2016-04-24
8877689391,2016-04-24 12:00:00,76.46420323325636,60,101,433,12,2016-04-24
8877689391,2016-04-24 13:00:00,69.36629213483145,58,89,445,13,2016-04-24
8877689391,2016-04-24 14:00:00,68.48214285714286,59,90,448,14,2016-04-24
8877689391,2016-04-24 15:00:00,73.61573033707865,58,104,445,15,2016-04-24
8877689391,2016-04-24 16:00:00,63.26326530612245,56,79,490,16,2016-04-24
8877689391,2016-04-24 17:00:00,156.40390879478826,58,171,1228,17,2016-04-24
8877689391,2016-04-24 18:00:00,106.95238095238095,75,167,420,18,2016-04-24
8877689391,2016-04-24 19:00:00,75.78909952606635,63,96,422,19,2016-04-24
8877689391,2016-04-24 20:00:00,72.5916114790287,64,92,453,20,2016-04-24
8877689391,2016-04-24 21:00:00,70.62412993039443,58,92,431,21,2016-04-24
8877689391,2016-04-25 06:00:00,78.00709219858156,63,113,141,6,2016-04-25
8877689391,2016-04-25 07:00:00,68.89767441860465,56,91,430,7,2016-04-25
8877689391,2016-04-25 08:00:00,65.96949891067538,51,98,459,8,2016-04-25
8877689391,2016-04-25 09:00:00,66.34693877551021,50,102,441,9,2016-04-25
8877689391,2016-04-25 10:00:00,69.87556561085972,53,125,442,10,2016-04-25
8877689391,2016-04-25 11:00:00,63.870535714285715,49,103,448,11,2016-04-25
8877689391,2016-04-25 12:00:00,105.21739130434783,54,176,483,12,2016-04-25
8877689391,2016-04-25 13:00:00,73.45243128964059,52,153,473,13,2016-04-25
8877689391,2016-04-25 14:00:00,62.308411214953274,52,102,428,14,2016-04-25
8877689391,2016-04-25 15:00:00,57.18501170960187,52,70,427,15,2016-04-25
8877689391,2016-04-25 16:00:00,67.41517857142857,51,107,448,16,2016-04-25
8877689391,2016-04-25 17:00:00,69.43023255813954,55,92,430,17,2016-04-25
8877689391,2016-04-25 18:00:00,127.51472253680635,68,152,1766,18,2016-04-25
8877689391,2016-04-25 19:00:00,124.96472392638037,51,163,1304,19,2016-04-25
8877689391,2016-04-25 20:00:00,79.48689956331877,62,98,458,20,2016-04-25
8877689391,2016-04-25 21:00:00,73.4890350877193,61,88,456,21,2016-04-25
8877689391,2016-04-25 22:00:00,78.47122302158273,66,97,278,22,2016-04-25
8877689391,2016-04-26 06:00:00,77.9,66,95,30,6,2016-04-26
8877689391,2016-04-26 07:00:00,68.82682926829268,59,99,410,7,2016-04-26
8877689391,2016-04-26 08:00:00,66.1258581235698,53,100,437,8,2016-04-26
8877689391,2016-04-26 09:00:00,62.042986425339365,49,83,442,9,2016-04-26
8877689391,2016-04-26 10:00:00,62.172413793103445,53,96,464,10,2016-04-26
8877689391,2016-04-26 11:00:00,70.54318181818182,53,102,440,11,2016-04-26
8877689391,2016-04-26 12:00:00,77.71428571428571,52,123,469,12,2016-04-26
8877689391,2016-04-26 13:00:00,62.845208845208845,53,92,407,13,2016-04-26
8877689391,2016-04-26 14:00:00,59.5743073047859,50,87,397,14,2016-04-26
8877689391,2016-04-26 15:00:00,60.27142857142857,51,87,420,15,2016-04-26
8877689391,2016-04-26 16:00:00,68.31501057082453,53,109,473,16,2016-04-26
8877689391,2016-04-26 17:00:00,65.84538653366583,54,85,401,17,2016-04-26
8877689391,2016-04-26 18:00:00,72.19473684210526,54,93,380,18,2016-04-26
8877689391,2016-04-26 19:00:00,66.68168168168168,57,116,333,19,2016-04-26
8877689391,2016-04-26 20:00:00,76.03167420814479,54,125,442,20,2016-04-26
8877689391,2016-04-26 21:00:00,71.85526315789474,59,89,456,21,2016-04-26
8877689391,2016-04-26 22:00:00,68.31262939958592,51,95,483,22,2016-04-26
8877689391,2016-04-26 23:00:00,65.4065934065934,53,84,182,23,2016-04-26
8877689391,2016-04-27 06:00:00,79.16129032258064,70,99,31,6,2016-04-27
8877689391,2016-04-27 07:00:00,81.39958158995816,56,134,478,7,2016-04-27
8877689391,2016-04-27 08:00:00,64.74776785714286,48,104,448,8,2016-04-27
8877689391,2016-04-27 09:00:00,60.88009592326139,51,90,417,9,2016-04-27
8877689391,2016-04-27 10:00:00,66.85421412300683,48,116,439,10,2016-04-27
8877689391,2016-04-27 11:00:00,70.57787810383748,51,99,443,11,2016-04-27
8877689391,2016-04-27 12:00:00,81.33730158730158,53,127,504,12,2016-04-27
8877689391,2016-04-27 13:00:00,65.26206896551724,52,116,435,13,2016-04-27
8877689391,2016-04-27 14:00:00,62.05145413870246,53,114,447,14,2016-04-27
8877689391,2016-04-27 15:00:00,70.08230452674897,48,110,486,15,2016-04-27
8877689391,2016-04-27 16:00:00,63.21641791044776,48,102,402,16,2016-04-27
8877689391,2016-04-27 17:00:00,107.3529411764706,46,163,697,17,2016-04-27
8877689391,2016-04-27 18:00:00,143.57356608478804,71,162,1203,18,2016-04-27
8877689391,2016-04-27 19:00:00,77.46954314720813,58,106,394,19,2016-04-27
8877689391,2016-04-27 20:00:00,76.3859649122807,66,109,399,20,2016-04-27
8877689391,2016-04-27 21:00:00,73.33707865168539,58,96,445,21,2016-04-27
8877689391,2016-04-27 22:00:00,72.24458204334366,57,105,323,22,2016-04-27
8877689391,2016-04-28 06:00:00,84.79661016949153,65,96,59,6,2016-04-28
8877689391,2016-04-28 07:00:00,69.27251732101617,56,96,433,7,2016-04-28
8877689391,2016-04-28 08:00:00,58.63869463869464,50,94,429,8,2016-04-28
8877689391,2016-04-28 09:00:00,58.79383886255924,51,95,422,9,2016-04-28
8877689391,2016-04-28 10:00:00,59.16279069767442,47,91,430,10,2016-04-28
8877689391,2016-04-28 11:00:00,60.7073732718894,48,96,434,11,2016-04-28
8877689391,2016-04-28 12:00:00,92.9089108910891,54,153,505,12,2016-04-28
8877689391,2016-04-28 13:00:00,58.105386416861826,51,71,427,13,2016-04-28
8877689391,2016-04-28 14:00:00,61.65296803652968,51,97,438,14,2016-04-28
8877689391,2016-04-28 15:00:00,64.6837416481069,52,97,449,15,2016-04-28
8877689391,2016-04-28 16:00:00,69.2654462242563,52,113,437,16,2016-04-28
8877689391,2016-04-28 17:00:00,67.01216545012166,48,90,411,17,2016-04-28
8877689391,2016-04-28 18:00:00,75.57894736842105,47,110,437,18,2016-04-28
8877689391,2016-04-28 19:00:00,73.1694214876033,52,111,484,19,2016-04-28
8877689391,2016-04-28 20:00:00,61.26376146788991,52,87,436,20,2016-04-28
8877689391,2016-04-28 21:00:00,65.39379474940334,53,90,419,21,2016-04-28
8877689391,2016-04-28 22:00:00,63.70558375634518,55,92,197,22,2016-04-28
8877689391,2016-04-29 06:00:00,78.9090909090909,67,96,33,6,2016-04-29
8877689391,2016-04-29 07:00:00,66.38747099767981,55,101,431,7,2016-04-29
8877689391,2016-04-29 08:00:00,59.68,52,78,425,8,2016-04-29
8877689391,2016-04-29 09:00:00,60.13215859030837,49,115,454,9,2016-04-29
8877689391,2016-04-29 10:00:00,59.53712871287129,51,86,404,10,2016-04-29
8877689391,2016-04-29 11:00:00,62.785714285714285,53,95,476,11,2016-04-29
8877689391,2016-04-29 12:00:00,76.73560767590618,47,131,469,12,2016-04-29
8877689391,2016-04-29 13:00:00,62.702947845804985,52,99,441,13,2016-04-29
8877689391,2016-04-29 14:00:00,60.74821852731591,52,85,421,14,2016-04-29
8877689391,2016-04-29 15:00:00,60.1571072319202,50,87,401,15,2016-04-29
8877689391,2016-04-29 16:00:00,60.73182957393484,48,99,399,16,2016-04-29
8877689391,2016-04-29 17:00:00,62.53431372549019,49,83,408,17,2016-04-29
8877689391,2016-04-29 18:00:00,71.02184466019418,50,124,412,18,2016-04-29
8877689391,2016-04-29 19:00:00,69.40686274509804,59,124,408,19,2016-04-29
8877689391,2016-04-29 20:00:00,64.32425742574257,56,121,404,20,2016-04-29
8877689391,2016-04-29 21:00:00,66.07785888077859,57,98,411,21,2016-04-29
8877689391,2016-04-29 22:00:00,65.61731207289294,54,83,439,22,2016-04-29
8877689391,2016-04-29 23:00:00,65.80434782608695,60,77,138,23,2016-04-29
8877689391,2016-04-30 07:00:00,78.11111111111111,65,88,72,7,2016-04-30
8877689391,2016-04-30 08:00:00,62.321100917431195,49,76,436,8,2016-04-30
8877689391,2016-04-30 09:00:00,61.389978213507625,50,90,459,9,2016-04-30
8877689391,2016-04-30 10:00:00,65.21041214750542,49,99,461,10,2016-04-30
8877689391,2016-04-30 11:00:00,75.29046563192905,59,118,451,11,2016-04-30
8877689391,2016-04-30 12:00:00,72.60714285714286,52,102,420,12,2016-04-30
8877689391,2016-04-30 13:00:00,143.35838150289018,66,167,1038,13,2016-04-30
8877689391,2016-04-30 14:00:00,160.00282286520817,149,170,1417,14,2016-04-30
8877689391,2016-04-30 15:00:00,137.37605633802818,63,169,710,15,2016-04-30
8877689391,2016-04-30 16:00:00,81.80528846153847,72,91,416,16,2016-04-30
8877689391,2016-04-30 17:00:00,80.51742627345844,62,91,373,17,2016-04-30
8877689391,2016-04-30 18:00:00,77.99768518518519,54,94,432,18,2016-04-30
8877689391,2016-04-30 19:00:00,74.93765586034912,66,94,401,19,2016-04-30
8877689391,2016-04-30 20:00:00,70.04774535809018,60,83,377,20,2016-04-30
8877689391,2016-04-30 21:00:00,69.44222222222223,58,81,450,21,2016-04-30
8877689391,2016-04-30 22:00:00,66.43137254901961,58,85,153,22,2016-04-30
8877689391,2016-05-01 08:00:00,92.7,64,145,80,8,2016-05-01
8877689391,2016-05-01 09:00:00,79.93650793650794,55,127,504,9,2016-05-01
8877689391,2016-05-01 10:00:00,75.60587002096436,57,117,477,10,2016-05-01
8877689391,2016-05-01 11:00:00,70.07692307692308,54,89,442,11,2016-05-01
8877689391,2016-05-01 12:00:00,67.78260869565217,55,109,506,12,2016-05-01
8877689391,2016-05-01 13:00:00,71.80972515856237,57,92,473,13,2016-05-01
8877689391,2016-05-01 14:00:00,60.030092592592595,49,75,432,14,2016-05-01
8877689391,2016-05-01 15:00:00,61.495726495726494,48,92,468,15,2016-05-01
8877689391,2016-05-01 16:00:00,69.59645232815964,52,94,451,16,2016-05-01
8877689391,2016-05-01 17:00:00,70.43333333333334,59,93,480,17,2016-05-01
8877689391,2016-05-01 18:00:00,77.97945205479452,62,108,438,18,2016-05-01
8877689391,2016-05-01 19:00:00,69.43191489361702,60,113,470,19,2016-05-01
8877689391,2016-05-01 20:00:00,73.08154506437768,56,108,466,20,2016-05-01
8877689391,2016-05-01 21:00:00,65.27027027027027,55,87,296,21,2016-05-01
8877689391,2016-05-02 06:00:00,81.04761904761905,70,100,42,6,2016-05-02
8877689391,2016-05-02 07:00:00,68.85526315789474,57,86,456,7,2016-05-02
8877689391,2016-05-02 08:00:00,62.14004376367615,51,97,457,8,2016-05-02
8877689391,2016-05-02 09:00:00,63.7066974595843,52,100,433,9,2016-05-02
8877689391,2016-05-02 10:00:00,64.22505307855626,53,108,471,10,2016-05-02
8877689391,2016-05-02 11:00:00,60.96055684454756,47,92,431,11,2016-05-02
8877689391,2016-05-02 12:00:00,62.318518518518516,56,81,135,12,2016-05-02
8877689391,2016-05-02 19:00:00,76.26470588235294,66,90,102,19,2016-05-02
8877689391,2016-05-02 20:00:00,73.1839378238342,64,91,386,20,2016-05-02
8877689391,2016-05-02 21:00:00,73.0,70,77,15,21,2016-05-02
8877689391,2016-05-03 06:00:00,83.57894736842105,69,102,57,6,2016-05-03
8877689391,2016-05-03 07:00:00,71.73542600896862,56,110,446,7,2016-05-03
8877689391,2016-05-03 08:00:00,65.28077753779698,55,98,463,8,2016-05-03
8877689391,2016-05-03 09:00:00,67.69086651053864,54,118,427,9,2016-05-03
8877689391,2016-05-03 10:00:00,62.9656652360515,50,108,466,10,2016-05-03
8877689391,2016-05-03 11:00:00,67.98598130841121,53,150,428,11,2016-05-03
8877689391,2016-05-03 12:00:00,76.32754880694144,55,132,461,12,2016-05-03
8877689391,2016-05-03 13:00:00,62.766439909297056,54,78,441,13,2016-05-03
8877689391,2016-05-03 14:00:00,60.49753694581281,54,74,406,14,2016-05-03
8877689391,2016-05-03 15:00:00,64.09153318077803,49,107,437,15,2016-05-03
8877689391,2016-05-03 16:00:00,59.89702517162471,51,85,437,16,2016-05-03
8877689391,2016-05-03 17:00:00,69.2576112412178,51,112,427,17,2016-05-03
8877689391,2016-05-03 18:00:00,65.37352245862884,54,101,423,18,2016-05-03
8877689391,2016-05-03 19:00:00,70.62863070539419,48,101,482,19,2016-05-03
8877689391,2016-05-03 20:00:00,65.93736501079914,54,96,463,20,2016-05-03
8877689391,2016-05-03 21:00:00,68.028,53,102,500,21,2016-05-03
8877689391,2016-05-03 22:00:00,79.98644986449864,57,128,369,22,2016-05-03
8877689391,2016-05-04 06:00:00,78.56435643564356,65,122,101,6,2016-05-04
8877689391,2016-05-04 07:00:00,71.4,61,93,415,7,2016-05-04
8877689391,2016-05-04 08:00:00,67.55348837209303,57,95,430,8,2016-05-04
8877689391,2016-05-04 09:00:00,69.69533169533169,61,94,407,9,2016-05-04
8877689391,2016-05-04 10:00:00,69.68280871670702,59,91,413,10,2016-05-04
8877689391,2016-05-04 11:00:00,70.72592592592592,58,84,405,11,2016-05-04
8877689391,2016-05-04 12:00:00,69.57348703170028,61,84,347,12,2016-05-04
8877689391,2016-05-04 13:00:00,67.09135802469136,60,78,405,13,2016-05-04
8877689391,2016-05-04 14:00:00,67.26804123711341,57,79,388,14,2016-05-04
8877689391,2016-05-04 15:00:00,63.78142076502732,56,81,366,15,2016-05-04
8877689391,2016-05-04 16:00:00,100.33670033670033,58,160,594,16,2016-05-04
8877689391,2016-05-04 17:00:00,146.8641141141141,76,168,1332,17,2016-05-04
8877689391,2016-05-04 18:00:00,83.25153374233129,68,112,326,18,2016-05-04
8877689391,2016-05-04 19:00:00,82.71138211382114,65,103,492,19,2016-05-04
8877689391,2016-05-04 20:00:00,80.17731958762887,70,94,485,20,2016-05-04
8877689391,2016-05-04 21:00:00,71.50526315789473,62,105,285,21,2016-05-04
8877689391,2016-05-05 07:00:00,74.12109375,59,97,256,7,2016-05-05
8877689391,2016-05-05 08:00:00,67.17788461538461,54,87,416,8,2016-05-05
8877689391,2016-05-05 09:00:00,71.27740492170022,53,105,447,9,2016-05-05
8877689391,2016-05-05 10:00:00,89.82830188679246,60,127,530,10,2016-05-05
8877689391,2016-05-05 11:00:00,77.51116071428571,54,142,448,11,2016-05-05
8877689391,2016-05-05 12:00:00,78.41774891774892,58,121,462,12,2016-05-05
8877689391,2016-05-05 13:00:00,65.15980629539952,56,78,413,13,2016-05-05
8877689391,2016-05-05 14:00:00,67.60925449871465,57,93,389,14,2016-05-05
8877689391,2016-05-05 15:00:00,75.6376811594203,61,110,414,15,2016-05-05
8877689391,2016-05-05 16:00:00,73.58908045977012,65,91,348,16,2016-05-05
8877689391,2016-05-05 17:00:00,72.37758112094396,64,84,339,17,2016-05-05
8877689391,2016-05-05 18:00:00,77.05109489051095,61,121,411,18,2016-05-05
8877689391,2016-05-05 19:00:00,69.2520325203252,56,107,369,19,2016-05-05
8877689391,2016-05-05 20:00:00,65.07552083333333,56,81,384,20,2016-05-05
8877689391,2016-05-05 21:00:00,63.40898345153664,53,91,423,21,2016-05-05
8877689391,2016-05-05 22:00:00,64.23255813953489,55,76,43,22,2016-05-05
8877689391,2016-05-06 06:00:00,80.77941176470588,66,96,68,6,2016-05-06
8877689391,2016-05-06 07:00:00,76.40416666666667,59,108,480,7,2016-05-06
8877689391,2016-05-06 08:00:00,70.1525054466231,52,111,459,8,2016-05-06
8877689391,2016-05-06 09:00:00,67.5939675174014,51,116,431,9,2016-05-06
8877689391,2016-05-06 10:00:00,61.443127962085306,53,89,422,10,2016-05-06
8877689391,2016-05-06 11:00:00,69.13394919168591,47,118,433,11,2016-05-06
8877689391,2016-05-06 12:00:00,82.17006802721089,53,122,441,12,2016-05-06
8877689391,2016-05-06 13:00:00,72.05109489051095,54,101,411,13,2016-05-06
8877689391,2016-05-06 14:00:00,151.3512767425811,93,177,1449,14,2016-05-06
8877689391,2016-05-06 15:00:00,93.2874109263658,66,128,421,15,2016-05-06
8877689391,2016-05-06 16:00:00,101.47311827956989,76,129,465,16,2016-05-06
8877689391,2016-05-06 17:00:00,91.80048661800487,74,110,411,17,2016-05-06
8877689391,2016-05-06 18:00:00,86.34368070953437,72,104,451,18,2016-05-06
8877689391,2016-05-06 19:00:00,88.31111111111112,65,104,225,19,2016-05-06
8877689391,2016-05-06 20:00:00,78.44547563805105,70,94,431,20,2016-05-06
8877689391,2016-05-06 21:00:00,75.85150812064965,65,96,431,21,2016-05-06
8877689391,2016-05-06 22:00:00,74.32188841201717,69,94,233,22,2016-05-06
8877689391,2016-05-07 08:00:00,78.63859649122807,58,93,285,8,2016-05-07
8877689391,2016-05-07 09:00:00,80.74213836477988,57,105,477,9,2016-05-07
8877689391,2016-05-07 10:00:00,79.3283261802575,56,104,466,10,2016-05-07
8877689391,2016-05-07 11:00:00,72.37820512820512,58,93,468,11,2016-05-07
8877689391,2016-05-07 12:00:00,138.34195402298852,74,166,1392,12,2016-05-07
8877689391,2016-05-07 13:00:00,137.3320895522388,109,164,1876,13,2016-05-07
8877689391,2016-05-07 14:00:00,88.10483870967742,70,134,372,14,2016-05-07
8877689391,2016-05-07 15:00:00,82.35545023696683,70,104,422,15,2016-05-07
8877689391,2016-05-07 16:00:00,73.9933628318584,56,89,452,16,2016-05-07
8877689391,2016-05-07 17:00:00,75.0187891440501,59,113,479,17,2016-05-07
8877689391,2016-05-07 18:00:00,76.26116071428571,62,102,448,18,2016-05-07
8877689391,2016-05-07 19:00:00,79.84543325526933,69,97,427,19,2016-05-07
8877689391,2016-05-07 20:00:00,78.80561555075595,65,104,463,20,2016-05-07
8877689391,2016-05-07 21:00:00,78.20666666666666,66,96,450,21,2016-05-07
8877689391,2016-05-07 22:00:00,88.98648648648648,64,121,222,22,2016-05-07
8877689391,2016-05-08 07:00:00,80.99358974358974,63,101,156,7,2016-05-08
8877689391,2016-05-08 08:00:00,71.95899772209567,60,103,439,8,2016-05-08
8877689391,2016-05-08 09:00:00,67.6798245614035,55,87,456,9,2016-05-08
8877689391,2016-05-08 10:00:00,64.97374179431073,54,74,457,10,2016-05-08
8877689391,2016-05-08 11:00:00,68.7590618336887,55,110,469,11,2016-05-08
8877689391,2016-05-08 12:00:00,70.29665071770334,57,109,418,12,2016-05-08
8877689391,2016-05-08 13:00:00,68.69094922737307,56,89,453,13,2016-05-08
8877689391,2016-05-08 14:00:00,73.1198347107438,64,101,484,14,2016-05-08
8877689391,2016-05-08 15:00:00,76.56716417910448,62,112,469,15,2016-05-08
8877689391,2016-05-08 16:00:00,73.93896713615024,61,95,426,16,2016-05-08
8877689391,2016-05-08 17:00:00,80.8409090909091,59,137,484,17,2016-05-08
8877689391,2016-05-08 18:00:00,73.06553911205074,56,131,473,18,2016-05-08
8877689391,2016-05-08 19:00:00,68.20253164556962,58,84,395,19,2016-05-08
8877689391,2016-05-08 20:00:00,68.31308411214954,58,101,428,20,2016-05-08
8877689391,2016-05-08 21:00:00,86.73989898989899,62,124,396,21,2016-05-08
8877689391,2016-05-09 06:00:00,88.14598540145985,68,124,137,6,2016-05-09
8877689391,2016-05-09 07:00:00,71.01199040767386,58,96,417,7,2016-05-09
8877689391,2016-05-09 08:00:00,65.15184381778742,52,96,461,8,2016-05-09
8877689391,2016-05-09 09:00:00,63.80788177339902,51,113,406,9,2016-05-09
8877689391,2016-05-09 10:00:00,64.02466367713005,51,91,446,10,2016-05-09
8877689391,2016-05-09 11:00:00,76.37319587628866,53,113,485,11,2016-05-09
8877689391,2016-05-09 12:00:00,79.38383838383838,55,136,495,12,2016-05-09
8877689391,2016-05-09 13:00:00,67.61725663716814,54,109,452,13,2016-05-09
8877689391,2016-05-09 14:00:00,68.14678899082568,55,97,436,14,2016-05-09
8877689391,2016-05-09 15:00:00,71.01805869074492,55,105,443,15,2016-05-09
8877689391,2016-05-09 16:00:00,148.10036496350364,70,173,1096,16,2016-05-09
8877689391,2016-05-09 17:00:00,134.3072,77,176,625,17,2016-05-09
8877689391,2016-05-09 18:00:00,84.82776349614396,66,98,389,18,2016-05-09
8877689391,2016-05-09 19:00:00,86.61336515513126,75,111,419,19,2016-05-09
8877689391,2016-05-09 20:00:00,83.37220843672456,73,101,403,20,2016-05-09
8877689391,2016-05-09 21:00:00,76.43809523809524,64,93,420,21,2016-05-09
8877689391,2016-05-09 22:00:00,81.0609756097561,68,88,82,22,2016-05-09
8877689391,2016-05-10 06:00:00,79.62162162162163,70,87,37,6,2016-05-10
8877689391,2016-05-10 07:00:00,72.13755458515284,59,90,458,7,2016-05-10
8877689391,2016-05-10 08:00:00,67.49213483146067,53,105,445,8,2016-05-10
8877689391,2016-05-10 09:00:00,65.30864197530865,50,99,405,9,2016-05-10
8877689391,2016-05-10 10:00:00,74.06911447084234,58,131,463,10,2016-05-10
8877689391,2016-05-10 11:00:00,68.35523114355232,57,103,411,11,2016-05-10
8877689391,2016-05-10 12:00:00,86.00435729847494,55,141,459,12,2016-05-10
8877689391,2016-05-10 13:00:00,66.2234762979684,56,102,443,13,2016-05-10
8877689391,2016-05-10 14:00:00,63.45727482678984,53,87,433,14,2016-05-10
8877689391,2016-05-10 15:00:00,62.75524475524475,53,95,429,15,2016-05-10
8877689391,2016-05-10 16:00:00,70.004914004914,54,91,407,16,2016-05-10
8877689391,2016-05-10 17:00:00,72.61139896373057,63,88,386,17,2016-05-10
8877689391,2016-05-10 18:00:00,72.65753424657534,57,99,365,18,2016-05-10
8877689391,2016-05-10 19:00:00,70.34074074074074,60,80,405,19,2016-05-10
8877689391,2016-05-10 20:00:00,83.34261241970022,61,141,467,20,2016-05-10
8877689391,2016-05-10 21:00:00,78.87336244541484,64,112,229,21,2016-05-10
8877689391,2016-05-11 06:00:00,77.12,63,85,25,6,2016-05-11
8877689391,2016-05-11 07:00:00,69.1941309255079,57,95,443,7,2016-05-11
8877689391,2016-05-11 08:00:00,66.79961832061069,53,105,524,8,2016-05-11
8877689391,2016-05-11 09:00:00,67.2247191011236,53,102,445,9,2016-05-11
8877689391,2016-05-11 10:00:00,64.63963963963964,55,85,444,10,2016-05-11
8877689391,2016-05-11 11:00:00,72.22374429223744,50,104,438,11,2016-05-11
8877689391,2016-05-11 12:00:00,103.73831775700934,58,169,535,12,2016-05-11
8877689391,2016-05-11 13:00:00,64.06293706293707,52,114,429,13,2016-05-11
8877689391,2016-05-11 14:00:00,57.51776649746193,53,73,394,14,2016-05-11
8877689391,2016-05-11 15:00:00,61.43990384615385,48,98,416,15,2016-05-11
8877689391,2016-05-11 16:00:00,110.47698744769875,50,163,717,16,2016-05-11
8877689391,2016-05-11 17:00:00,161.50727272727272,90,180,1100,17,2016-05-11
8877689391,2016-05-11 18:00:00,85.59808612440192,65,108,418,18,2016-05-11
8877689391,2016-05-11 19:00:00,83.68181818181819,72,102,440,19,2016-05-11
8877689391,2016-05-11 20:00:00,80.31130063965885,69,101,469,20,2016-05-11
8877689391,2016-05-11 21:00:00,74.81165919282512,66,90,446,21,2016-05-11
8877689391,2016-05-11 22:00:00,69.12173913043478,59,83,230,22,2016-05-11
8877689391,2016-05-12 06:00:00,88.6,68,99,105,6,2016-05-12
8877689391,2016-05-12 07:00:00,74.83870967741936,60,95,434,7,2016-05-12
8877689391,2016-05-12 08:00:00,65.86175115207374,53,103,434,8,2016-05-12
8877689391,2016-05-12 09:00:00,63.48373101952278,56,101,461,9,2016-05-12
8877689391,2016-05-12 10:00:00,68.73350253807106,58,119,394,10,2016-05-12
8877689391,2016-05-12 11:00:00,72.03010752688172,54,102,465,11,2016-05-12
8877689391,2016-05-12 12:00:00,87.61471861471861,60,122,462,12,2016-05-12
8877689391,2016-05-12 13:00:00,64.73770491803279,54,99,427,13,2016-05-12
8877689391,2016-05-12 14:00:00,64.61702127659575,53,115,329,14,2016-05-12
